payload,vpa,known_psp_suffix,entropy,digit_ratio,local_part_len,has_amount,amount,has_suspicious_keyword,label
upi://pay?pa=paytrn95@kotak&pn=Prize%20Center&cu=INR&tn=suspend,paytrn95@kotak,1,3.0,0.25,8,0,0.0,1,1
upi://pay?pa=6920364983@axl&pn=Prize%20Center&cu=INR,6920364983@axl,1,2.722,1.0,10,0,0.0,0,1
upi://pay?pa=paytrn393@apl&pn=Refund%20Team&cu=INR&tn=reward,paytrn393@apl,1,2.948,0.333,9,0,0.0,1,1
upi://pay?pa=4421971379@hdfcbank&pn=Refund%20Team&cu=INR&am=2.11&tn=suspend,4421971379@hdfcbank,1,2.522,1.0,10,1,2.11,1,1
upi://pay?pa=626080554@okicici&pn=KYC%20Support&cu=INR&am=2.7&tn=verify-now,626080554@okicici,1,2.503,1.0,9,1,2.7,1,1
upi://pay?pa=7311357402@idfcbank&pn=Priya%20Singh&cu=INR,7311357402@idfcbank,1,2.722,1.0,10,0,0.0,0,0
upi://pay?pa=9117872239@kotak&pn=Prize%20Center&cu=INR&tn=refund,9117872239@kotak,1,2.522,1.0,10,0,0.0,1,1
upi://pay?pa=support60@refund-upi&pn=KYC%20Support&cu=INR&tn=blocked,support60@refund-upi,0,2.948,0.222,9,0,0.0,1,1
upi://pay?pa=goog1e-pay465@kotak&pn=Refund%20Team&cu=INR&tn=verify-now,goog1e-pay465@kotak,1,3.393,0.308,13,0,0.0,1,1
upi://pay?pa=um8smqp72t@hdfcbank&pn=Refund%20Team&cu=INR&am=3.72&tn=winner,um8smqp72t@hdfcbank,1,3.122,0.3,10,1,3.72,1,1
upi://pay?pa=merchant.6797@oksbi&pn=Sharma%20Kirana%20Store&cu=INR,merchant.6797@oksbi,1,3.547,0.308,13,0,0.0,0,0
upi://pay?pa=8615468716@upi&pn=Green%20Grocers&cu=INR&am=1458.24,8615468716@upi,1,2.446,1.0,10,1,1458.24,0,0
upi://pay?pa=h4er3urev2z@kotak&pn=Verify%20Account&cu=INR&tn=kyc,h4er3urev2z@kotak,1,3.096,0.273,11,0,0.0,1,1
upi://pay?pa=merchant.1769@upi&pn=Priya%20Singh&cu=INR&am=2821.11,merchant.1769@upi,1,3.7,0.308,13,1,2821.11,0,0
upi://pay?pa=merchant.9808@ybl&pn=Sharma%20Kirana%20Store&cu=INR,merchant.9808@ybl,1,3.547,0.308,13,0,0.0,0,0
upi://pay?pa=goog1e-pay625@ibl&pn=Cashback%20Desk&cu=INR&am=2.0&tn=kyc,goog1e-pay625@ibl,1,3.393,0.308,13,1,2.0,1,1
upi://pay?pa=gi9uolgld7d@okicici&pn=Cashback%20Desk&cu=INR&tn=lottery,gi9uolgld7d@okicici,1,2.914,0.182,11,0,0.0,1,1
upi://pay?pa=7497126699@ybl&pn=Priya%20Singh&cu=INR,7497126699@ybl,1,2.446,1.0,10,0,0.0,0,0
upi://pay?pa=paytrn717@paytm&pn=Cashback%20Desk&cu=INR,paytrn717@paytm,1,2.948,0.333,9,0,0.0,0,1
upi://pay?pa=merchant.6811@jio&pn=Om%20Traders&cu=INR,merchant.6811@jio,1,3.547,0.308,13,0,0.0,0,0
upi://pay?pa=x4z5w67faayfai@axl&pn=Cashback%20Desk&cu=INR&am=1.1&tn=winner,x4z5w67faayfai@axl,1,3.325,0.286,14,1,1.1,1,1
upi://pay?pa=merchant.1976@idfcbank&pn=Priya%20Singh&cu=INR,merchant.1976@idfcbank,1,3.7,0.308,13,0,0.0,0,0
upi://pay?pa=6009314097@paytm&pn=Refund%20Team&cu=INR&am=1.23&tn=suspend,6009314097@paytm,1,2.646,1.0,10,1,1.23,1,1
upi://pay?pa=6031038259@kotak&pn=Rahul%20Sharma&cu=INR,6031038259@kotak,1,2.922,1.0,10,0,0.0,0,0
upi://pay?pa=5135581919@ibl&pn=Verify%20Account&cu=INR&am=3.27&tn=kyc,5135581919@ibl,1,2.171,1.0,10,1,3.27,1,1
upi://pay?pa=merchant.219@okicici&pn=Rahul%20Sharma&cu=INR&am=2136.39,merchant.219@okicici,1,3.585,0.25,12,1,2136.39,0,0
upi://pay?pa=merchant.1630@ibl&pn=Priya%20Singh&cu=INR,merchant.1630@ibl,1,3.7,0.308,13,0,0.0,0,0
upi://pay?pa=goog1e-pay528@idfcbank&pn=Prize%20Center&cu=INR&tn=suspend,goog1e-pay528@idfcbank,1,3.393,0.308,13,0,0.0,1,1
upi://pay?pa=merchant.1683@okhdfcbank&pn=Priya%20Singh&cu=INR&am=4927.81,merchant.1683@okhdfcbank,1,3.7,0.308,13,1,4927.81,0,0
upi://pay?pa=sunita.devi@apl&pn=Green%20Grocers&cu=INR,sunita.devi@apl,1,3.278,0.0,11,0,0.0,0,0
upi://pay?pa=h4mqwe12iu@okhdfcbank&pn=Verify%20Account&cu=INR&tn=cashback,h4mqwe12iu@okhdfcbank,1,3.322,0.3,10,0,0.0,1,1
upi://pay?pa=phcnpe720@axl&pn=Prize%20Center&cu=INR&am=2.71&tn=winner,phcnpe720@axl,1,2.948,0.333,9,1,2.71,1,1
upi://pay?pa=kyc-team52@xn--upi&pn=Prize%20Center&cu=INR&tn=refund,kyc-team52@xn--upi,0,3.322,0.2,10,0,0.0,1,1
upi://pay?pa=68po55qy6orre@apl&pn=Verify%20Account&cu=INR&tn=refund,68po55qy6orre@apl,1,3.085,0.385,13,0,0.0,1,1
upi://pay?pa=8610929406@idfcbank&pn=Priya%20Singh&cu=INR,8610929406@idfcbank,1,2.722,1.0,10,0,0.0,0,0
upi://pay?pa=rahul.sharma@okicici&pn=Priya%20Singh&cu=INR&am=4807.48,rahul.sharma@okicici,1,2.855,0.0,12,1,4807.48,0,0
upi://pay?pa=idr6k3lyyz7prt@oksbi&pn=Prize%20Center&cu=INR&tn=blocked,idr6k3lyyz7prt@oksbi,1,3.522,0.214,14,0,0.0,1,1
upi://pay?pa=9095132695@ybl&pn=Prize%20Center&cu=INR&tn=suspend,9095132695@ybl,1,2.646,1.0,10,0,0.0,1,1
upi://pay?pa=merchant.1858@kotak&pn=Om%20Traders&cu=INR,merchant.1858@kotak,1,3.547,0.308,13,0,0.0,0,0
upi://pay?pa=6384695916@kotak&pn=Cashback%20Desk&cu=INR&am=3.94&tn=blocked,6384695916@kotak,1,2.646,1.0,10,1,3.94,1,1
upi://pay?pa=priya123@jio&pn=Om%20Traders&cu=INR,priya123@jio,1,3.0,0.375,8,0,0.0,0,0
upi://pay?pa=priya123@okicici&pn=Priya%20Singh&cu=INR&am=4722.17,priya123@okicici,1,3.0,0.375,8,1,4722.17,0,0
upi://pay?pa=vendor.shop@okaxis&pn=Priya%20Singh&cu=INR,vendor.shop@okaxis,1,3.278,0.0,11,0,0.0,0,0
upi://pay?pa=9856593038@ibl&pn=Auto%20Rickshaw%20Stand&cu=INR,9856593038@ibl,1,2.522,1.0,10,0,0.0,0,0
upi://pay?pa=jwavlfdjyujjv8lr@idfcbank&pn=Verify%20Account&cu=INR&tn=suspend,jwavlfdjyujjv8lr@idfcbank,1,3.25,0.062,16,0,0.0,1,1
upi://pay?pa=y0xa0rk8cjr@okhdfcbank&pn=Refund%20Team&cu=INR&tn=urgent,y0xa0rk8cjr@okhdfcbank,1,3.096,0.273,11,0,0.0,1,1
upi://pay?pa=cashback34@pay-verify&pn=Verify%20Account&cu=INR&tn=kyc,cashback34@pay-verify,0,2.922,0.2,10,0,0.0,1,1
upi://pay?pa=7346406906@apl&pn=Sharma%20Kirana%20Store&cu=INR&am=4040.12,7346406906@apl,1,2.446,1.0,10,1,4040.12,0,0
upi://pay?pa=7762397336@kotak&pn=Cashback%20Desk&cu=INR&tn=verify-now,7762397336@kotak,1,2.171,1.0,10,0,0.0,1,1
upi://pay?pa=rahul.sharma@okhdfcbank&pn=City%20Cafe&cu=INR,rahul.sharma@okhdfcbank,1,2.855,0.0,12,0,0.0,0,0
upi://pay?pa=sunita.devi@axl&pn=City%20Cafe&cu=INR,sunita.devi@axl,1,3.278,0.0,11,0,0.0,0,0
upi://pay?pa=2193606845@hdfcbank&pn=Refund%20Team&cu=INR&tn=reward,2193606845@hdfcbank,1,3.122,1.0,10,0,0.0,1,1
upi://pay?pa=3944667948@upi&pn=KYC%20Support&cu=INR,3944667948@upi,1,2.446,1.0,10,0,0.0,0,1
upi://pay?pa=goog1e-pay51@jio&pn=Cashback%20Desk&cu=INR&tn=verify-now,goog1e-pay51@jio,1,3.085,0.25,12,0,0.0,1,1
upi://pay?pa=priya123@hdfcbank&pn=City%20Cafe&cu=INR,priya123@hdfcbank,1,3.0,0.375,8,0,0.0,0,0
upi://pay?pa=9697071731@kotak&pn=Auto%20Rickshaw%20Stand&cu=INR,9697071731@kotak,1,2.446,1.0,10,0,0.0,0,0
upi://pay?pa=sunita.devi@jio&pn=Auto%20Rickshaw%20Stand&cu=INR,sunita.devi@jio,1,3.278,0.0,11,0,0.0,0,0
upi://pay?pa=merchant.8139@kotak&pn=Om%20Traders&cu=INR&am=2191.57,merchant.8139@kotak,1,3.7,0.308,13,1,2191.57,0,0
upi://pay?pa=vendor.shop@okicici&pn=City%20Cafe&cu=INR,vendor.shop@okicici,1,3.278,0.0,11,0,0.0,0,0
upi://pay?pa=6464196524@upi&pn=Om%20Traders&cu=INR,6464196524@upi,1,2.371,1.0,10,0,0.0,0,0
upi://pay?pa=amit.kumar@okicici&pn=City%20Cafe&cu=INR,amit.kumar@okicici,1,2.922,0.0,10,0,0.0,0,0
upi://pay?pa=merchant.6871@hdfcbank&pn=Rahul%20Sharma&cu=INR,merchant.6871@hdfcbank,1,3.7,0.308,13,0,0.0,0,0
upi://pay?pa=fzdtc5paygaa70t@okicici&pn=Verify%20Account&cu=INR&tn=kyc,fzdtc5paygaa70t@okicici,1,3.457,0.2,15,0,0.0,1,1
upi://pay?pa=goog1e-pay266@paytm&pn=Refund%20Team&cu=INR&tn=cashback,goog1e-pay266@paytm,1,3.239,0.308,13,0,0.0,1,1
upi://pay?pa=rahul.sharma@oksbi&pn=Priya%20Singh&cu=INR,rahul.sharma@oksbi,1,2.855,0.0,12,0,0.0,0,0
upi://pay?pa=support59@pay-verify&pn=KYC%20Support&cu=INR&tn=cashback,support59@pay-verify,0,2.948,0.222,9,0,0.0,1,1
upi://pay?pa=priya123@apl&pn=Rahul%20Sharma&cu=INR,priya123@apl,1,3.0,0.375,8,0,0.0,0,0
upi://pay?pa=merchant.6250@idfcbank&pn=Priya%20Singh&cu=INR&am=3465.14,merchant.6250@idfcbank,1,3.7,0.308,13,1,3465.14,0,0
upi://pay?pa=lsul8snw74yrtu7@oksbi&pn=Verify%20Account&cu=INR&tn=verify-now,lsul8snw74yrtu7@oksbi,1,3.374,0.267,15,0,0.0,1,1
upi://pay?pa=8468241289@okhdfcbank&pn=Green%20Grocers&cu=INR,8468241289@okhdfcbank,1,2.446,1.0,10,0,0.0,0,0
upi://pay?pa=merchant.4234@ibl&pn=Om%20Traders&cu=INR,merchant.4234@ibl,1,3.547,0.308,13,0,0.0,0,0
upi://pay?pa=fejrk2lbimn@idfcbank&pn=Prize%20Center&cu=INR&tn=reward,fejrk2lbimn@idfcbank,1,3.459,0.091,11,0,0.0,1,1
upi://pay?pa=sunita.devi@okaxis&pn=City%20Cafe&cu=INR,sunita.devi@okaxis,1,3.278,0.0,11,0,0.0,0,0
upi://pay?pa=0azp79uvhsdux5@jio&pn=Verify%20Account&cu=INR&am=2.16&tn=blocked,0azp79uvhsdux5@jio,1,3.664,0.286,14,1,2.16,1,1
upi://pay?pa=refund42@secure-pay&pn=Prize%20Center&cu=INR&tn=lottery,refund42@secure-pay,0,3.0,0.25,8,0,0.0,1,1
upi://pay?pa=merchant.4273@okaxis&pn=Green%20Grocers&cu=INR,merchant.4273@okaxis,1,3.7,0.308,13,0,0.0,0,0
upi://pay?pa=9110133535@oksbi&pn=City%20Cafe&cu=INR&am=787.61,9110133535@oksbi,1,2.171,1.0,10,1,787.61,0,0
upi://pay?pa=merchant.6139@axl&pn=City%20Cafe&cu=INR,merchant.6139@axl,1,3.7,0.308,13,0,0.0,0,0
upi://pay?pa=6843321095@okaxis&pn=Sharma%20Kirana%20Store&cu=INR&am=183.31,6843321095@okaxis,1,3.122,1.0,10,1,183.31,0,0
upi://pay?pa=paytrn424@idfcbank&pn=Cashback%20Desk&cu=INR&tn=kyc,paytrn424@idfcbank,1,2.948,0.333,9,0,0.0,1,1
upi://pay?pa=8153426357@oksbi&pn=Green%20Grocers&cu=INR,8153426357@oksbi,1,2.922,1.0,10,0,0.0,0,0
upi://pay?pa=priya123@hdfcbank&pn=Om%20Traders&cu=INR&am=3164.14,priya123@hdfcbank,1,3.0,0.375,8,1,3164.14,0,0
upi://pay?pa=vendor.shop@kotak&pn=Green%20Grocers&cu=INR,vendor.shop@kotak,1,3.278,0.0,11,0,0.0,0,0
upi://pay?pa=priya123@okicici&pn=Sharma%20Kirana%20Store&cu=INR&am=3740.21,priya123@okicici,1,3.0,0.375,8,1,3740.21,0,0
upi://pay?pa=refund73@secure-pay&pn=Verify%20Account&cu=INR&tn=blocked,refund73@secure-pay,0,3.0,0.25,8,0,0.0,1,1
upi://pay?pa=995082974@ibl&pn=Cashback%20Desk&cu=INR&am=2.92,995082974@ibl,1,2.642,1.0,9,1,2.92,0,1
upi://pay?pa=merchant.1453@oksbi&pn=Rahul%20Sharma&cu=INR,merchant.1453@oksbi,1,3.7,0.308,13,0,0.0,0,0
upi://pay?pa=kyc-team62@secure-pay&pn=Refund%20Team&cu=INR&tn=blocked,kyc-team62@secure-pay,0,3.322,0.2,10,0,0.0,1,1
upi://pay?pa=goog1e-pay73@okaxis&pn=Verify%20Account&cu=INR&am=2.08,goog1e-pay73@okaxis,1,3.252,0.25,12,1,2.08,0,1
upi://pay?pa=goog1e-pay757@idfcbank&pn=KYC%20Support&cu=INR&am=1.93&tn=refund,goog1e-pay757@idfcbank,1,3.239,0.308,13,1,1.93,1,1
upi://pay?pa=goog1e-pay15@ybl&pn=Prize%20Center&cu=INR&tn=blocked,goog1e-pay15@ybl,1,3.085,0.25,12,0,0.0,1,1
upi://pay?pa=s7gfm9nrauz@hdfcbank&pn=Refund%20Team&cu=INR&am=4.51&tn=refund,s7gfm9nrauz@hdfcbank,1,3.459,0.182,11,1,4.51,1,1
upi://pay?pa=phcnpe643@jio&pn=Verify%20Account&cu=INR&am=2.84&tn=kyc,phcnpe643@jio,1,2.948,0.333,9,1,2.84,1,1
upi://pay?pa=cashback98@kyc-update&pn=Verify%20Account&cu=INR&tn=suspend,cashback98@kyc-update,0,2.922,0.2,10,0,0.0,1,1
upi://pay?pa=1433190136@oksbi&pn=Cashback%20Desk&cu=INR&tn=kyc,1433190136@oksbi,1,2.371,1.0,10,0,0.0,1,1
upi://pay?pa=merchant.1236@ibl&pn=City%20Cafe&cu=INR&am=958.64,merchant.1236@ibl,1,3.7,0.308,13,1,958.64,0,0
upi://pay?pa=paytrn960@kotak&pn=Cashback%20Desk&cu=INR&am=2.0,paytrn960@kotak,1,3.17,0.333,9,1,2.0,0,1
upi://pay?pa=cashback70@kyc-update&pn=Prize%20Center&cu=INR&am=2.77&tn=suspend,cashback70@kyc-update,0,2.922,0.2,10,1,2.77,1,1
upi://pay?pa=9436464141@okicici&pn=KYC%20Support&cu=INR&tn=kyc,9436464141@okicici,1,2.122,1.0,10,0,0.0,1,1
upi://pay?pa=phcnpe445@upi&pn=Cashback%20Desk&cu=INR&am=4.65&tn=refund,phcnpe445@upi,1,2.725,0.333,9,1,4.65,1,1
upi://pay?pa=6954116189@okaxis&pn=Prize%20Center&cu=INR&tn=blocked,6954116189@okaxis,1,2.446,1.0,10,0,0.0,1,1
upi://pay?pa=6401592835@jio&pn=Auto%20Rickshaw%20Stand&cu=INR&am=2340.07,6401592835@jio,1,3.122,1.0,10,1,2340.07,0,0
upi://pay?pa=merchant.6970@jio&pn=City%20Cafe&cu=INR,merchant.6970@jio,1,3.7,0.308,13,0,0.0,0,0
upi://pay?pa=merchant.2170@okhdfcbank&pn=City%20Cafe&cu=INR&am=1906.43,merchant.2170@okhdfcbank,1,3.7,0.308,13,1,1906.43,0,0
upi://pay?pa=merchant.8747@idfcbank&pn=Om%20Traders&cu=INR,merchant.8747@idfcbank,1,3.547,0.308,13,0,0.0,0,0
upi://pay?pa=goog1e-pay751@ibl&pn=Prize%20Center&cu=INR&tn=refund,goog1e-pay751@ibl,1,3.239,0.308,13,0,0.0,1,1
upi://pay?pa=8031234664@okhdfcbank&pn=KYC%20Support&cu=INR&tn=urgent,8031234664@okhdfcbank,1,2.722,1.0,10,0,0.0,1,1
upi://pay?pa=priya123@okicici&pn=Rahul%20Sharma&cu=INR&am=2431.31,priya123@okicici,1,3.0,0.375,8,1,2431.31,0,0
upi://pay?pa=sunita.devi@oksbi&pn=Sharma%20Kirana%20Store&cu=INR,sunita.devi@oksbi,1,3.278,0.0,11,0,0.0,0,0
upi://pay?pa=3662372648@idfcbank&pn=Refund%20Team&cu=INR&am=1.69&tn=lottery,3662372648@idfcbank,1,2.446,1.0,10,1,1.69,1,1
upi://pay?pa=merchant.9925@okhdfcbank&pn=Auto%20Rickshaw%20Stand&cu=INR,merchant.9925@okhdfcbank,1,3.547,0.308,13,0,0.0,0,0
upi://pay?pa=merchant.2632@jio&pn=Auto%20Rickshaw%20Stand&cu=INR,merchant.2632@jio,1,3.547,0.308,13,0,0.0,0,0
upi://pay?pa=merchant.5412@axl&pn=Sharma%20Kirana%20Store&cu=INR&am=4879.75,merchant.5412@axl,1,3.7,0.308,13,1,4879.75,0,0
upi://pay?pa=merchant.4167@kotak&pn=Auto%20Rickshaw%20Stand&cu=INR&am=3312.68,merchant.4167@kotak,1,3.7,0.308,13,1,3312.68,0,0
upi://pay?pa=2488842672@hdfcbank&pn=Prize%20Center&cu=INR&am=3.3&tn=reward,2488842672@hdfcbank,1,2.171,1.0,10,1,3.3,1,1
upi://pay?pa=6733414745@axl&pn=KYC%20Support&cu=INR&am=1.88&tn=blocked,6733414745@axl,1,2.446,1.0,10,1,1.88,1,1
upi://pay?pa=support52@secure-pay&pn=Prize%20Center&cu=INR&tn=suspend,support52@secure-pay,0,2.948,0.222,9,0,0.0,1,1
upi://pay?pa=9444113865@axl&pn=Sharma%20Kirana%20Store&cu=INR,9444113865@axl,1,2.646,1.0,10,0,0.0,0,0
upi://pay?pa=amit.kumar@apl&pn=Auto%20Rickshaw%20Stand&cu=INR,amit.kumar@apl,1,2.922,0.0,10,0,0.0,0,0
upi://pay?pa=cashback9@pay-verify&pn=Verify%20Account&cu=INR&tn=winner,cashback9@pay-verify,0,2.725,0.111,9,0,0.0,1,1
upi://pay?pa=06u00dmdlm9n@upi&pn=Prize%20Center&cu=INR&am=2.02&tn=winner,06u00dmdlm9n@upi,1,2.855,0.417,12,1,2.02,1,1
upi://pay?pa=1249873330@ybl&pn=Verify%20Account&cu=INR&am=2.12&tn=kyc,1249873330@ybl,1,2.846,1.0,10,1,2.12,1,1
upi://pay?pa=9255452233@okaxis&pn=Refund%20Team&cu=INR&tn=urgent,9255452233@okaxis,1,2.171,1.0,10,0,0.0,1,1
upi://pay?pa=phcnpe378@oksbi&pn=KYC%20Support&cu=INR&tn=winner,phcnpe378@oksbi,1,2.948,0.333,9,0,0.0,1,1
upi://pay?pa=phcnpe280@hdfcbank&pn=Cashback%20Desk&cu=INR&tn=suspend,phcnpe280@hdfcbank,1,2.948,0.333,9,0,0.0,1,1
upi://pay?pa=refund80@secure-pay&pn=Prize%20Center&cu=INR&am=3.67&tn=cashback,refund80@secure-pay,0,3.0,0.25,8,1,3.67,1,1
upi://pay?pa=cs1uyszded8wge3@idfcbank&pn=Verify%20Account&cu=INR,cs1uyszded8wge3@idfcbank,1,3.507,0.2,15,0,0.0,0,1
upi://pay?pa=7963790638@apl&pn=City%20Cafe&cu=INR,7963790638@apl,1,2.522,1.0,10,0,0.0,0,0
upi://pay?pa=amit.kumar@kotak&pn=Rahul%20Sharma&cu=INR,amit.kumar@kotak,1,2.922,0.0,10,0,0.0,0,0
upi://pay?pa=priya123@okicici&pn=Priya%20Singh&cu=INR,priya123@okicici,1,3.0,0.375,8,0,0.0,0,0
upi://pay?pa=merchant.294@kotak&pn=Om%20Traders&cu=INR,merchant.294@kotak,1,3.585,0.25,12,0,0.0,0,0
upi://pay?pa=sunita.devi@apl&pn=Rahul%20Sharma&cu=INR,sunita.devi@apl,1,3.278,0.0,11,0,0.0,0,0
upi://pay?pa=sunita.devi@upi&pn=Auto%20Rickshaw%20Stand&cu=INR,sunita.devi@upi,1,3.278,0.0,11,0,0.0,0,0
upi://pay?pa=rahul.sharma@oksbi&pn=Sharma%20Kirana%20Store&cu=INR&am=4262.95,rahul.sharma@oksbi,1,2.855,0.0,12,1,4262.95,0,0
upi://pay?pa=8456709521@jio&pn=Sharma%20Kirana%20Store&cu=INR,8456709521@jio,1,3.122,1.0,10,0,0.0,0,0
upi://pay?pa=5152446403@kotak&pn=Prize%20Center&cu=INR&tn=refund,5152446403@kotak,1,2.646,1.0,10,0,0.0,1,1
upi://pay?pa=rahul.sharma@paytm&pn=Auto%20Rickshaw%20Stand&cu=INR&am=2815.04,rahul.sharma@paytm,1,2.855,0.0,12,1,2815.04,0,0
upi://pay?pa=phcnpe281@apl&pn=Refund%20Team&cu=INR&tn=lottery,phcnpe281@apl,1,2.948,0.333,9,0,0.0,1,1
upi://pay?pa=amit.kumar@paytm&pn=Green%20Grocers&cu=INR,amit.kumar@paytm,1,2.922,0.0,10,0,0.0,0,0
upi://pay?pa=9978909625@jio&pn=Refund%20Team&cu=INR&tn=blocked,9978909625@jio,1,2.522,1.0,10,0,0.0,1,1
upi://pay?pa=merchant.3133@upi&pn=Om%20Traders&cu=INR,merchant.3133@upi,1,3.335,0.308,13,0,0.0,0,0
upi://pay?pa=support33@xn--upi&pn=Verify%20Account&cu=INR&tn=suspend,support33@xn--upi,0,2.725,0.222,9,0,0.0,1,1
upi://pay?pa=refund64@refund-upi&pn=KYC%20Support&cu=INR&tn=verify-now,refund64@refund-upi,0,3.0,0.25,8,0,0.0,1,1
upi://pay?pa=phcnpe514@kotak&pn=Refund%20Team&cu=INR&tn=winner,phcnpe514@kotak,1,2.948,0.333,9,0,0.0,1,1
upi://pay?pa=phcnpe198@axl&pn=Refund%20Team&cu=INR&am=2.38&tn=verify-now,phcnpe198@axl,1,2.948,0.333,9,1,2.38,1,1
upi://pay?pa=sunita.devi@ibl&pn=Om%20Traders&cu=INR&am=2833.71,sunita.devi@ibl,1,3.278,0.0,11,1,2833.71,0,0
upi://pay?pa=bjm2gk9jyfdmow@okicici&pn=Verify%20Account&cu=INR&am=1.85&tn=winner,bjm2gk9jyfdmow@okicici,1,3.522,0.143,14,1,1.85,1,1
upi://pay?pa=v46mu62oedr9r@ybl&pn=Prize%20Center&cu=INR&am=2.45&tn=winner,v46mu62oedr9r@ybl,1,3.393,0.385,13,1,2.45,1,1
upi://pay?pa=cashback85@secure-pay&pn=KYC%20Support&cu=INR&am=1.19&tn=blocked,cashback85@secure-pay,0,2.922,0.2,10,1,1.19,1,1
upi://pay?pa=rahul.sharma@idfcbank&pn=Rahul%20Sharma&cu=INR,rahul.sharma@idfcbank,1,2.855,0.0,12,0,0.0,0,0
upi://pay?pa=od4p4e6fe81@oksbi&pn=Verify%20Account&cu=INR&am=3.62&tn=lottery,od4p4e6fe81@oksbi,1,3.096,0.455,11,1,3.62,1,1
upi://pay?pa=goog1e-pay631@upi&pn=KYC%20Support&cu=INR&am=1.94&tn=winner,goog1e-pay631@upi,1,3.239,0.308,13,1,1.94,1,1
upi://pay?pa=6242447651@ibl&pn=Rahul%20Sharma&cu=INR,6242447651@ibl,1,2.446,1.0,10,0,0.0,0,0
upi://pay?pa=merchant.8286@ybl&pn=Green%20Grocers&cu=INR,merchant.8286@ybl,1,3.547,0.308,13,0,0.0,0,0
upi://pay?pa=phcnpe38@ybl&pn=Verify%20Account&cu=INR&tn=verify-now,phcnpe38@ybl,1,2.75,0.25,8,0,0.0,1,1
upi://pay?pa=7892749115@oksbi&pn=Cashback%20Desk&cu=INR&am=2.71&tn=cashback,7892749115@oksbi,1,2.722,1.0,10,1,2.71,1,1
upi://pay?pa=7889470995@apl&pn=Prize%20Center&cu=INR&am=3.99&tn=cashback,7889470995@apl,1,2.446,1.0,10,1,3.99,1,1
upi://pay?pa=cbaots98iz3u81jc@idfcbank&pn=Cashback%20Desk&cu=INR&am=4.35&tn=urgent,cbaots98iz3u81jc@idfcbank,1,3.75,0.312,16,1,4.35,1,1
upi://pay?pa=9286377941@okicici&pn=Verify%20Account&cu=INR&am=2.92&tn=refund,9286377941@okicici,1,2.922,1.0,10,1,2.92,1,1
upi://pay?pa=kyc-team30@xn--upi&pn=Verify%20Account&cu=INR,kyc-team30@xn--upi,0,3.322,0.2,10,0,0.0,0,1
upi://pay?pa=9813635764@okhdfcbank&pn=Om%20Traders&cu=INR,9813635764@okhdfcbank,1,2.922,1.0,10,0,0.0,0,0
upi://pay?pa=refund55@kyc-update&pn=Prize%20Center&cu=INR&tn=verify-now,refund55@kyc-update,0,2.75,0.25,8,0,0.0,1,1
upi://pay?pa=7958494300@jio&pn=Om%20Traders&cu=INR,7958494300@jio,1,2.722,1.0,10,0,0.0,0,0
upi://pay?pa=tf7g2qehcbf0v@okaxis&pn=Refund%20Team&cu=INR&am=3.88&tn=lottery,tf7g2qehcbf0v@okaxis,1,3.547,0.231,13,1,3.88,1,1
upi://pay?pa=goog1e-pay662@okaxis&pn=Verify%20Account&cu=INR,goog1e-pay662@okaxis,1,3.239,0.308,13,0,0.0,0,1
upi://pay?pa=merchant.8344@hdfcbank&pn=City%20Cafe&cu=INR&am=1757.19,merchant.8344@hdfcbank,1,3.547,0.308,13,1,1757.19,0,0
upi://pay?pa=merchant.7467@apl&pn=Priya%20Singh&cu=INR,merchant.7467@apl,1,3.547,0.308,13,0,0.0,0,0
upi://pay?pa=paytrn941@axl&pn=Cashback%20Desk&cu=INR&am=4.66,paytrn941@axl,1,3.17,0.333,9,1,4.66,0,1
upi://pay?pa=3732562535@hdfcbank&pn=Prize%20Center&cu=INR&tn=urgent,3732562535@hdfcbank,1,2.171,1.0,10,0,0.0,1,1
upi://pay?pa=9721043139@hdfcbank&pn=City%20Cafe&cu=INR,9721043139@hdfcbank,1,2.722,1.0,10,0,0.0,0,0
upi://pay?pa=5jq4j90vb1@okaxis&pn=Verify%20Account&cu=INR&am=4.34&tn=cashback,5jq4j90vb1@okaxis,1,3.122,0.5,10,1,4.34,1,1
upi://pay?pa=dau8ezkxq8@idfcbank&pn=KYC%20Support&cu=INR&tn=verify-now,dau8ezkxq8@idfcbank,1,3.122,0.2,10,0,0.0,1,1
upi://pay?pa=amit.kumar@ybl&pn=Auto%20Rickshaw%20Stand&cu=INR&am=4258.59,amit.kumar@ybl,1,2.922,0.0,10,1,4258.59,0,0
upi://pay?pa=phcnpe3@oksbi&pn=Verify%20Account&cu=INR&tn=winner,phcnpe3@oksbi,1,2.522,0.143,7,0,0.0,1,1
upi://pay?pa=6179276130@idfcbank&pn=Sharma%20Kirana%20Store&cu=INR&am=197.29,6179276130@idfcbank,1,2.722,1.0,10,1,197.29,0,0
upi://pay?pa=9011561274@upi&pn=Auto%20Rickshaw%20Stand&cu=INR&am=2787.84,9011561274@upi,1,2.846,1.0,10,1,2787.84,0,0
upi://pay?pa=u09ie8jjfupm@upi&pn=Prize%20Center&cu=INR&am=2.25&tn=verify-now,u09ie8jjfupm@upi,1,3.252,0.25,12,1,2.25,1,1
upi://pay?pa=merchant.885@oksbi&pn=City%20Cafe&cu=INR,merchant.885@oksbi,1,3.418,0.25,12,0,0.0,0,0
upi://pay?pa=cashback65@secure-pay&pn=KYC%20Support&cu=INR,cashback65@secure-pay,0,2.922,0.2,10,0,0.0,0,1
upi://pay?pa=goog1e-pay788@oksbi&pn=Refund%20Team&cu=INR&tn=reward,goog1e-pay788@oksbi,1,3.239,0.308,13,0,0.0,1,1
upi://pay?pa=cashback36@xn--upi&pn=Verify%20Account&cu=INR,cashback36@xn--upi,0,2.922,0.2,10,0,0.0,0,1
upi://pay?pa=merchant.398@ibl&pn=Auto%20Rickshaw%20Stand&cu=INR,merchant.398@ibl,1,3.585,0.25,12,0,0.0,0,0
upi://pay?pa=7621028147@jio&pn=Sharma%20Kirana%20Store&cu=INR,7621028147@jio,1,2.722,1.0,10,0,0.0,0,0
upi://pay?pa=vendor.shop@okicici&pn=Green%20Grocers&cu=INR&am=3756.77,vendor.shop@okicici,1,3.278,0.0,11,1,3756.77,0,0
upi://pay?pa=support96@xn--upi&pn=KYC%20Support&cu=INR&am=3.63&tn=blocked,support96@xn--upi,0,2.948,0.222,9,1,3.63,1,1
upi://pay?pa=rahul.sharma@apl&pn=Auto%20Rickshaw%20Stand&cu=INR,rahul.sharma@apl,1,2.855,0.0,12,0,0.0,0,0
upi://pay?pa=8460745884@axl&pn=Cashback%20Desk&cu=INR&am=2.74,8460745884@axl,1,2.371,1.0,10,1,2.74,0,1
upi://pay?pa=goog1e-pay140@ibl&pn=KYC%20Support&cu=INR&tn=verify-now,goog1e-pay140@ibl,1,3.239,0.308,13,0,0.0,1,1
upi://pay?pa=amit.kumar@okicici&pn=Rahul%20Sharma&cu=INR&am=3123.44,amit.kumar@okicici,1,2.922,0.0,10,1,3123.44,0,0
upi://pay?pa=refund62@pay-verify&pn=Verify%20Account&cu=INR&am=1.38&tn=verify-now,refund62@pay-verify,0,3.0,0.25,8,1,1.38,1,1
upi://pay?pa=qpv2xn7yrpxt@jio&pn=Prize%20Center&cu=INR&am=2.18&tn=winner,qpv2xn7yrpxt@jio,1,3.252,0.167,12,1,2.18,1,1
upi://pay?pa=priya123@jio&pn=Priya%20Singh&cu=INR,priya123@jio,1,3.0,0.375,8,0,0.0,0,0
upi://pay?pa=cashback68@pay-verify&pn=Prize%20Center&cu=INR&am=4.45&tn=urgent,cashback68@pay-verify,0,2.922,0.2,10,1,4.45,1,1
upi://pay?pa=9353689019@hdfcbank&pn=Sharma%20Kirana%20Store&cu=INR,9353689019@hdfcbank,1,2.646,1.0,10,0,0.0,0,0
upi://pay?pa=8407275865@ibl&pn=Priya%20Singh&cu=INR,8407275865@ibl,1,2.722,1.0,10,0,0.0,0,0
upi://pay?pa=654610695@okicici&pn=Cashback%20Desk&cu=INR,654610695@okicici,1,2.419,1.0,9,0,0.0,0,1
upi://pay?pa=rahul.sharma@okicici&pn=Om%20Traders&cu=INR,rahul.sharma@okicici,1,2.855,0.0,12,0,0.0,0,0
upi://pay?pa=amit.kumar@apl&pn=Om%20Traders&cu=INR,amit.kumar@apl,1,2.922,0.0,10,0,0.0,0,0
upi://pay?pa=8735433372@oksbi&pn=Om%20Traders&cu=INR,8735433372@oksbi,1,2.322,1.0,10,0,0.0,0,0
upi://pay?pa=priya123@ibl&pn=Priya%20Singh&cu=INR&am=3716.15,priya123@ibl,1,3.0,0.375,8,1,3716.15,0,0
upi://pay?pa=7948514910@idfcbank&pn=Cashback%20Desk&cu=INR&tn=reward,7948514910@idfcbank,1,2.722,1.0,10,0,0.0,1,1
upi://pay?pa=9565385290@jio&pn=Green%20Grocers&cu=INR,9565385290@jio,1,2.646,1.0,10,0,0.0,0,0
upi://pay?pa=sunita.devi@axl&pn=Om%20Traders&cu=INR,sunita.devi@axl,1,3.278,0.0,11,0,0.0,0,0
upi://pay?pa=goog1e-pay508@paytm&pn=Verify%20Account&cu=INR&tn=kyc,goog1e-pay508@paytm,1,3.393,0.308,13,0,0.0,1,1
upi://pay?pa=hnj6gdtgcg8zf@kotak&pn=KYC%20Support&cu=INR&tn=refund,hnj6gdtgcg8zf@kotak,1,3.335,0.154,13,0,0.0,1,1
upi://pay?pa=6247977570@upi&pn=Green%20Grocers&cu=INR,6247977570@upi,1,2.522,1.0,10,0,0.0,0,0
upi://pay?pa=4101591397@idfcbank&pn=KYC%20Support&cu=INR&tn=winner,4101591397@idfcbank,1,2.646,1.0,10,0,0.0,1,1
upi://pay?pa=201215704@ibl&pn=Refund%20Team&cu=INR&tn=urgent,201215704@ibl,1,2.503,1.0,9,0,0.0,1,1
upi://pay?pa=7963081398@ibl&pn=Verify%20Account&cu=INR&am=3.81,7963081398@ibl,1,2.722,1.0,10,1,3.81,0,1
upi://pay?pa=6926059797@axl&pn=Green%20Grocers&cu=INR,6926059797@axl,1,2.446,1.0,10,0,0.0,0,0
upi://pay?pa=8145734365@okicici&pn=Rahul%20Sharma&cu=INR,8145734365@okicici,1,2.722,1.0,10,0,0.0,0,0
upi://pay?pa=paytrn695@upi&pn=Verify%20Account&cu=INR&tn=urgent,paytrn695@upi,1,3.17,0.333,9,0,0.0,1,1
upi://pay?pa=vendor.shop@axl&pn=Auto%20Rickshaw%20Stand&cu=INR,vendor.shop@axl,1,3.278,0.0,11,0,0.0,0,0
upi://pay?pa=7901676820@idfcbank&pn=Om%20Traders&cu=INR,7901676820@idfcbank,1,2.722,1.0,10,0,0.0,0,0
upi://pay?pa=vendor.shop@kotak&pn=Rahul%20Sharma&cu=INR&am=1868.84,vendor.shop@kotak,1,3.278,0.0,11,1,1868.84,0,0
upi://pay?pa=phcnpe67@paytm&pn=KYC%20Support&cu=INR&tn=cashback,phcnpe67@paytm,1,2.75,0.25,8,0,0.0,1,1
upi://pay?pa=cashback68@refund-upi&pn=Verify%20Account&cu=INR&tn=verify-now,cashback68@refund-upi,0,2.922,0.2,10,0,0.0,1,1
upi://pay?pa=sunita.devi@upi&pn=Sharma%20Kirana%20Store&cu=INR,sunita.devi@upi,1,3.278,0.0,11,0,0.0,0,0
upi://pay?pa=8480992821@ybl&pn=Auto%20Rickshaw%20Stand&cu=INR,8480992821@ybl,1,2.446,1.0,10,0,0.0,0,0
upi://pay?pa=amit.kumar@oksbi&pn=Green%20Grocers&cu=INR&am=1462.16,amit.kumar@oksbi,1,2.922,0.0,10,1,1462.16,0,0
upi://pay?pa=sunita.devi@okicici&pn=Sharma%20Kirana%20Store&cu=INR,sunita.devi@okicici,1,3.278,0.0,11,0,0.0,0,0
upi://pay?pa=zclrl9a3g17n40@oksbi&pn=Refund%20Team&cu=INR&tn=blocked,zclrl9a3g17n40@oksbi,1,3.664,0.429,14,0,0.0,1,1
upi://pay?pa=8958645269@idfcbank&pn=Priya%20Singh&cu=INR&am=944.85,8958645269@idfcbank,1,2.522,1.0,10,1,944.85,0,0
upi://pay?pa=priya123@okaxis&pn=Om%20Traders&cu=INR,priya123@okaxis,1,3.0,0.375,8,0,0.0,0,0
upi://pay?pa=rahul.sharma@okaxis&pn=Priya%20Singh&cu=INR,rahul.sharma@okaxis,1,2.855,0.0,12,0,0.0,0,0
upi://pay?pa=paytrn789@hdfcbank&pn=KYC%20Support&cu=INR&am=4.15&tn=winner,paytrn789@hdfcbank,1,3.17,0.333,9,1,4.15,1,1
upi://pay?pa=merchant.6845@ibl&pn=Green%20Grocers&cu=INR&am=1727.11,merchant.6845@ibl,1,3.7,0.308,13,1,1727.11,0,0
upi://pay?pa=9751287903@jio&pn=Refund%20Team&cu=INR&am=1.75&tn=refund,9751287903@jio,1,2.922,1.0,10,1,1.75,1,1
upi://pay?pa=epk8fvzslpwlm4fm@kotak&pn=Prize%20Center&cu=INR&tn=verify-now,epk8fvzslpwlm4fm@kotak,1,3.5,0.125,16,0,0.0,1,1
upi://pay?pa=support32@secure-pay&pn=KYC%20Support&cu=INR&tn=winner,support32@secure-pay,0,2.948,0.222,9,0,0.0,1,1
upi://pay?pa=rahul.sharma@ybl&pn=City%20Cafe&cu=INR&am=1984.84,rahul.sharma@ybl,1,2.855,0.0,12,1,1984.84,0,0
upi://pay?pa=9405852492@apl&pn=Verify%20Account&cu=INR&tn=blocked,9405852492@apl,1,2.522,1.0,10,0,0.0,1,1
upi://pay?pa=cashback19@refund-upi&pn=Refund%20Team&cu=INR&tn=lottery,cashback19@refund-upi,0,2.922,0.2,10,0,0.0,1,1
upi://pay?pa=goog1e-pay985@upi&pn=Cashback%20Desk&cu=INR&am=4.61&tn=blocked,goog1e-pay985@upi,1,3.393,0.308,13,1,4.61,1,1
upi://pay?pa=2705418397@ibl&pn=Refund%20Team&cu=INR&tn=kyc,2705418397@ibl,1,3.122,1.0,10,0,0.0,1,1
upi://pay?pa=kyc-team32@pay-verify&pn=Refund%20Team&cu=INR&am=2.24&tn=verify-now,kyc-team32@pay-verify,0,3.322,0.2,10,1,2.24,1,1
upi://pay?pa=phcnpe945@okicici&pn=Verify%20Account&cu=INR&am=4.1&tn=reward,phcnpe945@okicici,1,2.948,0.333,9,1,4.1,1,1
upi://pay?pa=sunita.devi@idfcbank&pn=Rahul%20Sharma&cu=INR,sunita.devi@idfcbank,1,3.278,0.0,11,0,0.0,0,0
upi://pay?pa=merchant.941@okhdfcbank&pn=Sharma%20Kirana%20Store&cu=INR,merchant.941@okhdfcbank,1,3.585,0.25,12,0,0.0,0,0
upi://pay?pa=support82@xn--upi&pn=KYC%20Support&cu=INR&tn=reward,support82@xn--upi,0,2.948,0.222,9,0,0.0,1,1
upi://pay?pa=goog1e-pay238@axl&pn=Prize%20Center&cu=INR&am=2.46&tn=blocked,goog1e-pay238@axl,1,3.393,0.308,13,1,2.46,1,1
upi://pay?pa=7367331606@okhdfcbank&pn=Priya%20Singh&cu=INR,7367331606@okhdfcbank,1,2.171,1.0,10,0,0.0,0,0
upi://pay?pa=merchant.7298@hdfcbank&pn=City%20Cafe&cu=INR&am=716.57,merchant.7298@hdfcbank,1,3.7,0.308,13,1,716.57,0,0
upi://pay?pa=support12@refund-upi&pn=Prize%20Center&cu=INR,support12@refund-upi,0,2.948,0.222,9,0,0.0,0,1
upi://pay?pa=rahul.sharma@paytm&pn=City%20Cafe&cu=INR,rahul.sharma@paytm,1,2.855,0.0,12,0,0.0,0,0
upi://pay?pa=2303184829@upi&pn=Verify%20Account&cu=INR,2303184829@upi,1,2.722,1.0,10,0,0.0,0,1
upi://pay?pa=support93@pay-verify&pn=Refund%20Team&cu=INR&am=1.57&tn=winner,support93@pay-verify,0,2.948,0.222,9,1,1.57,1,1
upi://pay?pa=n45u0f4slh@paytm&pn=Refund%20Team&cu=INR&tn=verify-now,n45u0f4slh@paytm,1,3.122,0.4,10,0,0.0,1,1
upi://pay?pa=refund1@pay-verify&pn=KYC%20Support&cu=INR&tn=verify-now,refund1@pay-verify,0,2.807,0.143,7,0,0.0,1,1
upi://pay?pa=support61@xn--upi&pn=Cashback%20Desk&cu=INR&tn=verify-now,support61@xn--upi,0,2.948,0.222,9,0,0.0,1,1
upi://pay?pa=phcnpe207@hdfcbank&pn=Prize%20Center&cu=INR&tn=blocked,phcnpe207@hdfcbank,1,2.948,0.333,9,0,0.0,1,1
upi://pay?pa=paytrn159@ibl&pn=Cashback%20Desk&cu=INR&am=2.69&tn=urgent,paytrn159@ibl,1,3.17,0.333,9,1,2.69,1,1
upi://pay?pa=7075651236@axl&pn=KYC%20Support&cu=INR&am=2.1&tn=reward,7075651236@axl,1,2.722,1.0,10,1,2.1,1,1
upi://pay?pa=rahul.sharma@jio&pn=Auto%20Rickshaw%20Stand&cu=INR,rahul.sharma@jio,1,2.855,0.0,12,0,0.0,0,0
upi://pay?pa=merchant.8137@idfcbank&pn=Om%20Traders&cu=INR,merchant.8137@idfcbank,1,3.7,0.308,13,0,0.0,0,0
upi://pay?pa=rahul.sharma@jio&pn=Sharma%20Kirana%20Store&cu=INR,rahul.sharma@jio,1,2.855,0.0,12,0,0.0,0,0
upi://pay?pa=t2dtoohuainrjo@okicici&pn=Verify%20Account&cu=INR&tn=reward,t2dtoohuainrjo@okicici,1,3.325,0.071,14,0,0.0,1,1
upi://pay?pa=merchant.523@idfcbank&pn=Rahul%20Sharma&cu=INR,merchant.523@idfcbank,1,3.585,0.25,12,0,0.0,0,0
upi://pay?pa=kyc-team12@xn--upi&pn=Verify%20Account&cu=INR&tn=urgent,kyc-team12@xn--upi,0,3.322,0.2,10,0,0.0,1,1
upi://pay?pa=sunita.devi@apl&pn=Sharma%20Kirana%20Store&cu=INR,sunita.devi@apl,1,3.278,0.0,11,0,0.0,0,0
upi://pay?pa=7979871930@apl&pn=Om%20Traders&cu=INR,7979871930@apl,1,2.371,1.0,10,0,0.0,0,0
upi://pay?pa=1203019186@okaxis&pn=KYC%20Support&cu=INR&am=1.42,1203019186@okaxis,1,2.646,1.0,10,1,1.42,0,1
upi://pay?pa=merchant.6375@oksbi&pn=Om%20Traders&cu=INR,merchant.6375@oksbi,1,3.7,0.308,13,0,0.0,0,0
upi://pay?pa=phcnpe790@upi&pn=Refund%20Team&cu=INR&tn=cashback,phcnpe790@upi,1,2.948,0.333,9,0,0.0,1,1
upi://pay?pa=kyc-team71@pay-verify&pn=Refund%20Team&cu=INR&tn=refund,kyc-team71@pay-verify,0,3.322,0.2,10,0,0.0,1,1
upi://pay?pa=sunita.devi@apl&pn=Rahul%20Sharma&cu=INR,sunita.devi@apl,1,3.278,0.0,11,0,0.0,0,0
upi://pay?pa=sunita.devi@paytm&pn=Auto%20Rickshaw%20Stand&cu=INR,sunita.devi@paytm,1,3.278,0.0,11,0,0.0,0,0
upi://pay?pa=paytrn703@oksbi&pn=Prize%20Center&cu=INR&tn=lottery,paytrn703@oksbi,1,3.17,0.333,9,0,0.0,1,1
upi://pay?pa=amit.kumar@axl&pn=Rahul%20Sharma&cu=INR,amit.kumar@axl,1,2.922,0.0,10,0,0.0,0,0
upi://pay?pa=amit.kumar@axl&pn=Priya%20Singh&cu=INR&am=4182.76,amit.kumar@axl,1,2.922,0.0,10,1,4182.76,0,0
upi://pay?pa=merchant.1304@paytm&pn=Sharma%20Kirana%20Store&cu=INR,merchant.1304@paytm,1,3.7,0.308,13,0,0.0,0,0
upi://pay?pa=6873333588@kotak&pn=KYC%20Support&cu=INR&tn=kyc,6873333588@kotak,1,2.046,1.0,10,0,0.0,1,1
upi://pay?pa=merchant.8666@kotak&pn=Rahul%20Sharma&cu=INR&am=3319.45,merchant.8666@kotak,1,3.335,0.308,13,1,3319.45,0,0
upi://pay?pa=priya123@oksbi&pn=Green%20Grocers&cu=INR&am=305.91,priya123@oksbi,1,3.0,0.375,8,1,305.91,0,0
upi://pay?pa=6651581691@okicici&pn=Auto%20Rickshaw%20Stand&cu=INR&am=4487.93,6651581691@okicici,1,2.171,1.0,10,1,4487.93,0,0
upi://pay?pa=rahul.sharma@okicici&pn=Green%20Grocers&cu=INR&am=4294.35,rahul.sharma@okicici,1,2.855,0.0,12,1,4294.35,0,0
upi://pay?pa=8124008280@idfcbank&pn=Green%20Grocers&cu=INR,8124008280@idfcbank,1,2.171,1.0,10,0,0.0,0,0
upi://pay?pa=vendor.shop@oksbi&pn=Priya%20Singh&cu=INR,vendor.shop@oksbi,1,3.278,0.0,11,0,0.0,0,0
upi://pay?pa=kyc-team45@secure-pay&pn=Cashback%20Desk&cu=INR&am=4.18&tn=urgent,kyc-team45@secure-pay,0,3.322,0.2,10,1,4.18,1,1
upi://pay?pa=cashback80@refund-upi&pn=Prize%20Center&cu=INR&tn=cashback,cashback80@refund-upi,0,2.922,0.2,10,0,0.0,1,1
upi://pay?pa=merchant.7331@jio&pn=Sharma%20Kirana%20Store&cu=INR,merchant.7331@jio,1,3.547,0.308,13,0,0.0,0,0
upi://pay?pa=7vo2mcq4s4fw00r@hdfcbank&pn=Verify%20Account&cu=INR&tn=verify-now,7vo2mcq4s4fw00r@hdfcbank,1,3.64,0.4,15,0,0.0,1,1
upi://pay?pa=merchant.2586@upi&pn=Green%20Grocers&cu=INR&am=4302.43,merchant.2586@upi,1,3.7,0.308,13,1,4302.43,0,0
upi://pay?pa=amit.kumar@oksbi&pn=Sharma%20Kirana%20Store&cu=INR&am=3574.57,amit.kumar@oksbi,1,2.922,0.0,10,1,3574.57,0,0
upi://pay?pa=merchant.5257@idfcbank&pn=Sharma%20Kirana%20Store&cu=INR&am=2178.22,merchant.5257@idfcbank,1,3.547,0.308,13,1,2178.22,0,0
upi://pay?pa=priya123@upi&pn=City%20Cafe&cu=INR,priya123@upi,1,3.0,0.375,8,0,0.0,0,0
upi://pay?pa=merchant.6584@oksbi&pn=Priya%20Singh&cu=INR,merchant.6584@oksbi,1,3.7,0.308,13,0,0.0,0,0
upi://pay?pa=priya123@upi&pn=Auto%20Rickshaw%20Stand&cu=INR,priya123@upi,1,3.0,0.375,8,0,0.0,0,0
upi://pay?pa=goog1e-pay898@ybl&pn=Verify%20Account&cu=INR&tn=blocked,goog1e-pay898@ybl,1,3.239,0.308,13,0,0.0,1,1
upi://pay?pa=merchant.2590@okhdfcbank&pn=City%20Cafe&cu=INR&am=2087.63,merchant.2590@okhdfcbank,1,3.7,0.308,13,1,2087.63,0,0
upi://pay?pa=merchant.1446@upi&pn=Auto%20Rickshaw%20Stand&cu=INR,merchant.1446@upi,1,3.547,0.308,13,0,0.0,0,0
upi://pay?pa=8157001409@okaxis&pn=Priya%20Singh&cu=INR,8157001409@okaxis,1,2.646,1.0,10,0,0.0,0,0
upi://pay?pa=007pud6w0h67wp@paytm&pn=Refund%20Team&cu=INR&am=4.72&tn=verify-now,007pud6w0h67wp@paytm,1,2.896,0.5,14,1,4.72,1,1
upi://pay?pa=support11@refund-upi&pn=Prize%20Center&cu=INR&am=4.9&tn=kyc,support11@refund-upi,0,2.725,0.222,9,1,4.9,1,1
upi://pay?pa=merchant.9715@ybl&pn=Om%20Traders&cu=INR&am=1481.5,merchant.9715@ybl,1,3.7,0.308,13,1,1481.5,0,0
upi://pay?pa=priya123@axl&pn=Sharma%20Kirana%20Store&cu=INR,priya123@axl,1,3.0,0.375,8,0,0.0,0,0
upi://pay?pa=paytrn331@hdfcbank&pn=Cashback%20Desk&cu=INR&tn=lottery,paytrn331@hdfcbank,1,2.948,0.333,9,0,0.0,1,1
upi://pay?pa=sunita.devi@axl&pn=Green%20Grocers&cu=INR&am=4980.68,sunita.devi@axl,1,3.278,0.0,11,1,4980.68,0,0
upi://pay?pa=1myu4zvx7lo@okhdfcbank&pn=Prize%20Center&cu=INR&tn=kyc,1myu4zvx7lo@okhdfcbank,1,3.459,0.273,11,0,0.0,1,1
upi://pay?pa=1901803892@okhdfcbank&pn=Verify%20Account&cu=INR&tn=suspend,1901803892@okhdfcbank,1,2.522,1.0,10,0,0.0,1,1
upi://pay?pa=merchant.5347@okhdfcbank&pn=City%20Cafe&cu=INR&am=1965.19,merchant.5347@okhdfcbank,1,3.7,0.308,13,1,1965.19,0,0
upi://pay?pa=kyc-team95@kyc-update&pn=KYC%20Support&cu=INR&am=3.38&tn=reward,kyc-team95@kyc-update,0,3.322,0.2,10,1,3.38,1,1
upi://pay?pa=rahul.sharma@okaxis&pn=Rahul%20Sharma&cu=INR,rahul.sharma@okaxis,1,2.855,0.0,12,0,0.0,0,0
upi://pay?pa=4156560380@hdfcbank&pn=Cashback%20Desk&cu=INR&tn=blocked,4156560380@hdfcbank,1,2.722,1.0,10,0,0.0,1,1
upi://pay?pa=8126999989@kotak&pn=KYC%20Support&cu=INR&tn=refund,8126999989@kotak,1,1.961,1.0,10,0,0.0,1,1
upi://pay?pa=l8jy46srum2l7v3e@oksbi&pn=KYC%20Support&cu=INR&am=2.82&tn=kyc,l8jy46srum2l7v3e@oksbi,1,3.875,0.375,16,1,2.82,1,1
upi://pay?pa=6327760496@jio&pn=City%20Cafe&cu=INR,6327760496@jio,1,2.646,1.0,10,0,0.0,0,0
upi://pay?pa=xhyou5mhsbdj5@hdfcbank&pn=Prize%20Center&cu=INR&tn=urgent,xhyou5mhsbdj5@hdfcbank,1,3.393,0.154,13,0,0.0,1,1
upi://pay?pa=refund98@kyc-update&pn=Verify%20Account&cu=INR&tn=blocked,refund98@kyc-update,0,3.0,0.25,8,0,0.0,1,1
upi://pay?pa=support14@secure-pay&pn=Cashback%20Desk&cu=INR&tn=kyc,support14@secure-pay,0,2.948,0.222,9,0,0.0,1,1
upi://pay?pa=416457200@hdfcbank&pn=Prize%20Center&cu=INR&tn=verify-now,416457200@hdfcbank,1,2.725,1.0,9,0,0.0,1,1
upi://pay?pa=merchant.2646@apl&pn=Auto%20Rickshaw%20Stand&cu=INR,merchant.2646@apl,1,3.547,0.308,13,0,0.0,0,0
upi://pay?pa=7868772799@axl&pn=Priya%20Singh&cu=INR&am=815.91,7868772799@axl,1,2.122,1.0,10,1,815.91,0,0
upi://pay?pa=2468657687@jio&pn=KYC%20Support&cu=INR&tn=suspend,2468657687@jio,1,2.446,1.0,10,0,0.0,1,1
upi://pay?pa=merchant.3154@jio&pn=Om%20Traders&cu=INR&am=716.28,merchant.3154@jio,1,3.7,0.308,13,1,716.28,0,0
upi://pay?pa=sunita.devi@axl&pn=Om%20Traders&cu=INR,sunita.devi@axl,1,3.278,0.0,11,0,0.0,0,0
upi://pay?pa=vendor.shop@okhdfcbank&pn=Auto%20Rickshaw%20Stand&cu=INR&am=853.49,vendor.shop@okhdfcbank,1,3.278,0.0,11,1,853.49,0,0
upi://pay?pa=rahul.sharma@apl&pn=Om%20Traders&cu=INR&am=1331.69,rahul.sharma@apl,1,2.855,0.0,12,1,1331.69,0,0
upi://pay?pa=9241778639@oksbi&pn=KYC%20Support&cu=INR&tn=blocked,9241778639@oksbi,1,2.922,1.0,10,0,0.0,1,1
upi://pay?pa=7134458188@axl&pn=Om%20Traders&cu=INR&am=3280.84,7134458188@axl,1,2.446,1.0,10,1,3280.84,0,0
upi://pay?pa=phcnpe112@apl&pn=KYC%20Support&cu=INR&tn=reward,phcnpe112@apl,1,2.725,0.333,9,0,0.0,1,1
upi://pay?pa=refund80@pay-verify&pn=KYC%20Support&cu=INR&am=2.13&tn=winner,refund80@pay-verify,0,3.0,0.25,8,1,2.13,1,1
upi://pay?pa=2732652022@ibl&pn=KYC%20Support&cu=INR&am=2.53,2732652022@ibl,1,2.161,1.0,10,1,2.53,0,1
upi://pay?pa=vendor.shop@axl&pn=Rahul%20Sharma&cu=INR,vendor.shop@axl,1,3.278,0.0,11,0,0.0,0,0
upi://pay?pa=merchant.493@ibl&pn=Sharma%20Kirana%20Store&cu=INR,merchant.493@ibl,1,3.585,0.25,12,0,0.0,0,0
upi://pay?pa=support25@pay-verify&pn=Cashback%20Desk&cu=INR&tn=blocked,support25@pay-verify,0,2.948,0.222,9,0,0.0,1,1
upi://pay?pa=priya123@oksbi&pn=Green%20Grocers&cu=INR&am=4540.76,priya123@oksbi,1,3.0,0.375,8,1,4540.76,0,0
upi://pay?pa=goog1e-pay564@upi&pn=Prize%20Center&cu=INR&tn=cashback,goog1e-pay564@upi,1,3.393,0.308,13,0,0.0,1,1
upi://pay?pa=6600928001@jio&pn=Prize%20Center&cu=INR&am=1.49&tn=lottery,6600928001@jio,1,2.322,1.0,10,1,1.49,1,1
upi://pay?pa=8t7d2to1kvto@paytm&pn=Verify%20Account&cu=INR&am=2.71,8t7d2to1kvto@paytm,1,3.022,0.333,12,1,2.71,0,1
upi://pay?pa=6631306722@okhdfcbank&pn=Rahul%20Sharma&cu=INR,6631306722@okhdfcbank,1,2.446,1.0,10,0,0.0,0,0
upi://pay?pa=merchant.7858@ibl&pn=Rahul%20Sharma&cu=INR&am=1688.62,merchant.7858@ibl,1,3.547,0.308,13,1,1688.62,0,0
upi://pay?pa=9859367274@apl&pn=Priya%20Singh&cu=INR,9859367274@apl,1,2.922,1.0,10,0,0.0,0,0
upi://pay?pa=bn1hcd4gfk@okaxis&pn=Verify%20Account&cu=INR&am=3.83,bn1hcd4gfk@okaxis,1,3.322,0.2,10,1,3.83,0,1
upi://pay?pa=paytrn818@kotak&pn=Refund%20Team&cu=INR&am=4.51&tn=reward,paytrn818@kotak,1,2.948,0.333,9,1,4.51,1,1
upi://pay?pa=rahul.sharma@oksbi&pn=Priya%20Singh&cu=INR&am=1665.53,rahul.sharma@oksbi,1,2.855,0.0,12,1,1665.53,0,0
upi://pay?pa=l0j2h4i1txd4@kotak&pn=Verify%20Account&cu=INR&tn=kyc,l0j2h4i1txd4@kotak,1,3.418,0.417,12,0,0.0,1,1
upi://pay?pa=merchant.9400@okhdfcbank&pn=Rahul%20Sharma&cu=INR&am=1537.61,merchant.9400@okhdfcbank,1,3.547,0.308,13,1,1537.61,0,0
upi://pay?pa=goog1e-pay803@paytm&pn=Cashback%20Desk&cu=INR&tn=urgent,goog1e-pay803@paytm,1,3.393,0.308,13,0,0.0,1,1
upi://pay?pa=0w8myzdcqr8zmmxx@kotak&pn=Prize%20Center&cu=INR&tn=verify-now,0w8myzdcqr8zmmxx@kotak,1,3.328,0.188,16,0,0.0,1,1
upi://pay?pa=8070431077@axl&pn=Prize%20Center&cu=INR&tn=kyc,8070431077@axl,1,2.371,1.0,10,0,0.0,1,1
upi://pay?pa=0uufzqqa43p2m@kotak&pn=Cashback%20Desk&cu=INR&am=4.71&tn=urgent,0uufzqqa43p2m@kotak,1,3.393,0.308,13,1,4.71,1,1
upi://pay?pa=9367389408@oksbi&pn=Rahul%20Sharma&cu=INR,9367389408@oksbi,1,2.722,1.0,10,0,0.0,0,0
upi://pay?pa=8fy9y5edm228g@axl&pn=Refund%20Team&cu=INR&tn=suspend,8fy9y5edm228g@axl,1,3.239,0.462,13,0,0.0,1,1
upi://pay?pa=kyc-team22@kyc-update&pn=Prize%20Center&cu=INR&tn=cashback,kyc-team22@kyc-update,0,3.122,0.2,10,0,0.0,1,1
upi://pay?pa=7537191134@idfcbank&pn=Sharma%20Kirana%20Store&cu=INR,7537191134@idfcbank,1,2.446,1.0,10,0,0.0,0,0
upi://pay?pa=zq7ib48g5x1@paytm&pn=Refund%20Team&cu=INR&am=3.15,zq7ib48g5x1@paytm,1,3.459,0.455,11,1,3.15,0,1
upi://pay?pa=merchant.290@okaxis&pn=Rahul%20Sharma&cu=INR&am=4673.17,merchant.290@okaxis,1,3.585,0.25,12,1,4673.17,0,0
upi://pay?pa=merchant.4864@apl&pn=Sharma%20Kirana%20Store&cu=INR,merchant.4864@apl,1,3.547,0.308,13,0,0.0,0,0
upi://pay?pa=refund89@kyc-update&pn=Prize%20Center&cu=INR&tn=urgent,refund89@kyc-update,0,3.0,0.25,8,0,0.0,1,1
upi://pay?pa=support18@xn--upi&pn=Cashback%20Desk&cu=INR&tn=refund,support18@xn--upi,0,2.948,0.222,9,0,0.0,1,1
upi://pay?pa=merchant.6558@apl&pn=Priya%20Singh&cu=INR,merchant.6558@apl,1,3.547,0.308,13,0,0.0,0,0
upi://pay?pa=ew7lrkht1tglnss2@paytm&pn=KYC%20Support&cu=INR&tn=reward,ew7lrkht1tglnss2@paytm,1,3.625,0.188,16,0,0.0,1,1
upi://pay?pa=priya123@paytm&pn=Green%20Grocers&cu=INR,priya123@paytm,1,3.0,0.375,8,0,0.0,0,0
upi://pay?pa=sunita.devi@hdfcbank&pn=Green%20Grocers&cu=INR,sunita.devi@hdfcbank,1,3.278,0.0,11,0,0.0,0,0
upi://pay?pa=8128023255@idfcbank&pn=Auto%20Rickshaw%20Stand&cu=INR,8128023255@idfcbank,1,2.446,1.0,10,0,0.0,0,0
upi://pay?pa=3875363809@upi&pn=Refund%20Team&cu=INR&tn=refund,3875363809@upi,1,2.646,1.0,10,0,0.0,1,1
upi://pay?pa=paytrn132@apl&pn=KYC%20Support&cu=INR&tn=suspend,paytrn132@apl,1,3.17,0.333,9,0,0.0,1,1
upi://pay?pa=7768499634@okaxis&pn=Sharma%20Kirana%20Store&cu=INR&am=1768.43,7768499634@okaxis,1,2.522,1.0,10,1,1768.43,0,0
upi://pay?pa=amit.kumar@ybl&pn=Sharma%20Kirana%20Store&cu=INR,amit.kumar@ybl,1,2.922,0.0,10,0,0.0,0,0
upi://pay?pa=3059115983@ybl&pn=Prize%20Center&cu=INR&am=4.32&tn=refund,3059115983@ybl,1,2.522,1.0,10,1,4.32,1,1
upi://pay?pa=sunita.devi@kotak&pn=City%20Cafe&cu=INR&am=3487.55,sunita.devi@kotak,1,3.278,0.0,11,1,3487.55,0,0
upi://pay?pa=phcnpe552@ibl&pn=Cashback%20Desk&cu=INR&tn=refund,phcnpe552@ibl,1,2.725,0.333,9,0,0.0,1,1
upi://pay?pa=cashback8@refund-upi&pn=Refund%20Team&cu=INR&am=1.87&tn=suspend,cashback8@refund-upi,0,2.725,0.111,9,1,1.87,1,1
upi://pay?pa=goog1e-pay541@oksbi&pn=Prize%20Center&cu=INR&tn=kyc,goog1e-pay541@oksbi,1,3.239,0.308,13,0,0.0,1,1
upi://pay?pa=6484230338@axl&pn=City%20Cafe&cu=INR&am=2507.92,6484230338@axl,1,2.446,1.0,10,1,2507.92,0,0
upi://pay?pa=606674765@okhdfcbank&pn=Refund%20Team&cu=INR&tn=winner,606674765@okhdfcbank,1,2.059,1.0,9,0,0.0,1,1
upi://pay?pa=paytrn532@upi&pn=Cashback%20Desk&cu=INR&tn=urgent,paytrn532@upi,1,3.17,0.333,9,0,0.0,1,1
upi://pay?pa=4557395759@idfcbank&pn=Refund%20Team&cu=INR,4557395759@idfcbank,1,2.122,1.0,10,0,0.0,0,1
upi://pay?pa=7447409339@ibl&pn=Priya%20Singh&cu=INR,7447409339@ibl,1,2.246,1.0,10,0,0.0,0,0
upi://pay?pa=z6w5owk1lo4p0k9@ybl&pn=Refund%20Team&cu=INR&am=4.13&tn=reward,z6w5owk1lo4p0k9@ybl,1,3.507,0.4,15,1,4.13,1,1
upi://pay?pa=77729037@ibl&pn=Cashback%20Desk&cu=INR&am=4.06&tn=suspend,77729037@ibl,1,2.0,1.0,8,1,4.06,1,1
upi://pay?pa=support47@kyc-update&pn=Refund%20Team&cu=INR&am=2.39&tn=refund,support47@kyc-update,0,2.948,0.222,9,1,2.39,1,1
upi://pay?pa=paytrn880@jio&pn=Refund%20Team&cu=INR&tn=verify-now,paytrn880@jio,1,2.948,0.333,9,0,0.0,1,1
upi://pay?pa=3280587272@oksbi&pn=Refund%20Team&cu=INR&tn=kyc,3280587272@oksbi,1,2.446,1.0,10,0,0.0,1,1
upi://pay?pa=fgk7h3i8no7nqots@upi&pn=Prize%20Center&cu=INR&tn=verify-now,fgk7h3i8no7nqots@upi,1,3.625,0.25,16,0,0.0,1,1
upi://pay?pa=refund68@kyc-update&pn=Verify%20Account&cu=INR,refund68@kyc-update,0,3.0,0.25,8,0,0.0,0,1
upi://pay?pa=amit.kumar@okhdfcbank&pn=City%20Cafe&cu=INR,amit.kumar@okhdfcbank,1,2.922,0.0,10,0,0.0,0,0
upi://pay?pa=9217034696@okaxis&pn=Green%20Grocers&cu=INR,9217034696@okaxis,1,2.922,1.0,10,0,0.0,0,0
upi://pay?pa=mnvo3okqfc6o8y7@okicici&pn=Prize%20Center&cu=INR&am=2.95,mnvo3okqfc6o8y7@okicici,1,3.59,0.267,15,1,2.95,0,1
upi://pay?pa=1695395777@hdfcbank&pn=Prize%20Center&cu=INR&tn=verify-now,1695395777@hdfcbank,1,2.446,1.0,10,0,0.0,1,1
upi://pay?pa=support91@kyc-update&pn=Cashback%20Desk&cu=INR&tn=blocked,support91@kyc-update,0,2.948,0.222,9,0,0.0,1,1
upi://pay?pa=support64@xn--upi&pn=KYC%20Support&cu=INR&am=2.8&tn=kyc,support64@xn--upi,0,2.948,0.222,9,1,2.8,1,1
upi://pay?pa=refund54@xn--upi&pn=Refund%20Team&cu=INR&tn=verify-now,refund54@xn--upi,0,3.0,0.25,8,0,0.0,1,1
upi://pay?pa=sunita.devi@okhdfcbank&pn=Rahul%20Sharma&cu=INR,sunita.devi@okhdfcbank,1,3.278,0.0,11,0,0.0,0,0
upi://pay?pa=8149511642@ybl&pn=Green%20Grocers&cu=INR,8149511642@ybl,1,2.646,1.0,10,0,0.0,0,0
upi://pay?pa=7089419573@ibl&pn=Rahul%20Sharma&cu=INR,7089419573@ibl,1,2.922,1.0,10,0,0.0,0,0
upi://pay?pa=23894065@kotak&pn=Refund%20Team&cu=INR,23894065@kotak,1,3.0,1.0,8,0,0.0,0,1
upi://pay?pa=refund96@xn--upi&pn=KYC%20Support&cu=INR&tn=kyc,refund96@xn--upi,0,3.0,0.25,8,0,0.0,1,1
upi://pay?pa=cashback62@pay-verify&pn=Refund%20Team&cu=INR&tn=reward,cashback62@pay-verify,0,2.922,0.2,10,0,0.0,1,1
upi://pay?pa=amit.kumar@jio&pn=Rahul%20Sharma&cu=INR,amit.kumar@jio,1,2.922,0.0,10,0,0.0,0,0
upi://pay?pa=priya123@kotak&pn=Rahul%20Sharma&cu=INR,priya123@kotak,1,3.0,0.375,8,0,0.0,0,0
upi://pay?pa=ceth28imdgajb@paytm&pn=Cashback%20Desk&cu=INR&am=1.66&tn=lottery,ceth28imdgajb@paytm,1,3.7,0.154,13,1,1.66,1,1
upi://pay?pa=3708772962@ibl&pn=Prize%20Center&cu=INR&tn=verify-now,3708772962@ibl,1,2.646,1.0,10,0,0.0,1,1
upi://pay?pa=merchant.8404@paytm&pn=Auto%20Rickshaw%20Stand&cu=INR,merchant.8404@paytm,1,3.547,0.308,13,0,0.0,0,0
upi://pay?pa=merchant.2502@jio&pn=Om%20Traders&cu=INR,merchant.2502@jio,1,3.547,0.308,13,0,0.0,0,0
upi://pay?pa=amit.kumar@okicici&pn=Rahul%20Sharma&cu=INR&am=3214.75,amit.kumar@okicici,1,2.922,0.0,10,1,3214.75,0,0
upi://pay?pa=kyc-team22@secure-pay&pn=Prize%20Center&cu=INR&am=4.67&tn=reward,kyc-team22@secure-pay,0,3.122,0.2,10,1,4.67,1,1
upi://pay?pa=6676474018@okhdfcbank&pn=Rahul%20Sharma&cu=INR&am=4744.49,6676474018@okhdfcbank,1,2.446,1.0,10,1,4744.49,0,0
upi://pay?pa=merchant.620@apl&pn=City%20Cafe&cu=INR,merchant.620@apl,1,3.585,0.25,12,0,0.0,0,0
upi://pay?pa=merchant.2843@upi&pn=Priya%20Singh&cu=INR&am=4635.77,merchant.2843@upi,1,3.7,0.308,13,1,4635.77,0,0
upi://pay?pa=sunita.devi@oksbi&pn=City%20Cafe&cu=INR&am=276.37,sunita.devi@oksbi,1,3.278,0.0,11,1,276.37,0,0
upi://pay?pa=vendor.shop@ibl&pn=Auto%20Rickshaw%20Stand&cu=INR&am=4785.39,vendor.shop@ibl,1,3.278,0.0,11,1,4785.39,0,0
upi://pay?pa=priya123@axl&pn=Rahul%20Sharma&cu=INR,priya123@axl,1,3.0,0.375,8,0,0.0,0,0
upi://pay?pa=merchant.3050@kotak&pn=City%20Cafe&cu=INR&am=891.85,merchant.3050@kotak,1,3.547,0.308,13,1,891.85,0,0
upi://pay?pa=merchant.610@okhdfcbank&pn=City%20Cafe&cu=INR&am=4246.37,merchant.610@okhdfcbank,1,3.585,0.25,12,1,4246.37,0,0
upi://pay?pa=priya123@hdfcbank&pn=Rahul%20Sharma&cu=INR,priya123@hdfcbank,1,3.0,0.375,8,0,0.0,0,0
upi://pay?pa=rahul.sharma@kotak&pn=Priya%20Singh&cu=INR&am=743.74,rahul.sharma@kotak,1,2.855,0.0,12,1,743.74,0,0
upi://pay?pa=merchant.1071@axl&pn=Sharma%20Kirana%20Store&cu=INR,merchant.1071@axl,1,3.547,0.308,13,0,0.0,0,0
upi://pay?pa=amit.kumar@paytm&pn=City%20Cafe&cu=INR&am=41.39,amit.kumar@paytm,1,2.922,0.0,10,1,41.39,0,0
upi://pay?pa=9256844491@ibl&pn=Cashback%20Desk&cu=INR&tn=urgent,9256844491@ibl,1,2.646,1.0,10,0,0.0,1,1
upi://pay?pa=paytrn19@jio&pn=KYC%20Support&cu=INR&tn=suspend,paytrn19@jio,1,3.0,0.25,8,0,0.0,1,1
upi://pay?pa=priya123@apl&pn=Sharma%20Kirana%20Store&cu=INR,priya123@apl,1,3.0,0.375,8,0,0.0,0,0
upi://pay?pa=amit.kumar@idfcbank&pn=Green%20Grocers&cu=INR&am=1275.02,amit.kumar@idfcbank,1,2.922,0.0,10,1,1275.02,0,0
upi://pay?pa=vendor.shop@paytm&pn=Priya%20Singh&cu=INR,vendor.shop@paytm,1,3.278,0.0,11,0,0.0,0,0
upi://pay?pa=merchant.6065@hdfcbank&pn=Priya%20Singh&cu=INR,merchant.6065@hdfcbank,1,3.547,0.308,13,0,0.0,0,0
upi://pay?pa=phcnpe30@hdfcbank&pn=Cashback%20Desk&cu=INR&tn=winner,phcnpe30@hdfcbank,1,2.75,0.25,8,0,0.0,1,1
upi://pay?pa=wj281ra4n9@okhdfcbank&pn=Refund%20Team&cu=INR&am=2.59,wj281ra4n9@okhdfcbank,1,3.322,0.5,10,1,2.59,0,1
upi://pay?pa=fy1apb0df56tiza@axl&pn=Cashback%20Desk&cu=INR&am=2.13&tn=winner,fy1apb0df56tiza@axl,1,3.64,0.267,15,1,2.13,1,1
upi://pay?pa=merchant.2549@axl&pn=Sharma%20Kirana%20Store&cu=INR&am=4964.63,merchant.2549@axl,1,3.7,0.308,13,1,4964.63,0,0
upi://pay?pa=merchant.5586@okicici&pn=Om%20Traders&cu=INR&am=602.27,merchant.5586@okicici,1,3.547,0.308,13,1,602.27,0,0
upi://pay?pa=4962990355@idfcbank&pn=Verify%20Account&cu=INR&tn=winner,4962990355@idfcbank,1,2.646,1.0,10,0,0.0,1,1
upi://pay?pa=1670586502@ibl&pn=KYC%20Support&cu=INR&tn=urgent,1670586502@ibl,1,2.722,1.0,10,0,0.0,1,1
upi://pay?pa=paytrn480@ibl&pn=Cashback%20Desk&cu=INR&tn=reward,paytrn480@ibl,1,3.17,0.333,9,0,0.0,1,1
upi://pay?pa=e2a84n1w3er7@idfcbank&pn=Verify%20Account&cu=INR&am=3.69&tn=blocked,e2a84n1w3er7@idfcbank,1,3.418,0.5,12,1,3.69,1,1
upi://pay?pa=support68@refund-upi&pn=Cashback%20Desk&cu=INR&am=1.72&tn=kyc,support68@refund-upi,0,2.948,0.222,9,1,1.72,1,1
upi://pay?pa=6041531046@apl&pn=Sharma%20Kirana%20Store&cu=INR&am=394.71,6041531046@apl,1,2.522,1.0,10,1,394.71,0,0
upi://pay?pa=amit.kumar@okaxis&pn=Om%20Traders&cu=INR,amit.kumar@okaxis,1,2.922,0.0,10,0,0.0,0,0
upi://pay?pa=priya123@okhdfcbank&pn=Green%20Grocers&cu=INR&am=3573.55,priya123@okhdfcbank,1,3.0,0.375,8,1,3573.55,0,0
upi://pay?pa=2804458754@okaxis&pn=Verify%20Account&cu=INR&am=3.25&tn=winner,2804458754@okaxis,1,2.446,1.0,10,1,3.25,1,1
upi://pay?pa=1558593482@upi&pn=Verify%20Account&cu=INR&tn=suspend,1558593482@upi,1,2.646,1.0,10,0,0.0,1,1
upi://pay?pa=8003829069@axl&pn=Priya%20Singh&cu=INR,8003829069@axl,1,2.446,1.0,10,0,0.0,0,0
upi://pay?pa=9920094846@hdfcbank&pn=Verify%20Account&cu=INR&tn=winner,9920094846@hdfcbank,1,2.446,1.0,10,0,0.0,1,1
upi://pay?pa=merchant.5524@ibl&pn=Auto%20Rickshaw%20Stand&cu=INR&am=1482.0,merchant.5524@ibl,1,3.547,0.308,13,1,1482.0,0,0
upi://pay?pa=paytrn98@ibl&pn=Refund%20Team&cu=INR&am=3.89&tn=urgent,paytrn98@ibl,1,3.0,0.25,8,1,3.89,1,1
upi://pay?pa=6339604915@jio&pn=Om%20Traders&cu=INR,6339604915@jio,1,2.722,1.0,10,0,0.0,0,0
upi://pay?pa=kyc-team38@secure-pay&pn=KYC%20Support&cu=INR&tn=verify-now,kyc-team38@secure-pay,0,3.322,0.2,10,0,0.0,1,1
upi://pay?pa=rahul.sharma@axl&pn=Green%20Grocers&cu=INR&am=49.38,rahul.sharma@axl,1,2.855,0.0,12,1,49.38,0,0
upi://pay?pa=9353215401@okhdfcbank&pn=Sharma%20Kirana%20Store&cu=INR,9353215401@okhdfcbank,1,2.722,1.0,10,0,0.0,0,0
upi://pay?pa=merchant.3196@apl&pn=Priya%20Singh&cu=INR,merchant.3196@apl,1,3.7,0.308,13,0,0.0,0,0
upi://pay?pa=cashback58@pay-verify&pn=Prize%20Center&cu=INR&tn=blocked,cashback58@pay-verify,0,2.922,0.2,10,0,0.0,1,1
upi://pay?pa=merchant.8388@okicici&pn=Auto%20Rickshaw%20Stand&cu=INR,merchant.8388@okicici,1,3.335,0.308,13,0,0.0,0,0
upi://pay?pa=7533491749@ybl&pn=Rahul%20Sharma&cu=INR&am=809.86,7533491749@ybl,1,2.522,1.0,10,1,809.86,0,0
upi://pay?pa=merchant.579@ibl&pn=Sharma%20Kirana%20Store&cu=INR&am=744.87,merchant.579@ibl,1,3.585,0.25,12,1,744.87,0,0
upi://pay?pa=kyc-team72@secure-pay&pn=Refund%20Team&cu=INR&tn=refund,kyc-team72@secure-pay,0,3.322,0.2,10,0,0.0,1,1
upi://pay?pa=priya123@kotak&pn=Auto%20Rickshaw%20Stand&cu=INR,priya123@kotak,1,3.0,0.375,8,0,0.0,0,0
upi://pay?pa=6044795237@upi&pn=Rahul%20Sharma&cu=INR,6044795237@upi,1,2.922,1.0,10,0,0.0,0,0
upi://pay?pa=1324383786@paytm&pn=Prize%20Center&cu=INR&tn=urgent,1324383786@paytm,1,2.646,1.0,10,0,0.0,1,1
upi://pay?pa=merchant.1475@ybl&pn=City%20Cafe&cu=INR,merchant.1475@ybl,1,3.7,0.308,13,0,0.0,0,0
upi://pay?pa=amit.kumar@jio&pn=City%20Cafe&cu=INR,amit.kumar@jio,1,2.922,0.0,10,0,0.0,0,0
upi://pay?pa=vendor.shop@axl&pn=Om%20Traders&cu=INR,vendor.shop@axl,1,3.278,0.0,11,0,0.0,0,0
upi://pay?pa=kyc-team39@pay-verify&pn=Prize%20Center&cu=INR&am=4.2&tn=verify-now,kyc-team39@pay-verify,0,3.322,0.2,10,1,4.2,1,1
upi://pay?pa=phcnpe154@paytm&pn=Prize%20Center&cu=INR,phcnpe154@paytm,1,2.948,0.333,9,0,0.0,0,1
upi://pay?pa=support12@xn--upi&pn=Refund%20Team&cu=INR&am=2.79&tn=urgent,support12@xn--upi,0,2.948,0.222,9,1,2.79,1,1
upi://pay?pa=wnbil8b5l9jpa21@oksbi&pn=Cashback%20Desk&cu=INR&tn=urgent,wnbil8b5l9jpa21@oksbi,1,3.64,0.333,15,0,0.0,1,1
upi://pay?pa=7542910061@okaxis&pn=Priya%20Singh&cu=INR,7542910061@okaxis,1,2.922,1.0,10,0,0.0,0,0
upi://pay?pa=amit.kumar@ibl&pn=Rahul%20Sharma&cu=INR&am=4821.47,amit.kumar@ibl,1,2.922,0.0,10,1,4821.47,0,0
upi://pay?pa=8629897176@paytm&pn=Sharma%20Kirana%20Store&cu=INR&am=1978.77,8629897176@paytm,1,2.522,1.0,10,1,1978.77,0,0
upi://pay?pa=support37@refund-upi&pn=Prize%20Center&cu=INR&tn=refund,support37@refund-upi,0,2.948,0.222,9,0,0.0,1,1
upi://pay?pa=oltyhmp1hxri@okaxis&pn=Verify%20Account&cu=INR&tn=cashback,oltyhmp1hxri@okaxis,1,3.418,0.083,12,0,0.0,1,1
upi://pay?pa=paytrn499@paytm&pn=KYC%20Support&cu=INR&tn=verify-now,paytrn499@paytm,1,2.948,0.333,9,0,0.0,1,1
upi://pay?pa=phcnpe655@ibl&pn=KYC%20Support&cu=INR&tn=cashback,phcnpe655@ibl,1,2.725,0.333,9,0,0.0,1,1
upi://pay?pa=priya123@hdfcbank&pn=Sharma%20Kirana%20Store&cu=INR,priya123@hdfcbank,1,3.0,0.375,8,0,0.0,0,0
upi://pay?pa=merchant.8847@okhdfcbank&pn=Green%20Grocers&cu=INR,merchant.8847@okhdfcbank,1,3.547,0.308,13,0,0.0,0,0
upi://pay?pa=merchant.8214@okicici&pn=City%20Cafe&cu=INR&am=2864.3,merchant.8214@okicici,1,3.7,0.308,13,1,2864.3,0,0
upi://pay?pa=merchant.2355@ybl&pn=Auto%20Rickshaw%20Stand&cu=INR&am=4625.1,merchant.2355@ybl,1,3.547,0.308,13,1,4625.1,0,0
upi://pay?pa=paytrn5@paytm&pn=Refund%20Team&cu=INR&tn=kyc,paytrn5@paytm,1,2.807,0.143,7,0,0.0,1,1
upi://pay?pa=has8n40ap00g5x5c@apl&pn=KYC%20Support&cu=INR&am=4.73&tn=blocked,has8n40ap00g5x5c@apl,1,3.453,0.438,16,1,4.73,1,1
upi://pay?pa=merchant.6309@jio&pn=Auto%20Rickshaw%20Stand&cu=INR,merchant.6309@jio,1,3.7,0.308,13,0,0.0,0,0
upi://pay?pa=merchant.5049@ybl&pn=Om%20Traders&cu=INR&am=1239.49,merchant.5049@ybl,1,3.7,0.308,13,1,1239.49,0,0
upi://pay?pa=phcnpe872@ybl&pn=Refund%20Team&cu=INR&tn=kyc,phcnpe872@ybl,1,2.948,0.333,9,0,0.0,1,1
upi://pay?pa=cashback88@xn--upi&pn=KYC%20Support&cu=INR&tn=lottery,cashback88@xn--upi,0,2.722,0.2,10,0,0.0,1,1
upi://pay?pa=paytrn241@kotak&pn=Prize%20Center&cu=INR&tn=reward,paytrn241@kotak,1,3.17,0.333,9,0,0.0,1,1
upi://pay?pa=merchant.1433@upi&pn=Auto%20Rickshaw%20Stand&cu=INR,merchant.1433@upi,1,3.547,0.308,13,0,0.0,0,0
upi://pay?pa=0mhxboh5743f9rd4@ibl&pn=Verify%20Account&cu=INR&tn=urgent,0mhxboh5743f9rd4@ibl,1,3.75,0.438,16,0,0.0,1,1
upi://pay?pa=6953881229@axl&pn=Priya%20Singh&cu=INR,6953881229@axl,1,2.722,1.0,10,0,0.0,0,0
upi://pay?pa=paytrn768@okhdfcbank&pn=Refund%20Team&cu=INR&tn=blocked,paytrn768@okhdfcbank,1,3.17,0.333,9,0,0.0,1,1
upi://pay?pa=cashback61@xn--upi&pn=Verify%20Account&cu=INR&tn=lottery,cashback61@xn--upi,0,2.922,0.2,10,0,0.0,1,1
upi://pay?pa=merchant.6235@okhdfcbank&pn=City%20Cafe&cu=INR,merchant.6235@okhdfcbank,1,3.7,0.308,13,0,0.0,0,0
upi://pay?pa=6768631342@okhdfcbank&pn=Priya%20Singh&cu=INR&am=196.11,6768631342@okhdfcbank,1,2.646,1.0,10,1,196.11,0,0
upi://pay?pa=merchant.4566@jio&pn=Auto%20Rickshaw%20Stand&cu=INR,merchant.4566@jio,1,3.547,0.308,13,0,0.0,0,0
upi://pay?pa=merchant.3472@okhdfcbank&pn=Priya%20Singh&cu=INR,merchant.3472@okhdfcbank,1,3.7,0.308,13,0,0.0,0,0
upi://pay?pa=0n515yrwyio@okhdfcbank&pn=Prize%20Center&cu=INR&tn=verify-now,0n515yrwyio@okhdfcbank,1,3.096,0.364,11,0,0.0,1,1
upi://pay?pa=goog1e-pay863@ibl&pn=KYC%20Support&cu=INR&tn=lottery,goog1e-pay863@ibl,1,3.393,0.308,13,0,0.0,1,1
upi://pay?pa=j2obtcw6j2ti@axl&pn=Verify%20Account&cu=INR&tn=verify-now,j2obtcw6j2ti@axl,1,3.085,0.25,12,0,0.0,1,1
upi://pay?pa=amit.kumar@apl&pn=Green%20Grocers&cu=INR&am=1932.81,amit.kumar@apl,1,2.922,0.0,10,1,1932.81,0,0
upi://pay?pa=priya123@okicici&pn=Green%20Grocers&cu=INR,priya123@okicici,1,3.0,0.375,8,0,0.0,0,0
upi://pay?pa=7449956300@oksbi&pn=City%20Cafe&cu=INR,7449956300@oksbi,1,2.722,1.0,10,0,0.0,0,0
upi://pay?pa=8125356156@kotak&pn=KYC%20Support&cu=INR&am=3.46&tn=refund,8125356156@kotak,1,2.446,1.0,10,1,3.46,1,1
upi://pay?pa=priya123@paytm&pn=Priya%20Singh&cu=INR&am=3589.94,priya123@paytm,1,3.0,0.375,8,1,3589.94,0,0
upi://pay?pa=merchant.4519@idfcbank&pn=Priya%20Singh&cu=INR,merchant.4519@idfcbank,1,3.7,0.308,13,0,0.0,0,0
upi://pay?pa=9859551800@hdfcbank&pn=Sharma%20Kirana%20Store&cu=INR&am=2567.69,9859551800@hdfcbank,1,2.246,1.0,10,1,2567.69,0,0
upi://pay?pa=priya123@upi&pn=Priya%20Singh&cu=INR,priya123@upi,1,3.0,0.375,8,0,0.0,0,0
upi://pay?pa=support6@xn--upi&pn=Refund%20Team&cu=INR&tn=suspend,support6@xn--upi,0,2.75,0.125,8,0,0.0,1,1
upi://pay?pa=xdf21o752tvrfv@hdfcbank&pn=Prize%20Center&cu=INR&tn=verify-now,xdf21o752tvrfv@hdfcbank,1,3.379,0.357,14,0,0.0,1,1
upi://pay?pa=kpz4fnw2l4@ybl&pn=Refund%20Team&cu=INR&tn=cashback,kpz4fnw2l4@ybl,1,3.122,0.3,10,0,0.0,1,1
upi://pay?pa=goog1e-pay388@okaxis&pn=KYC%20Support&cu=INR&am=1.6&tn=blocked,goog1e-pay388@okaxis,1,3.239,0.308,13,1,1.6,1,1
upi://pay?pa=72eq8ao1wxlci@apl&pn=Verify%20Account&cu=INR&tn=urgent,72eq8ao1wxlci@apl,1,3.7,0.308,13,0,0.0,1,1
upi://pay?pa=338149002@kotak&pn=KYC%20Support&cu=INR&tn=suspend,338149002@kotak,1,2.725,1.0,9,0,0.0,1,1
upi://pay?pa=gxs68auwqyu7dpnu@okaxis&pn=KYC%20Support&cu=INR&am=2.62&tn=blocked,gxs68auwqyu7dpnu@okaxis,1,3.703,0.188,16,1,2.62,1,1
upi://pay?pa=1551316610@okicici&pn=Verify%20Account&cu=INR&am=4.3&tn=suspend,1551316610@okicici,1,2.122,1.0,10,1,4.3,1,1
upi://pay?pa=1168433419@okicici&pn=Verify%20Account&cu=INR&tn=reward,1168433419@okicici,1,2.446,1.0,10,0,0.0,1,1
upi://pay?pa=2691184770@jio&pn=Cashback%20Desk&cu=INR&am=3.89&tn=winner,2691184770@jio,1,2.922,1.0,10,1,3.89,1,1
upi://pay?pa=merchant.1599@axl&pn=Priya%20Singh&cu=INR,merchant.1599@axl,1,3.547,0.308,13,0,0.0,0,0
upi://pay?pa=merchant.5368@kotak&pn=City%20Cafe&cu=INR,merchant.5368@kotak,1,3.7,0.308,13,0,0.0,0,0
upi://pay?pa=merchant.6215@okhdfcbank&pn=Rahul%20Sharma&cu=INR&am=4511.07,merchant.6215@okhdfcbank,1,3.7,0.308,13,1,4511.07,0,0
upi://pay?pa=sunita.devi@hdfcbank&pn=Om%20Traders&cu=INR,sunita.devi@hdfcbank,1,3.278,0.0,11,0,0.0,0,0
upi://pay?pa=vendor.shop@axl&pn=Rahul%20Sharma&cu=INR,vendor.shop@axl,1,3.278,0.0,11,0,0.0,0,0
upi://pay?pa=priya123@apl&pn=Om%20Traders&cu=INR,priya123@apl,1,3.0,0.375,8,0,0.0,0,0
upi://pay?pa=7809249924@okicici&pn=Auto%20Rickshaw%20Stand&cu=INR&am=1257.79,7809249924@okicici,1,2.446,1.0,10,1,1257.79,0,0
upi://pay?pa=phcnpe631@jio&pn=KYC%20Support&cu=INR&tn=lottery,phcnpe631@jio,1,2.948,0.333,9,0,0.0,1,1
upi://pay?pa=support39@kyc-update&pn=Refund%20Team&cu=INR&am=3.63&tn=refund,support39@kyc-update,0,2.948,0.222,9,1,3.63,1,1
upi://pay?pa=rahul.sharma@ibl&pn=City%20Cafe&cu=INR,rahul.sharma@ibl,1,2.855,0.0,12,0,0.0,0,0
upi://pay?pa=v3sg96ekhmh5x3mz@hdfcbank&pn=Prize%20Center&cu=INR&am=1.5,v3sg96ekhmh5x3mz@hdfcbank,1,3.625,0.312,16,1,1.5,0,1
upi://pay?pa=kyc-team82@kyc-update&pn=Prize%20Center&cu=INR&tn=kyc,kyc-team82@kyc-update,0,3.322,0.2,10,0,0.0,1,1
upi://pay?pa=sgfqgdm1iyk@upi&pn=Prize%20Center&cu=INR&am=1.91&tn=lottery,sgfqgdm1iyk@upi,1,3.278,0.091,11,1,1.91,1,1
upi://pay?pa=9441391011@paytm&pn=Green%20Grocers&cu=INR,9441391011@paytm,1,2.122,1.0,10,0,0.0,0,0
upi://pay?pa=merchant.1940@kotak&pn=Green%20Grocers&cu=INR&am=807.96,merchant.1940@kotak,1,3.7,0.308,13,1,807.96,0,0
upi://pay?pa=1503627655@oksbi&pn=Prize%20Center&cu=INR&am=1.46&tn=winner,1503627655@oksbi,1,2.646,1.0,10,1,1.46,1,1
upi://pay?pa=goog1e-pay498@apl&pn=Cashback%20Desk&cu=INR&am=3.1&tn=suspend,goog1e-pay498@apl,1,3.393,0.308,13,1,3.1,1,1
upi://pay?pa=vendor.shop@ybl&pn=Om%20Traders&cu=INR&am=695.54,vendor.shop@ybl,1,3.278,0.0,11,1,695.54,0,0
upi://pay?pa=do3px9kdqiut6hrc@okhdfcbank&pn=Cashback%20Desk&cu=INR&tn=urgent,do3px9kdqiut6hrc@okhdfcbank,1,3.875,0.188,16,0,0.0,1,1
upi://pay?pa=merchant.7270@kotak&pn=City%20Cafe&cu=INR&am=1005.8,merchant.7270@kotak,1,3.547,0.308,13,1,1005.8,0,0
upi://pay?pa=9211997222@upi&pn=Green%20Grocers&cu=INR&am=2723.08,9211997222@upi,1,1.846,1.0,10,1,2723.08,0,0
upi://pay?pa=vendor.shop@upi&pn=Sharma%20Kirana%20Store&cu=INR,vendor.shop@upi,1,3.278,0.0,11,0,0.0,0,0
upi://pay?pa=kyc-team11@xn--upi&pn=Verify%20Account&cu=INR&am=3.48&tn=reward,kyc-team11@xn--upi,0,3.122,0.2,10,1,3.48,1,1
upi://pay?pa=7362721798@jio&pn=City%20Cafe&cu=INR&am=3541.77,7362721798@jio,1,2.646,1.0,10,1,3541.77,0,0
upi://pay?pa=o3v1l0bzipl3xt8s@okhdfcbank&pn=KYC%20Support&cu=INR&tn=winner,o3v1l0bzipl3xt8s@okhdfcbank,1,3.75,0.312,16,0,0.0,1,1
upi://pay?pa=6073507917@okhdfcbank&pn=Priya%20Singh&cu=INR,6073507917@okhdfcbank,1,2.646,1.0,10,0,0.0,0,0
upi://pay?pa=y8uq9ia2w90@ybl&pn=Prize%20Center&cu=INR&am=2.7&tn=reward,y8uq9ia2w90@ybl,1,3.278,0.455,11,1,2.7,1,1
upi://pay?pa=l3exts6y3c1hd9n@kotak&pn=Prize%20Center&cu=INR&tn=kyc,l3exts6y3c1hd9n@kotak,1,3.774,0.333,15,0,0.0,1,1
upi://pay?pa=paytrn269@idfcbank&pn=Verify%20Account&cu=INR&am=2.42&tn=verify-now,paytrn269@idfcbank,1,3.17,0.333,9,1,2.42,1,1
upi://pay?pa=8279313937@ibl&pn=Auto%20Rickshaw%20Stand&cu=INR,8279313937@ibl,1,2.446,1.0,10,0,0.0,0,0
upi://pay?pa=support20@xn--upi&pn=Cashback%20Desk&cu=INR&tn=lottery,support20@xn--upi,0,2.948,0.222,9,0,0.0,1,1
upi://pay?pa=paytrn370@ybl&pn=Cashback%20Desk&cu=INR&tn=reward,paytrn370@ybl,1,3.17,0.333,9,0,0.0,1,1
upi://pay?pa=vendor.shop@idfcbank&pn=Green%20Grocers&cu=INR&am=1827.7,vendor.shop@idfcbank,1,3.278,0.0,11,1,1827.7,0,0
upi://pay?pa=refund75@xn--upi&pn=Verify%20Account&cu=INR&tn=verify-now,refund75@xn--upi,0,3.0,0.25,8,0,0.0,1,1
upi://pay?pa=kyc-team82@xn--upi&pn=Cashback%20Desk&cu=INR,kyc-team82@xn--upi,0,3.322,0.2,10,0,0.0,0,1
upi://pay?pa=8464141209@kotak&pn=Rahul%20Sharma&cu=INR&am=752.48,8464141209@kotak,1,2.646,1.0,10,1,752.48,0,0
upi://pay?pa=965351759@apl&pn=KYC%20Support&cu=INR&tn=verify-now,965351759@apl,1,2.419,1.0,9,0,0.0,1,1
upi://pay?pa=rahul.sharma@upi&pn=Auto%20Rickshaw%20Stand&cu=INR,rahul.sharma@upi,1,2.855,0.0,12,0,0.0,0,0
upi://pay?pa=7756438810@axl&pn=Auto%20Rickshaw%20Stand&cu=INR,7756438810@axl,1,2.922,1.0,10,0,0.0,0,0
upi://pay?pa=support54@secure-pay&pn=Refund%20Team&cu=INR&tn=urgent,support54@secure-pay,0,2.948,0.222,9,0,0.0,1,1
upi://pay?pa=paytrn477@paytm&pn=Prize%20Center&cu=INR&am=1.44&tn=suspend,paytrn477@paytm,1,2.948,0.333,9,1,1.44,1,1
upi://pay?pa=merchant.5590@ibl&pn=City%20Cafe&cu=INR,merchant.5590@ibl,1,3.547,0.308,13,0,0.0,0,0
upi://pay?pa=6504296774@idfcbank&pn=Rahul%20Sharma&cu=INR,6504296774@idfcbank,1,2.722,1.0,10,0,0.0,0,0
upi://pay?pa=paytrn767@okhdfcbank&pn=KYC%20Support&cu=INR&am=4.08&tn=refund,paytrn767@okhdfcbank,1,2.948,0.333,9,1,4.08,1,1
upi://pay?pa=merchant.207@upi&pn=City%20Cafe&cu=INR,merchant.207@upi,1,3.585,0.25,12,0,0.0,0,0
upi://pay?pa=6735694122@jio&pn=Refund%20Team&cu=INR&am=1.75&tn=suspend,6735694122@jio,1,2.922,1.0,10,1,1.75,1,1
upi://pay?pa=cashback56@secure-pay&pn=Cashback%20Desk&cu=INR&tn=urgent,cashback56@secure-pay,0,2.922,0.2,10,0,0.0,1,1
upi://pay?pa=merchant.6380@oksbi&pn=Green%20Grocers&cu=INR,merchant.6380@oksbi,1,3.7,0.308,13,0,0.0,0,0
upi://pay?pa=7635099223@okicici&pn=Green%20Grocers&cu=INR,7635099223@okicici,1,2.722,1.0,10,0,0.0,0,0
upi://pay?pa=priya123@okhdfcbank&pn=City%20Cafe&cu=INR&am=3706.97,priya123@okhdfcbank,1,3.0,0.375,8,1,3706.97,0,0
upi://pay?pa=paytrn818@apl&pn=Refund%20Team&cu=INR&am=4.13&tn=winner,paytrn818@apl,1,2.948,0.333,9,1,4.13,1,1
upi://pay?pa=merchant.3936@kotak&pn=Om%20Traders&cu=INR&am=3284.32,merchant.3936@kotak,1,3.547,0.308,13,1,3284.32,0,0
upi://pay?pa=9011616533@paytm&pn=KYC%20Support&cu=INR&tn=urgent,9011616533@paytm,1,2.446,1.0,10,0,0.0,1,1
upi://pay?pa=1jlmp76yo60f0@oksbi&pn=Refund%20Team&cu=INR,1jlmp76yo60f0@oksbi,1,3.393,0.462,13,0,0.0,0,1
upi://pay?pa=goog1e-pay659@apl&pn=Prize%20Center&cu=INR&am=1.23&tn=suspend,goog1e-pay659@apl,1,3.393,0.308,13,1,1.23,1,1
upi://pay?pa=8431702140@okaxis&pn=Sharma%20Kirana%20Store&cu=INR&am=3976.06,8431702140@okaxis,1,2.722,1.0,10,1,3976.06,0,0
upi://pay?pa=merchant.786@axl&pn=Green%20Grocers&cu=INR&am=3577.15,merchant.786@axl,1,3.585,0.25,12,1,3577.15,0,0
upi://pay?pa=merchant.3607@idfcbank&pn=Sharma%20Kirana%20Store&cu=INR,merchant.3607@idfcbank,1,3.7,0.308,13,0,0.0,0,0
upi://pay?pa=cashback8@secure-pay&pn=Refund%20Team&cu=INR&tn=reward,cashback8@secure-pay,0,2.725,0.111,9,0,0.0,1,1
upi://pay?pa=merchant.4471@apl&pn=Priya%20Singh&cu=INR,merchant.4471@apl,1,3.547,0.308,13,0,0.0,0,0
upi://pay?pa=9933518616@hdfcbank&pn=Rahul%20Sharma&cu=INR,9933518616@hdfcbank,1,2.522,1.0,10,0,0.0,0,0
upi://pay?pa=9883852457@apl&pn=Sharma%20Kirana%20Store&cu=INR,9883852457@apl,1,2.646,1.0,10,0,0.0,0,0
upi://pay?pa=cashback20@xn--upi&pn=Refund%20Team&cu=INR&tn=urgent,cashback20@xn--upi,0,2.922,0.2,10,0,0.0,1,1
upi://pay?pa=7055266930@paytm&pn=Priya%20Singh&cu=INR,7055266930@paytm,1,2.722,1.0,10,0,0.0,0,0
upi://pay?pa=merchant.6068@okicici&pn=Om%20Traders&cu=INR,merchant.6068@okicici,1,3.547,0.308,13,0,0.0,0,0
upi://pay?pa=merchant.2903@oksbi&pn=Green%20Grocers&cu=INR,merchant.2903@oksbi,1,3.7,0.308,13,0,0.0,0,0
upi://pay?pa=4yhbm2hnsqlnap8@ibl&pn=Refund%20Team&cu=INR&tn=suspend,4yhbm2hnsqlnap8@ibl,1,3.64,0.2,15,0,0.0,1,1
upi://pay?pa=8611071970@apl&pn=Priya%20Singh&cu=INR,8611071970@apl,1,2.446,1.0,10,0,0.0,0,0
upi://pay?pa=tzv0dsg62ng@jio&pn=Cashback%20Desk&cu=INR&am=1.24&tn=refund,tzv0dsg62ng@jio,1,3.278,0.273,11,1,1.24,1,1
upi://pay?pa=5096627732@kotak&pn=Refund%20Team&cu=INR&tn=lottery,5096627732@kotak,1,2.722,1.0,10,0,0.0,1,1
upi://pay?pa=332158475@okhdfcbank&pn=Refund%20Team&cu=INR&tn=cashback,332158475@okhdfcbank,1,2.725,1.0,9,0,0.0,1,1
upi://pay?pa=paytrn362@okicici&pn=Verify%20Account&cu=INR&tn=reward,paytrn362@okicici,1,3.17,0.333,9,0,0.0,1,1
upi://pay?pa=tc9s8qgi1pu7@jio&pn=Verify%20Account&cu=INR&tn=winner,tc9s8qgi1pu7@jio,1,3.585,0.333,12,0,0.0,1,1
upi://pay?pa=8825430389@okhdfcbank&pn=Refund%20Team&cu=INR&tn=winner,8825430389@okhdfcbank,1,2.646,1.0,10,0,0.0,1,1
upi://pay?pa=8213256853@hdfcbank&pn=Rahul%20Sharma&cu=INR,8213256853@hdfcbank,1,2.522,1.0,10,0,0.0,0,0
upi://pay?pa=7228744350@jio&pn=City%20Cafe&cu=INR,7228744350@jio,1,2.722,1.0,10,0,0.0,0,0
upi://pay?pa=merchant.9821@paytm&pn=Sharma%20Kirana%20Store&cu=INR,merchant.9821@paytm,1,3.7,0.308,13,0,0.0,0,0
upi://pay?pa=kyc-team94@pay-verify&pn=Prize%20Center&cu=INR&tn=kyc,kyc-team94@pay-verify,0,3.322,0.2,10,0,0.0,1,1
upi://pay?pa=fk9kkvp2me@oksbi&pn=Cashback%20Desk&cu=INR&tn=reward,fk9kkvp2me@oksbi,1,2.846,0.2,10,0,0.0,1,1
upi://pay?pa=merchant.1097@axl&pn=Priya%20Singh&cu=INR,merchant.1097@axl,1,3.7,0.308,13,0,0.0,0,0
upi://pay?pa=priya123@axl&pn=Auto%20Rickshaw%20Stand&cu=INR,priya123@axl,1,3.0,0.375,8,0,0.0,0,0
upi://pay?pa=merchant.3831@ybl&pn=City%20Cafe&cu=INR&am=2442.94,merchant.3831@ybl,1,3.547,0.308,13,1,2442.94,0,0
upi://pay?pa=paytrn440@hdfcbank&pn=Refund%20Team&cu=INR&tn=cashback,paytrn440@hdfcbank,1,2.948,0.333,9,0,0.0,1,1
upi://pay?pa=merchant.8047@paytm&pn=Om%20Traders&cu=INR,merchant.8047@paytm,1,3.7,0.308,13,0,0.0,0,0
upi://pay?pa=6275223478@oksbi&pn=Auto%20Rickshaw%20Stand&cu=INR,6275223478@oksbi,1,2.646,1.0,10,0,0.0,0,0
upi://pay?pa=sunita.devi@axl&pn=Green%20Grocers&cu=INR&am=2495.57,sunita.devi@axl,1,3.278,0.0,11,1,2495.57,0,0
upi://pay?pa=sunita.devi@okicici&pn=Om%20Traders&cu=INR,sunita.devi@okicici,1,3.278,0.0,11,0,0.0,0,0
upi://pay?pa=prwy8zoi9h@oksbi&pn=KYC%20Support&cu=INR&tn=winner,prwy8zoi9h@oksbi,1,3.322,0.2,10,0,0.0,1,1
upi://pay?pa=7298897530@okicici&pn=Prize%20Center&cu=INR&tn=suspend,7298897530@okicici,1,2.722,1.0,10,0,0.0,1,1
upi://pay?pa=2498191010@kotak&pn=Verify%20Account&cu=INR&am=1.43&tn=kyc,2498191010@kotak,1,2.446,1.0,10,1,1.43,1,1
upi://pay?pa=8954189824@jio&pn=Verify%20Account&cu=INR&am=1.2&tn=blocked,8954189824@jio,1,2.446,1.0,10,1,1.2,1,1
upi://pay?pa=goog1e-pay765@oksbi&pn=KYC%20Support&cu=INR&tn=lottery,goog1e-pay765@oksbi,1,3.393,0.308,13,0,0.0,1,1
upi://pay?pa=6781208412@ibl&pn=Om%20Traders&cu=INR&am=4384.42,6781208412@ibl,1,2.722,1.0,10,1,4384.42,0,0
upi://pay?pa=qbheyysm4yyq342@oksbi&pn=Cashback%20Desk&cu=INR&tn=reward,qbheyysm4yyq342@oksbi,1,3.107,0.267,15,0,0.0,1,1
upi://pay?pa=3592897290@idfcbank&pn=Prize%20Center&cu=INR&am=3.6&tn=urgent,3592897290@idfcbank,1,2.646,1.0,10,1,3.6,1,1
upi://pay?pa=mrlcre8ua2@okicici&pn=Verify%20Account&cu=INR&tn=kyc,mrlcre8ua2@okicici,1,3.122,0.2,10,0,0.0,1,1
upi://pay?pa=support43@refund-upi&pn=Cashback%20Desk&cu=INR&am=1.21,support43@refund-upi,0,2.948,0.222,9,1,1.21,0,1
upi://pay?pa=cashback50@refund-upi&pn=Cashback%20Desk&cu=INR&tn=reward,cashback50@refund-upi,0,2.922,0.2,10,0,0.0,1,1
upi://pay?pa=priya123@idfcbank&pn=Auto%20Rickshaw%20Stand&cu=INR&am=2493.72,priya123@idfcbank,1,3.0,0.375,8,1,2493.72,0,0
upi://pay?pa=merchant.9531@hdfcbank&pn=Sharma%20Kirana%20Store&cu=INR,merchant.9531@hdfcbank,1,3.7,0.308,13,0,0.0,0,0
upi://pay?pa=9881096387@okaxis&pn=City%20Cafe&cu=INR&am=3305.14,9881096387@okaxis,1,2.646,1.0,10,1,3305.14,0,0
upi://pay?pa=refund33@refund-upi&pn=Prize%20Center&cu=INR&am=1.8&tn=cashback,refund33@refund-upi,0,2.75,0.25,8,1,1.8,1,1
upi://pay?pa=epu0f80gnyd@kotak&pn=Refund%20Team&cu=INR&am=2.6&tn=refund,epu0f80gnyd@kotak,1,3.278,0.273,11,1,2.6,1,1
upi://pay?pa=sunita.devi@ybl&pn=Om%20Traders&cu=INR&am=3900.26,sunita.devi@ybl,1,3.278,0.0,11,1,3900.26,0,0
upi://pay?pa=merchant.4515@okaxis&pn=Green%20Grocers&cu=INR,merchant.4515@okaxis,1,3.547,0.308,13,0,0.0,0,0
upi://pay?pa=merchant.1420@idfcbank&pn=Green%20Grocers&cu=INR,merchant.1420@idfcbank,1,3.7,0.308,13,0,0.0,0,0
upi://pay?pa=9701583308@upi&pn=Auto%20Rickshaw%20Stand&cu=INR,9701583308@upi,1,2.722,1.0,10,0,0.0,0,0
upi://pay?pa=merchant.6752@oksbi&pn=Auto%20Rickshaw%20Stand&cu=INR&am=3116.56,merchant.6752@oksbi,1,3.7,0.308,13,1,3116.56,0,0
upi://pay?pa=9129949804@axl&pn=Green%20Grocers&cu=INR,9129949804@axl,1,2.322,1.0,10,0,0.0,0,0
upi://pay?pa=merchant.3266@okaxis&pn=Rahul%20Sharma&cu=INR,merchant.3266@okaxis,1,3.547,0.308,13,0,0.0,0,0
upi://pay?pa=paytrn353@okicici&pn=Prize%20Center&cu=INR&tn=refund,paytrn353@okicici,1,2.948,0.333,9,0,0.0,1,1
upi://pay?pa=sunita.devi@oksbi&pn=Rahul%20Sharma&cu=INR,sunita.devi@oksbi,1,3.278,0.0,11,0,0.0,0,0
upi://pay?pa=1558641646@okaxis&pn=Prize%20Center&cu=INR&am=4.3&tn=kyc,1558641646@okaxis,1,2.246,1.0,10,1,4.3,1,1
upi://pay?pa=merchant.1158@okaxis&pn=Priya%20Singh&cu=INR,merchant.1158@okaxis,1,3.547,0.308,13,0,0.0,0,0
upi://pay?pa=merchant.2540@paytm&pn=Priya%20Singh&cu=INR,merchant.2540@paytm,1,3.7,0.308,13,0,0.0,0,0
upi://pay?pa=amit.kumar@kotak&pn=Green%20Grocers&cu=INR&am=2566.13,amit.kumar@kotak,1,2.922,0.0,10,1,2566.13,0,0
upi://pay?pa=hrnlqlfwuuiu@okaxis&pn=Verify%20Account&cu=INR&tn=refund,hrnlqlfwuuiu@okaxis,1,3.022,0.0,12,0,0.0,1,1
upi://pay?pa=goog1e-pay872@ybl&pn=KYC%20Support&cu=INR&am=4.58,goog1e-pay872@ybl,1,3.393,0.308,13,1,4.58,0,1
upi://pay?pa=cashback28@secure-pay&pn=Refund%20Team&cu=INR&tn=verify-now,cashback28@secure-pay,0,2.922,0.2,10,0,0.0,1,1
upi://pay?pa=phcnpe805@okicici&pn=Cashback%20Desk&cu=INR&tn=lottery,phcnpe805@okicici,1,2.948,0.333,9,0,0.0,1,1
upi://pay?pa=7345482726@oksbi&pn=Sharma%20Kirana%20Store&cu=INR,7345482726@oksbi,1,2.722,1.0,10,0,0.0,0,0
upi://pay?pa=merchant.7028@okicici&pn=City%20Cafe&cu=INR,merchant.7028@okicici,1,3.7,0.308,13,0,0.0,0,0
upi://pay?pa=kyc-team23@secure-pay&pn=Prize%20Center&cu=INR&tn=winner,kyc-team23@secure-pay,0,3.322,0.2,10,0,0.0,1,1
upi://pay?pa=rahul.sharma@okhdfcbank&pn=Om%20Traders&cu=INR,rahul.sharma@okhdfcbank,1,2.855,0.0,12,0,0.0,0,0
upi://pay?pa=priya123@hdfcbank&pn=Green%20Grocers&cu=INR,priya123@hdfcbank,1,3.0,0.375,8,0,0.0,0,0
upi://pay?pa=2863242832@jio&pn=Prize%20Center&cu=INR&am=1.99&tn=cashback,2863242832@jio,1,2.122,1.0,10,1,1.99,1,1
upi://pay?pa=merchant.8093@upi&pn=City%20Cafe&cu=INR&am=3577.17,merchant.8093@upi,1,3.7,0.308,13,1,3577.17,0,0
upi://pay?pa=merchant.9524@idfcbank&pn=City%20Cafe&cu=INR,merchant.9524@idfcbank,1,3.7,0.308,13,0,0.0,0,0
upi://pay?pa=8607983102@axl&pn=Auto%20Rickshaw%20Stand&cu=INR,8607983102@axl,1,2.922,1.0,10,0,0.0,0,0
upi://pay?pa=p51eh7xgno@upi&pn=Refund%20Team&cu=INR&tn=refund,p51eh7xgno@upi,1,3.322,0.3,10,0,0.0,1,1
upi://pay?pa=merchant.224@jio&pn=City%20Cafe&cu=INR,merchant.224@jio,1,3.418,0.25,12,0,0.0,0,0
upi://pay?pa=priya123@okaxis&pn=City%20Cafe&cu=INR,priya123@okaxis,1,3.0,0.375,8,0,0.0,0,0
upi://pay?pa=merchant.3974@upi&pn=Om%20Traders&cu=INR&am=2552.93,merchant.3974@upi,1,3.7,0.308,13,1,2552.93,0,0
upi://pay?pa=7123383833@jio&pn=Refund%20Team&cu=INR&am=2.37&tn=suspend,7123383833@jio,1,1.961,1.0,10,1,2.37,1,1
upi://pay?pa=sunita.devi@okaxis&pn=Priya%20Singh&cu=INR&am=2271.96,sunita.devi@okaxis,1,3.278,0.0,11,1,2271.96,0,0
upi://pay?pa=merchant.3891@jio&pn=City%20Cafe&cu=INR,merchant.3891@jio,1,3.7,0.308,13,0,0.0,0,0
upi://pay?pa=merchant.7882@hdfcbank&pn=Sharma%20Kirana%20Store&cu=INR,merchant.7882@hdfcbank,1,3.547,0.308,13,0,0.0,0,0
upi://pay?pa=merchant.7235@okhdfcbank&pn=City%20Cafe&cu=INR&am=3674.3,merchant.7235@okhdfcbank,1,3.7,0.308,13,1,3674.3,0,0
upi://pay?pa=6904458826@jio&pn=Rahul%20Sharma&cu=INR&am=3705.11,6904458826@jio,1,2.722,1.0,10,1,3705.11,0,0
upi://pay?pa=merchant.747@upi&pn=Priya%20Singh&cu=INR&am=382.47,merchant.747@upi,1,3.418,0.25,12,1,382.47,0,0
upi://pay?pa=5021396105@ibl&pn=Prize%20Center&cu=INR&tn=lottery,5021396105@ibl,1,2.722,1.0,10,0,0.0,1,1
upi://pay?pa=merchant.2239@upi&pn=Green%20Grocers&cu=INR,merchant.2239@upi,1,3.547,0.308,13,0,0.0,0,0
upi://pay?pa=paytrn763@axl&pn=Cashback%20Desk&cu=INR&am=4.46&tn=urgent,paytrn763@axl,1,3.17,0.333,9,1,4.46,1,1
upi://pay?pa=7296068379@okicici&pn=City%20Cafe&cu=INR&am=4928.76,7296068379@okicici,1,2.722,1.0,10,1,4928.76,0,0
upi://pay?pa=x4io16um6tt@okicici&pn=KYC%20Support&cu=INR&tn=winner,x4io16um6tt@okicici,1,3.096,0.364,11,0,0.0,1,1
upi://pay?pa=8889775885@ibl&pn=Rahul%20Sharma&cu=INR&am=3368.26,8889775885@ibl,1,1.761,1.0,10,1,3368.26,0,0
upi://pay?pa=783306387@upi&pn=Verify%20Account&cu=INR&am=1.8&tn=blocked,783306387@upi,1,2.197,1.0,9,1,1.8,1,1
upi://pay?pa=support6@kyc-update&pn=Cashback%20Desk&cu=INR&tn=urgent,support6@kyc-update,0,2.75,0.125,8,0,0.0,1,1
upi://pay?pa=kyc-team12@pay-verify&pn=Refund%20Team&cu=INR,kyc-team12@pay-verify,0,3.322,0.2,10,0,0.0,0,1
upi://pay?pa=support6@secure-pay&pn=Cashback%20Desk&cu=INR&tn=kyc,support6@secure-pay,0,2.75,0.125,8,0,0.0,1,1
upi://pay?pa=goog1e-pay749@ybl&pn=Prize%20Center&cu=INR&tn=verify-now,goog1e-pay749@ybl,1,3.393,0.308,13,0,0.0,1,1
upi://pay?pa=support62@secure-pay&pn=Prize%20Center&cu=INR&tn=verify-now,support62@secure-pay,0,2.948,0.222,9,0,0.0,1,1
upi://pay?pa=merchant.5634@paytm&pn=Priya%20Singh&cu=INR&am=1898.98,merchant.5634@paytm,1,3.7,0.308,13,1,1898.98,0,0
upi://pay?pa=kk2bilnpt95xj3y@kotak&pn=KYC%20Support&cu=INR&tn=lottery,kk2bilnpt95xj3y@kotak,1,3.774,0.267,15,0,0.0,1,1
upi://pay?pa=4134124592@apl&pn=Verify%20Account&cu=INR&tn=winner,4134124592@apl,1,2.446,1.0,10,0,0.0,1,1
upi://pay?pa=9831239972@okhdfcbank&pn=Cashback%20Desk&cu=INR&tn=lottery,9831239972@okhdfcbank,1,2.446,1.0,10,0,0.0,1,1
upi://pay?pa=3262026894@okaxis&pn=KYC%20Support&cu=INR&am=3.38&tn=winner,3262026894@okaxis,1,2.646,1.0,10,1,3.38,1,1
upi://pay?pa=cashback66@kyc-update&pn=Verify%20Account&cu=INR&tn=refund,cashback66@kyc-update,0,2.722,0.2,10,0,0.0,1,1
upi://pay?pa=paytrn422@kotak&pn=Refund%20Team&cu=INR&tn=lottery,paytrn422@kotak,1,2.948,0.333,9,0,0.0,1,1
upi://pay?pa=merchant.2731@ybl&pn=City%20Cafe&cu=INR&am=2801.22,merchant.2731@ybl,1,3.7,0.308,13,1,2801.22,0,0
upi://pay?pa=amit.kumar@paytm&pn=Green%20Grocers&cu=INR&am=851.85,amit.kumar@paytm,1,2.922,0.0,10,1,851.85,0,0
upi://pay?pa=cashback8@kyc-update&pn=Prize%20Center&cu=INR&am=1.71,cashback8@kyc-update,0,2.725,0.111,9,1,1.71,0,1
upi://pay?pa=3793689625@axl&pn=Refund%20Team&cu=INR&tn=urgent,3793689625@axl,1,2.722,1.0,10,0,0.0,1,1
upi://pay?pa=cashback40@refund-upi&pn=Verify%20Account&cu=INR&tn=kyc,cashback40@refund-upi,0,2.922,0.2,10,0,0.0,1,1
upi://pay?pa=priya123@okicici&pn=Green%20Grocers&cu=INR,priya123@okicici,1,3.0,0.375,8,0,0.0,0,0
upi://pay?pa=5307564086@paytm&pn=Refund%20Team&cu=INR&am=4.48&tn=verify-now,5307564086@paytm,1,2.722,1.0,10,1,4.48,1,1
upi://pay?pa=rahul.sharma@okaxis&pn=Green%20Grocers&cu=INR,rahul.sharma@okaxis,1,2.855,0.0,12,0,0.0,0,0
upi://pay?pa=7209132386@jio&pn=Auto%20Rickshaw%20Stand&cu=INR,7209132386@jio,1,2.922,1.0,10,0,0.0,0,0
upi://pay?pa=8809101628@axl&pn=City%20Cafe&cu=INR,8809101628@axl,1,2.446,1.0,10,0,0.0,0,0
upi://pay?pa=8562980413@apl&pn=Auto%20Rickshaw%20Stand&cu=INR&am=3979.12,8562980413@apl,1,3.122,1.0,10,1,3979.12,0,0
upi://pay?pa=jltorc2spvbaxi@okaxis&pn=Prize%20Center&cu=INR&am=2.57&tn=lottery,jltorc2spvbaxi@okaxis,1,3.807,0.071,14,1,2.57,1,1
upi://pay?pa=6115276968@okicici&pn=Priya%20Singh&cu=INR,6115276968@okicici,1,2.646,1.0,10,0,0.0,0,0
upi://pay?pa=7104570218@axl&pn=Sharma%20Kirana%20Store&cu=INR,7104570218@axl,1,2.722,1.0,10,0,0.0,0,0
upi://pay?pa=refund38@refund-upi&pn=Cashback%20Desk&cu=INR&am=4.1&tn=kyc,refund38@refund-upi,0,3.0,0.25,8,1,4.1,1,1
upi://pay?pa=6960933155@kotak&pn=Sharma%20Kirana%20Store&cu=INR&am=52.44,6960933155@kotak,1,2.522,1.0,10,1,52.44,0,0
upi://pay?pa=amit.kumar@hdfcbank&pn=City%20Cafe&cu=INR,amit.kumar@hdfcbank,1,2.922,0.0,10,0,0.0,0,0
upi://pay?pa=merchant.1034@okaxis&pn=Rahul%20Sharma&cu=INR&am=3957.14,merchant.1034@okaxis,1,3.7,0.308,13,1,3957.14,0,0
upi://pay?pa=support84@kyc-update&pn=Verify%20Account&cu=INR&tn=reward,support84@kyc-update,0,2.948,0.222,9,0,0.0,1,1
upi://pay?pa=rahul.sharma@paytm&pn=Auto%20Rickshaw%20Stand&cu=INR&am=356.42,rahul.sharma@paytm,1,2.855,0.0,12,1,356.42,0,0
upi://pay?pa=amit.kumar@hdfcbank&pn=Sharma%20Kirana%20Store&cu=INR,amit.kumar@hdfcbank,1,2.922,0.0,10,0,0.0,0,0
upi://pay?pa=merchant.496@jio&pn=Priya%20Singh&cu=INR,merchant.496@jio,1,3.585,0.25,12,0,0.0,0,0
upi://pay?pa=6141131770@okaxis&pn=City%20Cafe&cu=INR,6141131770@okaxis,1,2.322,1.0,10,0,0.0,0,0
upi://pay?pa=vendor.shop@okicici&pn=Green%20Grocers&cu=INR,vendor.shop@okicici,1,3.278,0.0,11,0,0.0,0,0
upi://pay?pa=phcnpe427@jio&pn=Verify%20Account&cu=INR&tn=suspend,phcnpe427@jio,1,2.948,0.333,9,0,0.0,1,1
upi://pay?pa=9230487839@idfcbank&pn=Om%20Traders&cu=INR&am=2901.41,9230487839@idfcbank,1,2.722,1.0,10,1,2901.41,0,0
upi://pay?pa=sunita.devi@okicici&pn=Priya%20Singh&cu=INR,sunita.devi@okicici,1,3.278,0.0,11,0,0.0,0,0
upi://pay?pa=7568812602@axl&pn=Auto%20Rickshaw%20Stand&cu=INR,7568812602@axl,1,2.722,1.0,10,0,0.0,0,0
upi://pay?pa=merchant.5627@hdfcbank&pn=City%20Cafe&cu=INR,merchant.5627@hdfcbank,1,3.7,0.308,13,0,0.0,0,0
upi://pay?pa=cashback37@kyc-update&pn=Prize%20Center&cu=INR&tn=kyc,cashback37@kyc-update,0,2.922,0.2,10,0,0.0,1,1
upi://pay?pa=sunita.devi@upi&pn=Green%20Grocers&cu=INR,sunita.devi@upi,1,3.278,0.0,11,0,0.0,0,0
upi://pay?pa=priya123@paytm&pn=Rahul%20Sharma&cu=INR&am=1727.84,priya123@paytm,1,3.0,0.375,8,1,1727.84,0,0
upi://pay?pa=merchant.7683@jio&pn=City%20Cafe&cu=INR,merchant.7683@jio,1,3.7,0.308,13,0,0.0,0,0
upi://pay?pa=kyc-team92@kyc-update&pn=KYC%20Support&cu=INR&am=4.15&tn=cashback,kyc-team92@kyc-update,0,3.322,0.2,10,1,4.15,1,1
upi://pay?pa=8955813290@okicici&pn=Om%20Traders&cu=INR,8955813290@okicici,1,2.722,1.0,10,0,0.0,0,0
upi://pay?pa=9626349688@jio&pn=Green%20Grocers&cu=INR,9626349688@jio,1,2.446,1.0,10,0,0.0,0,0
upi://pay?pa=9215539054@jio&pn=Om%20Traders&cu=INR,9215539054@jio,1,2.646,1.0,10,0,0.0,0,0
upi://pay?pa=priya123@okicici&pn=Priya%20Singh&cu=INR&am=1263.48,priya123@okicici,1,3.0,0.375,8,1,1263.48,0,0
upi://pay?pa=phcnpe308@oksbi&pn=Cashback%20Desk&cu=INR&tn=cashback,phcnpe308@oksbi,1,2.948,0.333,9,0,0.0,1,1
upi://pay?pa=2232657685@okaxis&pn=KYC%20Support&cu=INR&tn=kyc,2232657685@okaxis,1,2.446,1.0,10,0,0.0,1,1
upi://pay?pa=rahul.sharma@kotak&pn=Om%20Traders&cu=INR,rahul.sharma@kotak,1,2.855,0.0,12,0,0.0,0,0
upi://pay?pa=phcnpe910@hdfcbank&pn=Prize%20Center&cu=INR&am=4.64&tn=lottery,phcnpe910@hdfcbank,1,2.948,0.333,9,1,4.64,1,1
upi://pay?pa=phcnpe140@okaxis&pn=Prize%20Center&cu=INR,phcnpe140@okaxis,1,2.948,0.333,9,0,0.0,0,1
upi://pay?pa=1924675006@kotak&pn=Prize%20Center&cu=INR&tn=cashback,1924675006@kotak,1,2.922,1.0,10,0,0.0,1,1
upi://pay?pa=cashback92@xn--upi&pn=Cashback%20Desk&cu=INR&tn=urgent,cashback92@xn--upi,0,2.922,0.2,10,0,0.0,1,1
upi://pay?pa=6039224201@ybl&pn=Priya%20Singh&cu=INR,6039224201@ybl,1,2.646,1.0,10,0,0.0,0,0
upi://pay?pa=kyc-team42@refund-upi&pn=Refund%20Team&cu=INR&am=1.1&tn=refund,kyc-team42@refund-upi,0,3.322,0.2,10,1,1.1,1,1
upi://pay?pa=merchant.6681@upi&pn=Sharma%20Kirana%20Store&cu=INR,merchant.6681@upi,1,3.547,0.308,13,0,0.0,0,0
upi://pay?pa=6664536458@okicici&pn=City%20Cafe&cu=INR&am=40.82,6664536458@okicici,1,2.122,1.0,10,1,40.82,0,0
upi://pay?pa=refund58@secure-pay&pn=Refund%20Team&cu=INR&tn=winner,refund58@secure-pay,0,3.0,0.25,8,0,0.0,1,1
upi://pay?pa=1zwrjhhr6e1@paytm&pn=Refund%20Team&cu=INR&tn=reward,1zwrjhhr6e1@paytm,1,2.914,0.273,11,0,0.0,1,1
upi://pay?pa=phcnpe964@jio&pn=Refund%20Team&cu=INR&tn=cashback,phcnpe964@jio,1,2.948,0.333,9,0,0.0,1,1
upi://pay?pa=refund81@kyc-update&pn=Prize%20Center&cu=INR&am=4.57&tn=kyc,refund81@kyc-update,0,3.0,0.25,8,1,4.57,1,1
upi://pay?pa=refund10@kyc-update&pn=KYC%20Support&cu=INR&tn=blocked,refund10@kyc-update,0,3.0,0.25,8,0,0.0,1,1
upi://pay?pa=hk3h3ys1dua@okhdfcbank&pn=Cashback%20Desk&cu=INR&am=1.11,hk3h3ys1dua@okhdfcbank,1,3.096,0.273,11,1,1.11,0,1
upi://pay?pa=vendor.shop@upi&pn=Om%20Traders&cu=INR,vendor.shop@upi,1,3.278,0.0,11,0,0.0,0,0
upi://pay?pa=9858400605@hdfcbank&pn=Auto%20Rickshaw%20Stand&cu=INR&am=2965.56,9858400605@hdfcbank,1,2.446,1.0,10,1,2965.56,0,0
upi://pay?pa=9716117476@idfcbank&pn=Cashback%20Desk&cu=INR,9716117476@idfcbank,1,2.171,1.0,10,0,0.0,0,1
upi://pay?pa=8104042880@oksbi&pn=Auto%20Rickshaw%20Stand&cu=INR,8104042880@oksbi,1,2.171,1.0,10,0,0.0,0,0
upi://pay?pa=amit.kumar@paytm&pn=Green%20Grocers&cu=INR,amit.kumar@paytm,1,2.922,0.0,10,0,0.0,0,0
upi://pay?pa=rahul.sharma@okicici&pn=Auto%20Rickshaw%20Stand&cu=INR,rahul.sharma@okicici,1,2.855,0.0,12,0,0.0,0,0
upi://pay?pa=xxy6wkhvpp55u@kotak&pn=Prize%20Center&cu=INR&tn=kyc,xxy6wkhvpp55u@kotak,1,3.239,0.231,13,0,0.0,1,1
upi://pay?pa=7844915411@upi&pn=Om%20Traders&cu=INR,7844915411@upi,1,2.371,1.0,10,0,0.0,0,0
upi://pay?pa=refund11@pay-verify&pn=Refund%20Team&cu=INR&am=4.25&tn=kyc,refund11@pay-verify,0,2.75,0.25,8,1,4.25,1,1
upi://pay?pa=9737265927@oksbi&pn=Refund%20Team&cu=INR&tn=reward,9737265927@oksbi,1,2.446,1.0,10,0,0.0,1,1
upi://pay?pa=merchant.4580@oksbi&pn=Priya%20Singh&cu=INR,merchant.4580@oksbi,1,3.7,0.308,13,0,0.0,0,0
upi://pay?pa=vendor.shop@okhdfcbank&pn=Priya%20Singh&cu=INR,vendor.shop@okhdfcbank,1,3.278,0.0,11,0,0.0,0,0
upi://pay?pa=ow6jfpy772a@oksbi&pn=Prize%20Center&cu=INR&tn=verify-now,ow6jfpy772a@oksbi,1,3.278,0.364,11,0,0.0,1,1
upi://pay?pa=509031252@okhdfcbank&pn=Cashback%20Desk&cu=INR&am=3.47&tn=refund,509031252@okhdfcbank,1,2.503,1.0,9,1,3.47,1,1
upi://pay?pa=merchant.2550@axl&pn=Green%20Grocers&cu=INR,merchant.2550@axl,1,3.547,0.308,13,0,0.0,0,0
upi://pay?pa=kyc-team57@refund-upi&pn=Verify%20Account&cu=INR&am=3.41&tn=refund,kyc-team57@refund-upi,0,3.322,0.2,10,1,3.41,1,1
upi://pay?pa=amit.kumar@kotak&pn=Sharma%20Kirana%20Store&cu=INR&am=129.13,amit.kumar@kotak,1,2.922,0.0,10,1,129.13,0,0
upi://pay?pa=merchant.6441@kotak&pn=City%20Cafe&cu=INR,merchant.6441@kotak,1,3.547,0.308,13,0,0.0,0,0
upi://pay?pa=goog1e-pay141@idfcbank&pn=Cashback%20Desk&cu=INR&am=4.93,goog1e-pay141@idfcbank,1,3.027,0.308,13,1,4.93,0,1
upi://pay?pa=rahul.sharma@jio&pn=Rahul%20Sharma&cu=INR&am=4655.7,rahul.sharma@jio,1,2.855,0.0,12,1,4655.7,0,0
upi://pay?pa=6133887735@hdfcbank&pn=Auto%20Rickshaw%20Stand&cu=INR&am=4918.42,6133887735@hdfcbank,1,2.446,1.0,10,1,4918.42,0,0
upi://pay?pa=iva8t49lxle0bc@apl&pn=Cashback%20Desk&cu=INR&tn=suspend,iva8t49lxle0bc@apl,1,3.664,0.286,14,0,0.0,1,1
upi://pay?pa=merchant.2089@paytm&pn=Sharma%20Kirana%20Store&cu=INR&am=4866.27,merchant.2089@paytm,1,3.7,0.308,13,1,4866.27,0,0
upi://pay?pa=n47dvcfo9re3dvsb@hdfcbank&pn=KYC%20Support&cu=INR&am=4.82&tn=refund,n47dvcfo9re3dvsb@hdfcbank,1,3.75,0.25,16,1,4.82,1,1
upi://pay?pa=merchant.1835@okaxis&pn=Om%20Traders&cu=INR,merchant.1835@okaxis,1,3.7,0.308,13,0,0.0,0,0
upi://pay?pa=7306023701@paytm&pn=Green%20Grocers&cu=INR,7306023701@paytm,1,2.446,1.0,10,0,0.0,0,0
upi://pay?pa=merchant.3008@hdfcbank&pn=Green%20Grocers&cu=INR,merchant.3008@hdfcbank,1,3.547,0.308,13,0,0.0,0,0
upi://pay?pa=refund70@kyc-update&pn=Cashback%20Desk&cu=INR&am=1.97&tn=urgent,refund70@kyc-update,0,3.0,0.25,8,1,1.97,1,1
upi://pay?pa=8ohl1zumkvgg4@axl&pn=KYC%20Support&cu=INR&tn=refund,8ohl1zumkvgg4@axl,1,3.547,0.231,13,0,0.0,1,1
upi://pay?pa=6346078411@apl&pn=City%20Cafe&cu=INR,6346078411@apl,1,2.722,1.0,10,0,0.0,0,0
upi://pay?pa=priya123@apl&pn=Priya%20Singh&cu=INR,priya123@apl,1,3.0,0.375,8,0,0.0,0,0
upi://pay?pa=phcnpe537@axl&pn=Prize%20Center&cu=INR&tn=urgent,phcnpe537@axl,1,2.948,0.333,9,0,0.0,1,1
upi://pay?pa=cashback9@kyc-update&pn=Prize%20Center&cu=INR&tn=winner,cashback9@kyc-update,0,2.725,0.111,9,0,0.0,1,1
upi://pay?pa=phcnpe428@idfcbank&pn=KYC%20Support&cu=INR&tn=refund,phcnpe428@idfcbank,1,2.948,0.333,9,0,0.0,1,1
upi://pay?pa=phcnpe266@paytm&pn=Verify%20Account&cu=INR&tn=reward,phcnpe266@paytm,1,2.725,0.333,9,0,0.0,1,1
upi://pay?pa=1078122635@hdfcbank&pn=KYC%20Support&cu=INR&tn=blocked,1078122635@hdfcbank,1,2.922,1.0,10,0,0.0,1,1
upi://pay?pa=7602544581@axl&pn=City%20Cafe&cu=INR,7602544581@axl,1,2.922,1.0,10,0,0.0,0,0
upi://pay?pa=rahul.sharma@kotak&pn=Green%20Grocers&cu=INR,rahul.sharma@kotak,1,2.855,0.0,12,0,0.0,0,0
upi://pay?pa=n6bfhyh0nuq@axl&pn=Prize%20Center&cu=INR&tn=lottery,n6bfhyh0nuq@axl,1,3.096,0.182,11,0,0.0,1,1
upi://pay?pa=goog1e-pay694@okaxis&pn=Refund%20Team&cu=INR&tn=refund,goog1e-pay694@okaxis,1,3.393,0.308,13,0,0.0,1,1
upi://pay?pa=phcnpe480@idfcbank&pn=Verify%20Account&cu=INR&am=4.5&tn=verify-now,phcnpe480@idfcbank,1,2.948,0.333,9,1,4.5,1,1
upi://pay?pa=goog1e-pay959@hdfcbank&pn=KYC%20Support&cu=INR&am=1.15&tn=kyc,goog1e-pay959@hdfcbank,1,3.239,0.308,13,1,1.15,1,1
upi://pay?pa=refund99@refund-upi&pn=KYC%20Support&cu=INR&tn=kyc,refund99@refund-upi,0,2.75,0.25,8,0,0.0,1,1
upi://pay?pa=4175454611@okhdfcbank&pn=KYC%20Support&cu=INR&tn=verify-now,4175454611@okhdfcbank,1,2.171,1.0,10,0,0.0,1,1
upi://pay?pa=support26@refund-upi&pn=Refund%20Team&cu=INR&tn=urgent,support26@refund-upi,0,2.948,0.222,9,0,0.0,1,1
upi://pay?pa=merchant.957@upi&pn=Priya%20Singh&cu=INR,merchant.957@upi,1,3.585,0.25,12,0,0.0,0,0
upi://pay?pa=priya123@okaxis&pn=Auto%20Rickshaw%20Stand&cu=INR,priya123@okaxis,1,3.0,0.375,8,0,0.0,0,0
upi://pay?pa=qq0ewzfolsuczuj@hdfcbank&pn=KYC%20Support&cu=INR&am=3.94&tn=urgent,qq0ewzfolsuczuj@hdfcbank,1,3.507,0.067,15,1,3.94,1,1
upi://pay?pa=paytrn99@ibl&pn=Verify%20Account&cu=INR&tn=suspend,paytrn99@ibl,1,2.75,0.25,8,0,0.0,1,1
upi://pay?pa=goog1e-pay223@kotak&pn=Verify%20Account&cu=INR&tn=cashback,goog1e-pay223@kotak,1,3.239,0.308,13,0,0.0,1,1
upi://pay?pa=merchant.2392@kotak&pn=Om%20Traders&cu=INR,merchant.2392@kotak,1,3.547,0.308,13,0,0.0,0,0
upi://pay?pa=whlq7ar42ddkoxn4@ybl&pn=Refund%20Team&cu=INR&tn=lottery,whlq7ar42ddkoxn4@ybl,1,3.75,0.25,16,0,0.0,1,1
upi://pay?pa=8122187037@idfcbank&pn=Refund%20Team&cu=INR&am=3.93&tn=refund,8122187037@idfcbank,1,2.522,1.0,10,1,3.93,1,1
upi://pay?pa=priya123@axl&pn=City%20Cafe&cu=INR,priya123@axl,1,3.0,0.375,8,0,0.0,0,0
upi://pay?pa=ysy8l5bqkmy6qr7@oksbi&pn=Cashback%20Desk&cu=INR&am=4.59&tn=winner,ysy8l5bqkmy6qr7@oksbi,1,3.457,0.267,15,1,4.59,1,1
upi://pay?pa=kyc-team54@refund-upi&pn=Verify%20Account&cu=INR&tn=cashback,kyc-team54@refund-upi,0,3.322,0.2,10,0,0.0,1,1
upi://pay?pa=7152413759@okaxis&pn=Om%20Traders&cu=INR,7152413759@okaxis,1,2.722,1.0,10,0,0.0,0,0
upi://pay?pa=vendor.shop@okicici&pn=Auto%20Rickshaw%20Stand&cu=INR&am=4034.93,vendor.shop@okicici,1,3.278,0.0,11,1,4034.93,0,0
upi://pay?pa=7521616318@kotak&pn=Refund%20Team&cu=INR&am=3.36&tn=kyc,7521616318@kotak,1,2.646,1.0,10,1,3.36,1,1
upi://pay?pa=paytrn166@okicici&pn=Verify%20Account&cu=INR&am=4.67&tn=suspend,paytrn166@okicici,1,2.948,0.333,9,1,4.67,1,1
upi://pay?pa=merchant.1269@axl&pn=Rahul%20Sharma&cu=INR,merchant.1269@axl,1,3.7,0.308,13,0,0.0,0,0
upi://pay?pa=6138026023@okicici&pn=Om%20Traders&cu=INR,6138026023@okicici,1,2.522,1.0,10,0,0.0,0,0
upi://pay?pa=6650849945@okhdfcbank&pn=Rahul%20Sharma&cu=INR&am=2326.27,6650849945@okhdfcbank,1,2.522,1.0,10,1,2326.27,0,0
upi://pay?pa=goog1e-pay429@paytm&pn=Prize%20Center&cu=INR,goog1e-pay429@paytm,1,3.393,0.308,13,0,0.0,0,1
upi://pay?pa=phcnpe359@paytm&pn=Cashback%20Desk&cu=INR&tn=winner,phcnpe359@paytm,1,2.948,0.333,9,0,0.0,1,1
upi://pay?pa=05dwjate4vv@okhdfcbank&pn=Refund%20Team&cu=INR,05dwjate4vv@okhdfcbank,1,3.278,0.273,11,0,0.0,0,1
upi://pay?pa=sunita.devi@upi&pn=City%20Cafe&cu=INR,sunita.devi@upi,1,3.278,0.0,11,0,0.0,0,0
upi://pay?pa=merchant.1787@okhdfcbank&pn=Rahul%20Sharma&cu=INR,merchant.1787@okhdfcbank,1,3.547,0.308,13,0,0.0,0,0
upi://pay?pa=phcnpe279@ibl&pn=Verify%20Account&cu=INR&tn=lottery,phcnpe279@ibl,1,2.948,0.333,9,0,0.0,1,1
upi://pay?pa=merchant.6104@okhdfcbank&pn=Om%20Traders&cu=INR,merchant.6104@okhdfcbank,1,3.7,0.308,13,0,0.0,0,0
upi://pay?pa=rahul.sharma@okhdfcbank&pn=Sharma%20Kirana%20Store&cu=INR,rahul.sharma@okhdfcbank,1,2.855,0.0,12,0,0.0,0,0
upi://pay?pa=support51@secure-pay&pn=KYC%20Support&cu=INR&tn=winner,support51@secure-pay,0,2.948,0.222,9,0,0.0,1,1
upi://pay?pa=goog1e-pay201@okaxis&pn=KYC%20Support&cu=INR&tn=urgent,goog1e-pay201@okaxis,1,3.239,0.308,13,0,0.0,1,1
upi://pay?pa=support50@kyc-update&pn=Refund%20Team&cu=INR&am=4.16&tn=verify-now,support50@kyc-update,0,2.948,0.222,9,1,4.16,1,1
upi://pay?pa=support42@secure-pay&pn=Verify%20Account&cu=INR&tn=suspend,support42@secure-pay,0,2.948,0.222,9,0,0.0,1,1
upi://pay?pa=phcnpe499@ybl&pn=Verify%20Account&cu=INR&am=3.08&tn=verify-now,phcnpe499@ybl,1,2.725,0.333,9,1,3.08,1,1
upi://pay?pa=4320644438@okhdfcbank&pn=Refund%20Team&cu=INR&am=1.34&tn=winner,4320644438@okhdfcbank,1,2.322,1.0,10,1,1.34,1,1
upi://pay?pa=vendor.shop@okicici&pn=Om%20Traders&cu=INR&am=441.55,vendor.shop@okicici,1,3.278,0.0,11,1,441.55,0,0
upi://pay?pa=amit.kumar@kotak&pn=City%20Cafe&cu=INR&am=2289.99,amit.kumar@kotak,1,2.922,0.0,10,1,2289.99,0,0
upi://pay?pa=paytrn227@oksbi&pn=Cashback%20Desk&cu=INR&tn=verify-now,paytrn227@oksbi,1,2.948,0.333,9,0,0.0,1,1
upi://pay?pa=aizhfki290bhjwp@hdfcbank&pn=Verify%20Account&cu=INR&am=4.75&tn=urgent,aizhfki290bhjwp@hdfcbank,1,3.64,0.2,15,1,4.75,1,1
upi://pay?pa=rahul.sharma@kotak&pn=City%20Cafe&cu=INR,rahul.sharma@kotak,1,2.855,0.0,12,0,0.0,0,0
upi://pay?pa=6408390575@idfcbank&pn=Auto%20Rickshaw%20Stand&cu=INR&am=2145.28,6408390575@idfcbank,1,2.922,1.0,10,1,2145.28,0,0
upi://pay?pa=sunita.devi@hdfcbank&pn=Auto%20Rickshaw%20Stand&cu=INR,sunita.devi@hdfcbank,1,3.278,0.0,11,0,0.0,0,0
upi://pay?pa=cashback47@xn--upi&pn=Cashback%20Desk&cu=INR,cashback47@xn--upi,0,2.922,0.2,10,0,0.0,0,1
upi://pay?pa=gwcd9jc1yljuyun9@upi&pn=Cashback%20Desk&cu=INR&tn=winner,gwcd9jc1yljuyun9@upi,1,3.375,0.188,16,0,0.0,1,1
upi://pay?pa=cashback83@kyc-update&pn=Verify%20Account&cu=INR&am=2.3&tn=refund,cashback83@kyc-update,0,2.922,0.2,10,1,2.3,1,1
upi://pay?pa=support68@kyc-update&pn=Verify%20Account&cu=INR&tn=lottery,support68@kyc-update,0,2.948,0.222,9,0,0.0,1,1
upi://pay?pa=8768521509@paytm&pn=Rahul%20Sharma&cu=INR&am=2179.61,8768521509@paytm,1,2.922,1.0,10,1,2179.61,0,0
upi://pay?pa=6374349837@idfcbank&pn=Refund%20Team&cu=INR&tn=refund,6374349837@idfcbank,1,2.446,1.0,10,0,0.0,1,1
upi://pay?pa=merchant.3159@kotak&pn=Sharma%20Kirana%20Store&cu=INR,merchant.3159@kotak,1,3.7,0.308,13,0,0.0,0,0
upi://pay?pa=9361815290@oksbi&pn=Sharma%20Kirana%20Store&cu=INR&am=895.14,9361815290@oksbi,1,2.922,1.0,10,1,895.14,0,0
upi://pay?pa=qb7u2mrix5vcmgjv@oksbi&pn=Verify%20Account&cu=INR&am=4.18&tn=kyc,qb7u2mrix5vcmgjv@oksbi,1,3.75,0.188,16,1,4.18,1,1
upi://pay?pa=zwvmpgzblj2np6@okicici&pn=Refund%20Team&cu=INR&tn=winner,zwvmpgzblj2np6@okicici,1,3.522,0.143,14,0,0.0,1,1
upi://pay?pa=kyc-team49@pay-verify&pn=Verify%20Account&cu=INR&am=3.04&tn=verify-now,kyc-team49@pay-verify,0,3.322,0.2,10,1,3.04,1,1
upi://pay?pa=kyc-team34@xn--upi&pn=KYC%20Support&cu=INR&tn=urgent,kyc-team34@xn--upi,0,3.322,0.2,10,0,0.0,1,1
upi://pay?pa=merchant.8171@axl&pn=Sharma%20Kirana%20Store&cu=INR&am=4673.18,merchant.8171@axl,1,3.547,0.308,13,1,4673.18,0,0
upi://pay?pa=kyc-team11@refund-upi&pn=Prize%20Center&cu=INR&tn=kyc,kyc-team11@refund-upi,0,3.122,0.2,10,0,0.0,1,1
upi://pay?pa=8898786377@oksbi&pn=Refund%20Team&cu=INR&am=4.32&tn=kyc,8898786377@oksbi,1,2.046,1.0,10,1,4.32,1,1
upi://pay?pa=support63@xn--upi&pn=KYC%20Support&cu=INR&tn=lottery,support63@xn--upi,0,2.948,0.222,9,0,0.0,1,1
upi://pay?pa=kyc-team95@kyc-update&pn=Refund%20Team&cu=INR&tn=reward,kyc-team95@kyc-update,0,3.322,0.2,10,0,0.0,1,1
upi://pay?pa=goog1e-pay698@oksbi&pn=Verify%20Account&cu=INR&tn=cashback,goog1e-pay698@oksbi,1,3.393,0.308,13,0,0.0,1,1
upi://pay?pa=9699031318@oksbi&pn=Auto%20Rickshaw%20Stand&cu=INR,9699031318@oksbi,1,2.446,1.0,10,0,0.0,0,0
upi://pay?pa=merchant.5881@axl&pn=Priya%20Singh&cu=INR,merchant.5881@axl,1,3.547,0.308,13,0,0.0,0,0
upi://pay?pa=support51@kyc-update&pn=Refund%20Team&cu=INR&am=4.49,support51@kyc-update,0,2.948,0.222,9,1,4.49,0,1
upi://pay?pa=paytrn33@okicici&pn=Prize%20Center&cu=INR,paytrn33@okicici,1,2.75,0.25,8,0,0.0,0,1
upi://pay?pa=1793288931@upi&pn=KYC%20Support&cu=INR&tn=refund,1793288931@upi,1,2.522,1.0,10,0,0.0,1,1
upi://pay?pa=7092164263@oksbi&pn=Green%20Grocers&cu=INR,7092164263@oksbi,1,2.922,1.0,10,0,0.0,0,0
upi://pay?pa=merchant.7928@oksbi&pn=Om%20Traders&cu=INR&am=3748.62,merchant.7928@oksbi,1,3.7,0.308,13,1,3748.62,0,0
upi://pay?pa=vpzvimcdnx@okicici&pn=Refund%20Team&cu=INR&tn=urgent,vpzvimcdnx@okicici,1,3.122,0.0,10,0,0.0,1,1
upi://pay?pa=paytrn516@okhdfcbank&pn=Refund%20Team&cu=INR&tn=suspend,paytrn516@okhdfcbank,1,3.17,0.333,9,0,0.0,1,1
upi://pay?pa=6478487824@oksbi&pn=City%20Cafe&cu=INR,6478487824@oksbi,1,2.171,1.0,10,0,0.0,0,0
upi://pay?pa=6771282088@okicici&pn=Green%20Grocers&cu=INR,6771282088@okicici,1,2.446,1.0,10,0,0.0,0,0
upi://pay?pa=9099022886@idfcbank&pn=Sharma%20Kirana%20Store&cu=INR&am=2167.49,9099022886@idfcbank,1,2.246,1.0,10,1,2167.49,0,0
upi://pay?pa=merchant.9298@apl&pn=Priya%20Singh&cu=INR,merchant.9298@apl,1,3.547,0.308,13,0,0.0,0,0
upi://pay?pa=cashback63@refund-upi&pn=Prize%20Center&cu=INR&tn=suspend,cashback63@refund-upi,0,2.922,0.2,10,0,0.0,1,1
upi://pay?pa=merchant.4208@upi&pn=Green%20Grocers&cu=INR&am=4845.95,merchant.4208@upi,1,3.7,0.308,13,1,4845.95,0,0
upi://pay?pa=goog1e-pay829@ibl&pn=Prize%20Center&cu=INR&tn=refund,goog1e-pay829@ibl,1,3.393,0.308,13,0,0.0,1,1
upi://pay?pa=merchant.1370@jio&pn=Green%20Grocers&cu=INR&am=174.12,merchant.1370@jio,1,3.7,0.308,13,1,174.12,0,0
upi://pay?pa=6620966799@hdfcbank&pn=Prize%20Center&cu=INR&tn=kyc,6620966799@hdfcbank,1,2.046,1.0,10,0,0.0,1,1
upi://pay?pa=assslslv3n1uhy@okhdfcbank&pn=Verify%20Account&cu=INR&am=3.77&tn=blocked,assslslv3n1uhy@okhdfcbank,1,3.093,0.143,14,1,3.77,1,1
upi://pay?pa=paytrn57@idfcbank&pn=Cashback%20Desk&cu=INR&am=3.19&tn=reward,paytrn57@idfcbank,1,3.0,0.25,8,1,3.19,1,1
upi://pay?pa=8686090001@ybl&pn=Verify%20Account&cu=INR&tn=verify-now,8686090001@ybl,1,2.122,1.0,10,0,0.0,1,1
upi://pay?pa=8685625157@idfcbank&pn=Prize%20Center&cu=INR&tn=suspend,8685625157@idfcbank,1,2.446,1.0,10,0,0.0,1,1
upi://pay?pa=e60jldblmc6xk@ibl&pn=KYC%20Support&cu=INR&tn=cashback,e60jldblmc6xk@ibl,1,3.393,0.231,13,0,0.0,1,1
upi://pay?pa=vendor.shop@kotak&pn=Priya%20Singh&cu=INR&am=646.29,vendor.shop@kotak,1,3.278,0.0,11,1,646.29,0,0
upi://pay?pa=sunita.devi@ibl&pn=Green%20Grocers&cu=INR,sunita.devi@ibl,1,3.278,0.0,11,0,0.0,0,0
upi://pay?pa=4942939629@okhdfcbank&pn=Cashback%20Desk&cu=INR&tn=reward,4942939629@okhdfcbank,1,2.122,1.0,10,0,0.0,1,1
upi://pay?pa=howmyvsb9867lc@upi&pn=Cashback%20Desk&cu=INR&tn=lottery,howmyvsb9867lc@upi,1,3.807,0.286,14,0,0.0,1,1
upi://pay?pa=4004760955@apl&pn=Refund%20Team&cu=INR&am=4.34&tn=verify-now,4004760955@apl,1,2.446,1.0,10,1,4.34,1,1
upi://pay?pa=dzrilul7jp@apl&pn=Prize%20Center&cu=INR&tn=kyc,dzrilul7jp@apl,1,3.122,0.1,10,0,0.0,1,1
upi://pay?pa=goog1e-pay949@oksbi&pn=Cashback%20Desk&cu=INR&am=4.33&tn=reward,goog1e-pay949@oksbi,1,3.239,0.308,13,1,4.33,1,1
upi://pay?pa=6713174875@hdfcbank&pn=Prize%20Center&cu=INR&tn=cashback,6713174875@hdfcbank,1,2.646,1.0,10,0,0.0,1,1
upi://pay?pa=amit.kumar@axl&pn=City%20Cafe&cu=INR&am=4883.02,amit.kumar@axl,1,2.922,0.0,10,1,4883.02,0,0
upi://pay?pa=paytrn382@oksbi&pn=Verify%20Account&cu=INR&tn=suspend,paytrn382@oksbi,1,3.17,0.333,9,0,0.0,1,1
upi://pay?pa=j7soygy21jmas41r@upi&pn=Prize%20Center&cu=INR&tn=verify-now,j7soygy21jmas41r@upi,1,3.5,0.312,16,0,0.0,1,1
upi://pay?pa=8886984936@axl&pn=Sharma%20Kirana%20Store&cu=INR&am=3977.55,8886984936@axl,1,2.122,1.0,10,1,3977.55,0,0
upi://pay?pa=phcnpe726@kotak&pn=KYC%20Support&cu=INR&tn=kyc,phcnpe726@kotak,1,2.948,0.333,9,0,0.0,1,1
upi://pay?pa=merchant.5976@jio&pn=Sharma%20Kirana%20Store&cu=INR,merchant.5976@jio,1,3.7,0.308,13,0,0.0,0,0
upi://pay?pa=amit.kumar@idfcbank&pn=Green%20Grocers&cu=INR,amit.kumar@idfcbank,1,2.922,0.0,10,0,0.0,0,0
upi://pay?pa=8017548812@upi&pn=Cashback%20Desk&cu=INR&am=4.06&tn=urgent,8017548812@upi,1,2.646,1.0,10,1,4.06,1,1
upi://pay?pa=9249105723@upi&pn=Green%20Grocers&cu=INR&am=216.12,9249105723@upi,1,2.922,1.0,10,1,216.12,0,0
upi://pay?pa=priya123@okaxis&pn=Green%20Grocers&cu=INR&am=4401.9,priya123@okaxis,1,3.0,0.375,8,1,4401.9,0,0
upi://pay?pa=pke5ajr1ov9cpwru@apl&pn=Verify%20Account&cu=INR&am=2.83,pke5ajr1ov9cpwru@apl,1,3.75,0.188,16,1,2.83,0,1
upi://pay?pa=8691333604@upi&pn=Sharma%20Kirana%20Store&cu=INR,8691333604@upi,1,2.646,1.0,10,0,0.0,0,0
upi://pay?pa=152712081@kotak&pn=Cashback%20Desk&cu=INR&tn=verify-now,152712081@kotak,1,2.419,1.0,9,0,0.0,1,1
upi://pay?pa=rahul.sharma@jio&pn=Sharma%20Kirana%20Store&cu=INR,rahul.sharma@jio,1,2.855,0.0,12,0,0.0,0,0
upi://pay?pa=rahul.sharma@okaxis&pn=Priya%20Singh&cu=INR,rahul.sharma@okaxis,1,2.855,0.0,12,0,0.0,0,0
upi://pay?pa=merchant.7148@upi&pn=Sharma%20Kirana%20Store&cu=INR,merchant.7148@upi,1,3.7,0.308,13,0,0.0,0,0
upi://pay?pa=amit.kumar@ibl&pn=Sharma%20Kirana%20Store&cu=INR,amit.kumar@ibl,1,2.922,0.0,10,0,0.0,0,0
upi://pay?pa=merchant.4354@oksbi&pn=Auto%20Rickshaw%20Stand&cu=INR,merchant.4354@oksbi,1,3.547,0.308,13,0,0.0,0,0
upi://pay?pa=amit.kumar@paytm&pn=Om%20Traders&cu=INR&am=2008.21,amit.kumar@paytm,1,2.922,0.0,10,1,2008.21,0,0
upi://pay?pa=8922277346@axl&pn=Green%20Grocers&cu=INR&am=3556.66,8922277346@axl,1,2.646,1.0,10,1,3556.66,0,0
upi://pay?pa=merchant.1129@paytm&pn=Sharma%20Kirana%20Store&cu=INR,merchant.1129@paytm,1,3.547,0.308,13,0,0.0,0,0
upi://pay?pa=refund78@xn--upi&pn=Refund%20Team&cu=INR&am=3.13&tn=cashback,refund78@xn--upi,0,3.0,0.25,8,1,3.13,1,1
upi://pay?pa=paytrn785@okhdfcbank&pn=Prize%20Center&cu=INR&am=2.34&tn=suspend,paytrn785@okhdfcbank,1,3.17,0.333,9,1,2.34,1,1
upi://pay?pa=rahul.sharma@jio&pn=Auto%20Rickshaw%20Stand&cu=INR,rahul.sharma@jio,1,2.855,0.0,12,0,0.0,0,0
upi://pay?pa=n3vo0en9uu2y4i@jio&pn=Refund%20Team&cu=INR,n3vo0en9uu2y4i@jio,1,3.522,0.357,14,0,0.0,0,1
upi://pay?pa=merchant.8870@okhdfcbank&pn=Auto%20Rickshaw%20Stand&cu=INR,merchant.8870@okhdfcbank,1,3.547,0.308,13,0,0.0,0,0
upi://pay?pa=fgeeit8abrl414@oksbi&pn=Cashback%20Desk&cu=INR&tn=reward,fgeeit8abrl414@oksbi,1,3.522,0.286,14,0,0.0,1,1
upi://pay?pa=refund61@pay-verify&pn=Refund%20Team&cu=INR&tn=winner,refund61@pay-verify,0,3.0,0.25,8,0,0.0,1,1
upi://pay?pa=merchant.7549@oksbi&pn=Om%20Traders&cu=INR,merchant.7549@oksbi,1,3.7,0.308,13,0,0.0,0,0
upi://pay?pa=phcnpe617@ybl&pn=KYC%20Support&cu=INR&tn=reward,phcnpe617@ybl,1,2.948,0.333,9,0,0.0,1,1
upi://pay?pa=1111250861@idfcbank&pn=KYC%20Support&cu=INR&am=2.9&tn=refund,1111250861@idfcbank,1,2.161,1.0,10,1,2.9,1,1
upi://pay?pa=177564812@ibl&pn=Prize%20Center&cu=INR&tn=kyc,177564812@ibl,1,2.725,1.0,9,0,0.0,1,1
upi://pay?pa=7008055223@axl&pn=Cashback%20Desk&cu=INR&tn=blocked,7008055223@axl,1,2.446,1.0,10,0,0.0,1,1
upi://pay?pa=merchant.9234@jio&pn=Priya%20Singh&cu=INR,merchant.9234@jio,1,3.7,0.308,13,0,0.0,0,0
upi://pay?pa=cashback95@kyc-update&pn=Prize%20Center&cu=INR&am=4.12&tn=lottery,cashback95@kyc-update,0,2.922,0.2,10,1,4.12,1,1
upi://pay?pa=6643888959@apl&pn=Priya%20Singh&cu=INR,6643888959@apl,1,2.446,1.0,10,0,0.0,0,0
upi://pay?pa=merchant.4472@upi&pn=Green%20Grocers&cu=INR,merchant.4472@upi,1,3.547,0.308,13,0,0.0,0,0
upi://pay?pa=merchant.1853@jio&pn=Auto%20Rickshaw%20Stand&cu=INR,merchant.1853@jio,1,3.7,0.308,13,0,0.0,0,0
upi://pay?pa=8421371259@ibl&pn=Om%20Traders&cu=INR,8421371259@ibl,1,2.922,1.0,10,0,0.0,0,0
upi://pay?pa=cashback88@pay-verify&pn=Prize%20Center&cu=INR&am=3.39&tn=refund,cashback88@pay-verify,0,2.722,0.2,10,1,3.39,1,1
upi://pay?pa=677414277@okicici&pn=KYC%20Support&cu=INR&tn=reward,677414277@okicici,1,2.059,1.0,9,0,0.0,1,1
upi://pay?pa=12mesq790v@axl&pn=Prize%20Center&cu=INR&tn=urgent,12mesq790v@axl,1,3.322,0.5,10,0,0.0,1,1
upi://pay?pa=wifd8wzgl51rgfrn@ybl&pn=KYC%20Support&cu=INR&tn=reward,wifd8wzgl51rgfrn@ybl,1,3.5,0.188,16,0,0.0,1,1
upi://pay?pa=qi9fc4y7cqwloqki@oksbi&pn=Refund%20Team&cu=INR&tn=lottery,qi9fc4y7cqwloqki@oksbi,1,3.453,0.188,16,0,0.0,1,1
upi://pay?pa=merchant.4872@okhdfcbank&pn=Om%20Traders&cu=INR,merchant.4872@okhdfcbank,1,3.7,0.308,13,0,0.0,0,0
upi://pay?pa=vendor.shop@ybl&pn=Green%20Grocers&cu=INR,vendor.shop@ybl,1,3.278,0.0,11,0,0.0,0,0
upi://pay?pa=merchant.7574@idfcbank&pn=Sharma%20Kirana%20Store&cu=INR,merchant.7574@idfcbank,1,3.547,0.308,13,0,0.0,0,0
upi://pay?pa=fldai237s4bi97@kotak&pn=Cashback%20Desk&cu=INR&tn=kyc,fldai237s4bi97@kotak,1,3.522,0.429,14,0,0.0,1,1
upi://pay?pa=6543199610@upi&pn=Om%20Traders&cu=INR,6543199610@upi,1,2.722,1.0,10,0,0.0,0,0
upi://pay?pa=tfp3g21cqtp3@kotak&pn=Prize%20Center&cu=INR&tn=reward,tfp3g21cqtp3@kotak,1,3.085,0.333,12,0,0.0,1,1
upi://pay?pa=cashback13@xn--upi&pn=KYC%20Support&cu=INR&am=3.28&tn=kyc,cashback13@xn--upi,0,2.922,0.2,10,1,3.28,1,1
upi://pay?pa=xhf72byncs@hdfcbank&pn=Refund%20Team&cu=INR&am=4.48&tn=refund,xhf72byncs@hdfcbank,1,3.322,0.2,10,1,4.48,1,1
upi://pay?pa=paytrn857@apl&pn=Prize%20Center&cu=INR&tn=reward,paytrn857@apl,1,3.17,0.333,9,0,0.0,1,1
upi://pay?pa=g26hlmb4lybedrv5@okicici&pn=Verify%20Account&cu=INR&tn=lottery,g26hlmb4lybedrv5@okicici,1,3.75,0.25,16,0,0.0,1,1
upi://pay?pa=vendor.shop@upi&pn=Green%20Grocers&cu=INR,vendor.shop@upi,1,3.278,0.0,11,0,0.0,0,0
upi://pay?pa=7rina0vlrrbaejz@kotak&pn=Refund%20Team&cu=INR&tn=blocked,7rina0vlrrbaejz@kotak,1,3.457,0.133,15,0,0.0,1,1
upi://pay?pa=kyc-team87@secure-pay&pn=Prize%20Center&cu=INR&tn=reward,kyc-team87@secure-pay,0,3.322,0.2,10,0,0.0,1,1
upi://pay?pa=merchant.8073@idfcbank&pn=City%20Cafe&cu=INR,merchant.8073@idfcbank,1,3.7,0.308,13,0,0.0,0,0
upi://pay?pa=4907541615@jio&pn=Prize%20Center&cu=INR&tn=blocked,4907541615@jio,1,2.722,1.0,10,0,0.0,1,1
upi://pay?pa=merchant.1059@okhdfcbank&pn=Priya%20Singh&cu=INR,merchant.1059@okhdfcbank,1,3.7,0.308,13,0,0.0,0,0
upi://pay?pa=phcnpe634@kotak&pn=KYC%20Support&cu=INR&am=1.22&tn=suspend,phcnpe634@kotak,1,2.948,0.333,9,1,1.22,1,1
upi://pay?pa=9laodezt07bvq@hdfcbank&pn=Prize%20Center&cu=INR&tn=winner,9laodezt07bvq@hdfcbank,1,3.7,0.231,13,0,0.0,1,1
upi://pay?pa=m2kon8u3hpnic@idfcbank&pn=Refund%20Team&cu=INR&tn=suspend,m2kon8u3hpnic@idfcbank,1,3.547,0.231,13,0,0.0,1,1
upi://pay?pa=3162351192@okaxis&pn=Cashback%20Desk&cu=INR&am=2.04&tn=winner,3162351192@okaxis,1,2.446,1.0,10,1,2.04,1,1
upi://pay?pa=sunita.devi@upi&pn=Auto%20Rickshaw%20Stand&cu=INR&am=1592.34,sunita.devi@upi,1,3.278,0.0,11,1,1592.34,0,0
upi://pay?pa=9519857612@hdfcbank&pn=KYC%20Support&cu=INR&am=2.79&tn=refund,9519857612@hdfcbank,1,2.722,1.0,10,1,2.79,1,1
upi://pay?pa=8575756179@axl&pn=Cashback%20Desk&cu=INR&tn=reward,8575756179@axl,1,2.371,1.0,10,0,0.0,1,1
upi://pay?pa=sunita.devi@jio&pn=Om%20Traders&cu=INR&am=4191.83,sunita.devi@jio,1,3.278,0.0,11,1,4191.83,0,0
upi://pay?pa=refund10@xn--upi&pn=Verify%20Account&cu=INR&am=3.59&tn=lottery,refund10@xn--upi,0,3.0,0.25,8,1,3.59,1,1
upi://pay?pa=8110009106@idfcbank&pn=Priya%20Singh&cu=INR&am=4751.25,8110009106@idfcbank,1,2.046,1.0,10,1,4751.25,0,0
upi://pay?pa=merchant.3494@okaxis&pn=City%20Cafe&cu=INR,merchant.3494@okaxis,1,3.547,0.308,13,0,0.0,0,0
upi://pay?pa=sunita.devi@okaxis&pn=Auto%20Rickshaw%20Stand&cu=INR,sunita.devi@okaxis,1,3.278,0.0,11,0,0.0,0,0
upi://pay?pa=merchant.2492@ibl&pn=City%20Cafe&cu=INR,merchant.2492@ibl,1,3.547,0.308,13,0,0.0,0,0
upi://pay?pa=ofzd6kpv50m@axl&pn=KYC%20Support&cu=INR&tn=verify-now,ofzd6kpv50m@axl,1,3.459,0.273,11,0,0.0,1,1
upi://pay?pa=2739933294@upi&pn=Prize%20Center&cu=INR&tn=lottery,2739933294@upi,1,2.171,1.0,10,0,0.0,1,1
upi://pay?pa=amit.kumar@jio&pn=Green%20Grocers&cu=INR,amit.kumar@jio,1,2.922,0.0,10,0,0.0,0,0
upi://pay?pa=merchant.8760@apl&pn=City%20Cafe&cu=INR,merchant.8760@apl,1,3.7,0.308,13,0,0.0,0,0
upi://pay?pa=paytrn512@oksbi&pn=KYC%20Support&cu=INR&tn=reward,paytrn512@oksbi,1,3.17,0.333,9,0,0.0,1,1
upi://pay?pa=goog1e-pay76@jio&pn=Cashback%20Desk&cu=INR&tn=lottery,goog1e-pay76@jio,1,3.252,0.25,12,0,0.0,1,1
upi://pay?pa=merchant.792@kotak&pn=Sharma%20Kirana%20Store&cu=INR,merchant.792@kotak,1,3.585,0.25,12,0,0.0,0,0
upi://pay?pa=paytrn379@kotak&pn=KYC%20Support&cu=INR&am=4.49&tn=kyc,paytrn379@kotak,1,3.17,0.333,9,1,4.49,1,1
upi://pay?pa=7150190600@okhdfcbank&pn=City%20Cafe&cu=INR&am=4524.7,7150190600@okhdfcbank,1,2.322,1.0,10,1,4524.7,0,0
upi://pay?pa=9773906358@okicici&pn=Rahul%20Sharma&cu=INR,9773906358@okicici,1,2.722,1.0,10,0,0.0,0,0
upi://pay?pa=merchant.4737@axl&pn=Priya%20Singh&cu=INR,merchant.4737@axl,1,3.547,0.308,13,0,0.0,0,0
upi://pay?pa=6640884760@axl&pn=Auto%20Rickshaw%20Stand&cu=INR&am=1894.77,6640884760@axl,1,2.246,1.0,10,1,1894.77,0,0
upi://pay?pa=merchant.7551@okaxis&pn=Sharma%20Kirana%20Store&cu=INR,merchant.7551@okaxis,1,3.547,0.308,13,0,0.0,0,0
upi://pay?pa=refund86@xn--upi&pn=Prize%20Center&cu=INR&tn=cashback,refund86@xn--upi,0,3.0,0.25,8,0,0.0,1,1
upi://pay?pa=amit.kumar@okaxis&pn=City%20Cafe&cu=INR&am=3340.27,amit.kumar@okaxis,1,2.922,0.0,10,1,3340.27,0,0
upi://pay?pa=z3ixl1caj1@okaxis&pn=KYC%20Support&cu=INR&tn=winner,z3ixl1caj1@okaxis,1,3.122,0.3,10,0,0.0,1,1
upi://pay?pa=9789808025@ibl&pn=City%20Cafe&cu=INR,9789808025@ibl,1,2.446,1.0,10,0,0.0,0,0
upi://pay?pa=amit.kumar@jio&pn=Sharma%20Kirana%20Store&cu=INR&am=1462.69,amit.kumar@jio,1,2.922,0.0,10,1,1462.69,0,0
upi://pay?pa=support80@xn--upi&pn=Verify%20Account&cu=INR&am=3.14&tn=verify-now,support80@xn--upi,0,2.948,0.222,9,1,3.14,1,1
upi://pay?pa=merchant.1745@hdfcbank&pn=Rahul%20Sharma&cu=INR&am=1936.6,merchant.1745@hdfcbank,1,3.7,0.308,13,1,1936.6,0,0
upi://pay?pa=sunita.devi@axl&pn=Sharma%20Kirana%20Store&cu=INR,sunita.devi@axl,1,3.278,0.0,11,0,0.0,0,0
upi://pay?pa=sunita.devi@paytm&pn=Auto%20Rickshaw%20Stand&cu=INR,sunita.devi@paytm,1,3.278,0.0,11,0,0.0,0,0
upi://pay?pa=7217392054@okhdfcbank&pn=Auto%20Rickshaw%20Stand&cu=INR,7217392054@okhdfcbank,1,2.922,1.0,10,0,0.0,0,0
upi://pay?pa=merchant.6952@axl&pn=Green%20Grocers&cu=INR,merchant.6952@axl,1,3.7,0.308,13,0,0.0,0,0
upi://pay?pa=merchant.4277@axl&pn=Rahul%20Sharma&cu=INR,merchant.4277@axl,1,3.547,0.308,13,0,0.0,0,0
upi://pay?pa=dbk4epbo01717h@upi&pn=KYC%20Support&cu=INR&tn=cashback,dbk4epbo01717h@upi,1,3.379,0.429,14,0,0.0,1,1
upi://pay?pa=merchant.2277@axl&pn=Auto%20Rickshaw%20Stand&cu=INR&am=893.15,merchant.2277@axl,1,3.393,0.308,13,1,893.15,0,0
upi://pay?pa=e71j9znd8qzv5u7@jio&pn=Prize%20Center&cu=INR&tn=winner,e71j9znd8qzv5u7@jio,1,3.64,0.4,15,0,0.0,1,1
upi://pay?pa=dstvahm9uza@okicici&pn=Prize%20Center&cu=INR,dstvahm9uza@okicici,1,3.278,0.091,11,0,0.0,0,1
upi://pay?pa=merchant.7574@okicici&pn=Auto%20Rickshaw%20Stand&cu=INR,merchant.7574@okicici,1,3.547,0.308,13,0,0.0,0,0
upi://pay?pa=eyb4iwh7dca6w@axl&pn=Prize%20Center&cu=INR&tn=blocked,eyb4iwh7dca6w@axl,1,3.547,0.231,13,0,0.0,1,1
upi://pay?pa=paytrn357@jio&pn=Refund%20Team&cu=INR&am=2.19&tn=urgent,paytrn357@jio,1,3.17,0.333,9,1,2.19,1,1
upi://pay?pa=k6s2pn0npiqjpbo@okhdfcbank&pn=Prize%20Center&cu=INR&tn=urgent,k6s2pn0npiqjpbo@okhdfcbank,1,3.457,0.2,15,0,0.0,1,1
upi://pay?pa=3827049545@idfcbank&pn=Prize%20Center&cu=INR&tn=lottery,3827049545@idfcbank,1,2.922,1.0,10,0,0.0,1,1
upi://pay?pa=merchant.5368@okhdfcbank&pn=Priya%20Singh&cu=INR,merchant.5368@okhdfcbank,1,3.7,0.308,13,0,0.0,0,0
upi://pay?pa=merchant.4433@apl&pn=City%20Cafe&cu=INR,merchant.4433@apl,1,3.393,0.308,13,0,0.0,0,0
upi://pay?pa=paytrn314@kotak&pn=Refund%20Team&cu=INR&tn=suspend,paytrn314@kotak,1,3.17,0.333,9,0,0.0,1,1
upi://pay?pa=kyc-team77@pay-verify&pn=Verify%20Account&cu=INR&tn=refund,kyc-team77@pay-verify,0,3.122,0.2,10,0,0.0,1,1
upi://pay?pa=vo02mzj86go8n1@hdfcbank&pn=KYC%20Support&cu=INR&tn=lottery,vo02mzj86go8n1@hdfcbank,1,3.522,0.429,14,0,0.0,1,1
upi://pay?pa=priya123@upi&pn=Green%20Grocers&cu=INR,priya123@upi,1,3.0,0.375,8,0,0.0,0,0
upi://pay?pa=2111396465@okaxis&pn=Refund%20Team&cu=INR&am=4.84&tn=urgent,2111396465@okaxis,1,2.646,1.0,10,1,4.84,1,1
upi://pay?pa=merchant.9355@ibl&pn=Om%20Traders&cu=INR,merchant.9355@ibl,1,3.547,0.308,13,0,0.0,0,0
upi://pay?pa=merchant.8692@hdfcbank&pn=Sharma%20Kirana%20Store&cu=INR,merchant.8692@hdfcbank,1,3.7,0.308,13,0,0.0,0,0
upi://pay?pa=ijwz8y62j6goqlj@okicici&pn=Verify%20Account&cu=INR&tn=lottery,ijwz8y62j6goqlj@okicici,1,3.457,0.267,15,0,0.0,1,1
upi://pay?pa=oqcpl72u22@oksbi&pn=KYC%20Support&cu=INR&am=1.43&tn=cashback,oqcpl72u22@oksbi,1,2.846,0.4,10,1,1.43,1,1
upi://pay?pa=merchant.7469@axl&pn=Green%20Grocers&cu=INR,merchant.7469@axl,1,3.7,0.308,13,0,0.0,0,0
upi://pay?pa=rahul.sharma@jio&pn=Sharma%20Kirana%20Store&cu=INR,rahul.sharma@jio,1,2.855,0.0,12,0,0.0,0,0
upi://pay?pa=refund49@pay-verify&pn=Verify%20Account&cu=INR&am=1.03&tn=cashback,refund49@pay-verify,0,3.0,0.25,8,1,1.03,1,1
upi://pay?pa=merchant.6912@paytm&pn=Sharma%20Kirana%20Store&cu=INR,merchant.6912@paytm,1,3.7,0.308,13,0,0.0,0,0
upi://pay?pa=merchant.7037@paytm&pn=Om%20Traders&cu=INR,merchant.7037@paytm,1,3.547,0.308,13,0,0.0,0,0
upi://pay?pa=cashback7@kyc-update&pn=Cashback%20Desk&cu=INR&tn=suspend,cashback7@kyc-update,0,2.725,0.111,9,0,0.0,1,1
upi://pay?pa=rahul.sharma@apl&pn=Priya%20Singh&cu=INR,rahul.sharma@apl,1,2.855,0.0,12,0,0.0,0,0
upi://pay?pa=c14zsexe0o@okhdfcbank&pn=Prize%20Center&cu=INR&tn=reward,c14zsexe0o@okhdfcbank,1,3.122,0.3,10,0,0.0,1,1
upi://pay?pa=9755686205@kotak&pn=Verify%20Account&cu=INR&am=4.56&tn=kyc,9755686205@kotak,1,2.646,1.0,10,1,4.56,1,1
upi://pay?pa=cashback98@secure-pay&pn=Prize%20Center&cu=INR&tn=winner,cashback98@secure-pay,0,2.922,0.2,10,0,0.0,1,1
upi://pay?pa=merchant.259@apl&pn=Rahul%20Sharma&cu=INR,merchant.259@apl,1,3.585,0.25,12,0,0.0,0,0
upi://pay?pa=9278746348@upi&pn=Green%20Grocers&cu=INR&am=2662.33,9278746348@upi,1,2.722,1.0,10,1,2662.33,0,0
upi://pay?pa=2863113042@oksbi&pn=Verify%20Account&cu=INR&am=4.4&tn=kyc,2863113042@oksbi,1,2.722,1.0,10,1,4.4,1,1
upi://pay?pa=amit.kumar@okhdfcbank&pn=Om%20Traders&cu=INR&am=3651.43,amit.kumar@okhdfcbank,1,2.922,0.0,10,1,3651.43,0,0
upi://pay?pa=9403304832@jio&pn=Priya%20Singh&cu=INR,9403304832@jio,1,2.446,1.0,10,0,0.0,0,0
upi://pay?pa=phcnpe721@okhdfcbank&pn=Verify%20Account&cu=INR&am=1.78&tn=suspend,phcnpe721@okhdfcbank,1,2.948,0.333,9,1,1.78,1,1
upi://pay?pa=kyc-team93@secure-pay&pn=Cashback%20Desk&cu=INR&tn=refund,kyc-team93@secure-pay,0,3.322,0.2,10,0,0.0,1,1
upi://pay?pa=6175971808@ybl&pn=Om%20Traders&cu=INR,6175971808@ybl,1,2.722,1.0,10,0,0.0,0,0
upi://pay?pa=kyc-team95@xn--upi&pn=KYC%20Support&cu=INR&tn=urgent,kyc-team95@xn--upi,0,3.322,0.2,10,0,0.0,1,1
upi://pay?pa=9519375872@ybl&pn=Auto%20Rickshaw%20Stand&cu=INR,9519375872@ybl,1,2.722,1.0,10,0,0.0,0,0
upi://pay?pa=3x3hxzmfu2g655@apl&pn=Prize%20Center&cu=INR&tn=kyc,3x3hxzmfu2g655@apl,1,3.379,0.429,14,0,0.0,1,1
upi://pay?pa=amit.kumar@okaxis&pn=Priya%20Singh&cu=INR,amit.kumar@okaxis,1,2.922,0.0,10,0,0.0,0,0
upi://pay?pa=merchant.8733@paytm&pn=Rahul%20Sharma&cu=INR,merchant.8733@paytm,1,3.547,0.308,13,0,0.0,0,0
upi://pay?pa=phcnpe249@ybl&pn=Prize%20Center&cu=INR&am=3.08&tn=winner,phcnpe249@ybl,1,2.948,0.333,9,1,3.08,1,1
upi://pay?pa=m0ib3w4witr0m@oksbi&pn=Verify%20Account&cu=INR&tn=urgent,m0ib3w4witr0m@oksbi,1,3.085,0.308,13,0,0.0,1,1
upi://pay?pa=7204355615@oksbi&pn=Rahul%20Sharma&cu=INR,7204355615@oksbi,1,2.846,1.0,10,0,0.0,0,0
upi://pay?pa=7044253651@paytm&pn=Prize%20Center&cu=INR&tn=cashback,7044253651@paytm,1,2.922,1.0,10,0,0.0,1,1
upi://pay?pa=merchant.9656@jio&pn=Sharma%20Kirana%20Store&cu=INR&am=3618.56,merchant.9656@jio,1,3.547,0.308,13,1,3618.56,0,0
upi://pay?pa=goog1e-pay506@ybl&pn=Prize%20Center&cu=INR&tn=urgent,goog1e-pay506@ybl,1,3.393,0.308,13,0,0.0,1,1
upi://pay?pa=9884350399@okaxis&pn=City%20Cafe&cu=INR,9884350399@okaxis,1,2.446,1.0,10,0,0.0,0,0
upi://pay?pa=phcnpe421@idfcbank&pn=Refund%20Team&cu=INR&tn=lottery,phcnpe421@idfcbank,1,2.948,0.333,9,0,0.0,1,1
upi://pay?pa=paytrn806@ibl&pn=Refund%20Team&cu=INR&am=4.58&tn=winner,paytrn806@ibl,1,3.17,0.333,9,1,4.58,1,1
upi://pay?pa=goog1e-pay348@okicici&pn=Cashback%20Desk&cu=INR&tn=refund,goog1e-pay348@okicici,1,3.393,0.308,13,0,0.0,1,1
upi://pay?pa=8091194664@oksbi&pn=Auto%20Rickshaw%20Stand&cu=INR,8091194664@oksbi,1,2.522,1.0,10,0,0.0,0,0
upi://pay?pa=2242067960@ybl&pn=Refund%20Team&cu=INR&tn=refund,2242067960@ybl,1,2.446,1.0,10,0,0.0,1,1
upi://pay?pa=merchant.8307@idfcbank&pn=Green%20Grocers&cu=INR,merchant.8307@idfcbank,1,3.7,0.308,13,0,0.0,0,0
upi://pay?pa=7849649210@idfcbank&pn=City%20Cafe&cu=INR&am=663.34,7849649210@idfcbank,1,2.922,1.0,10,1,663.34,0,0
upi://pay?pa=paytrn500@apl&pn=Verify%20Account&cu=INR&am=1.28&tn=cashback,paytrn500@apl,1,2.948,0.333,9,1,1.28,1,1
upi://pay?pa=zvr9d02u7jhqdxvn@okicici&pn=Verify%20Account&cu=INR&am=2.31&tn=cashback,zvr9d02u7jhqdxvn@okicici,1,3.75,0.25,16,1,2.31,1,1
upi://pay?pa=merchant.8562@idfcbank&pn=Sharma%20Kirana%20Store&cu=INR,merchant.8562@idfcbank,1,3.7,0.308,13,0,0.0,0,0
upi://pay?pa=5567922460@hdfcbank&pn=Cashback%20Desk&cu=INR&tn=urgent,5567922460@hdfcbank,1,2.722,1.0,10,0,0.0,1,1
upi://pay?pa=7928726872@oksbi&pn=Green%20Grocers&cu=INR,7928726872@oksbi,1,2.171,1.0,10,0,0.0,0,0
upi://pay?pa=phcnpe344@apl&pn=Cashback%20Desk&cu=INR&tn=verify-now,phcnpe344@apl,1,2.725,0.333,9,0,0.0,1,1
upi://pay?pa=9105519507@ibl&pn=Priya%20Singh&cu=INR,9105519507@ibl,1,2.246,1.0,10,0,0.0,0,0
upi://pay?pa=paytrn569@apl&pn=Cashback%20Desk&cu=INR&tn=urgent,paytrn569@apl,1,3.17,0.333,9,0,0.0,1,1
upi://pay?pa=4950231032@ibl&pn=Refund%20Team&cu=INR&tn=cashback,4950231032@ibl,1,2.722,1.0,10,0,0.0,1,1
upi://pay?pa=merchant.3537@hdfcbank&pn=Priya%20Singh&cu=INR,merchant.3537@hdfcbank,1,3.547,0.308,13,0,0.0,0,0
upi://pay?pa=phcnpe638@jio&pn=Prize%20Center&cu=INR&am=3.45&tn=suspend,phcnpe638@jio,1,2.948,0.333,9,1,3.45,1,1
upi://pay?pa=6239028498@axl&pn=Sharma%20Kirana%20Store&cu=INR,6239028498@axl,1,2.722,1.0,10,0,0.0,0,0
upi://pay?pa=merchant.1162@upi&pn=City%20Cafe&cu=INR&am=2552.9,merchant.1162@upi,1,3.547,0.308,13,1,2552.9,0,0
upi://pay?pa=goog1e-pay816@okaxis&pn=Refund%20Team&cu=INR&am=2.02&tn=reward,goog1e-pay816@okaxis,1,3.239,0.308,13,1,2.02,1,1
upi://pay?pa=paytrn316@paytm&pn=Cashback%20Desk&cu=INR&tn=cashback,paytrn316@paytm,1,3.17,0.333,9,0,0.0,1,1
upi://pay?pa=cashback45@xn--upi&pn=Prize%20Center&cu=INR&am=4.69&tn=cashback,cashback45@xn--upi,0,2.922,0.2,10,1,4.69,1,1
upi://pay?pa=merchant.4455@kotak&pn=Om%20Traders&cu=INR,merchant.4455@kotak,1,3.393,0.308,13,0,0.0,0,0
upi://pay?pa=7946208161@okaxis&pn=Om%20Traders&cu=INR&am=3872.8,7946208161@okaxis,1,2.922,1.0,10,1,3872.8,0,0
upi://pay?pa=1030591881@jio&pn=KYC%20Support&cu=INR&tn=cashback,1030591881@jio,1,2.446,1.0,10,0,0.0,1,1
upi://pay?pa=7015792009@okaxis&pn=Om%20Traders&cu=INR,7015792009@okaxis,1,2.446,1.0,10,0,0.0,0,0
upi://pay?pa=paytrn235@hdfcbank&pn=Prize%20Center&cu=INR&tn=kyc,paytrn235@hdfcbank,1,3.17,0.333,9,0,0.0,1,1
upi://pay?pa=68za0pl8109jnb5@jio&pn=KYC%20Support&cu=INR&tn=urgent,68za0pl8109jnb5@jio,1,3.64,0.533,15,0,0.0,1,1
upi://pay?pa=priya123@okhdfcbank&pn=Sharma%20Kirana%20Store&cu=INR,priya123@okhdfcbank,1,3.0,0.375,8,0,0.0,0,0
upi://pay?pa=3560429036@ybl&pn=Prize%20Center&cu=INR&tn=blocked,3560429036@ybl,1,2.722,1.0,10,0,0.0,1,1
upi://pay?pa=priya123@kotak&pn=Green%20Grocers&cu=INR,priya123@kotak,1,3.0,0.375,8,0,0.0,0,0
upi://pay?pa=kwt2e077u5@hdfcbank&pn=Refund%20Team&cu=INR&am=1.36&tn=blocked,kwt2e077u5@hdfcbank,1,3.122,0.5,10,1,1.36,1,1
upi://pay?pa=sunita.devi@kotak&pn=Auto%20Rickshaw%20Stand&cu=INR,sunita.devi@kotak,1,3.278,0.0,11,0,0.0,0,0
upi://pay?pa=merchant.6287@hdfcbank&pn=City%20Cafe&cu=INR,merchant.6287@hdfcbank,1,3.7,0.308,13,0,0.0,0,0
upi://pay?pa=rahul.sharma@hdfcbank&pn=Green%20Grocers&cu=INR,rahul.sharma@hdfcbank,1,2.855,0.0,12,0,0.0,0,0
upi://pay?pa=merchant.8582@okicici&pn=Sharma%20Kirana%20Store&cu=INR,merchant.8582@okicici,1,3.547,0.308,13,0,0.0,0,0
upi://pay?pa=priya123@upi&pn=Rahul%20Sharma&cu=INR,priya123@upi,1,3.0,0.375,8,0,0.0,0,0
upi://pay?pa=7183785812@okaxis&pn=Cashback%20Desk&cu=INR&tn=refund,7183785812@okaxis,1,2.446,1.0,10,0,0.0,1,1
upi://pay?pa=4993369256@idfcbank&pn=Cashback%20Desk&cu=INR&tn=blocked,4993369256@idfcbank,1,2.446,1.0,10,0,0.0,1,1
upi://pay?pa=6681362689@okaxis&pn=Refund%20Team&cu=INR&am=3.81&tn=reward,6681362689@okaxis,1,2.322,1.0,10,1,3.81,1,1
upi://pay?pa=paytrn460@upi&pn=Refund%20Team&cu=INR&am=2.4&tn=lottery,paytrn460@upi,1,3.17,0.333,9,1,2.4,1,1
upi://pay?pa=vendor.shop@hdfcbank&pn=City%20Cafe&cu=INR,vendor.shop@hdfcbank,1,3.278,0.0,11,0,0.0,0,0
upi://pay?pa=amit.kumar@ibl&pn=Priya%20Singh&cu=INR,amit.kumar@ibl,1,2.922,0.0,10,0,0.0,0,0
upi://pay?pa=paytrn400@axl&pn=KYC%20Support&cu=INR&tn=urgent,paytrn400@axl,1,2.948,0.333,9,0,0.0,1,1
upi://pay?pa=support66@secure-pay&pn=Verify%20Account&cu=INR&am=3.07&tn=blocked,support66@secure-pay,0,2.725,0.222,9,1,3.07,1,1
upi://pay?pa=6827235141@okaxis&pn=Rahul%20Sharma&cu=INR,6827235141@okaxis,1,2.922,1.0,10,0,0.0,0,0
upi://pay?pa=merchant.6843@ybl&pn=Priya%20Singh&cu=INR&am=4384.47,merchant.6843@ybl,1,3.7,0.308,13,1,4384.47,0,0
upi://pay?pa=vendor.shop@kotak&pn=Auto%20Rickshaw%20Stand&cu=INR&am=2706.5,vendor.shop@kotak,1,3.278,0.0,11,1,2706.5,0,0
upi://pay?pa=eod1vaa4ltv5lx9b@oksbi&pn=Cashback%20Desk&cu=INR&tn=lottery,eod1vaa4ltv5lx9b@oksbi,1,3.625,0.25,16,0,0.0,1,1
upi://pay?pa=cashback52@pay-verify&pn=KYC%20Support&cu=INR&tn=winner,cashback52@pay-verify,0,2.922,0.2,10,0,0.0,1,1
upi://pay?pa=refund5@refund-upi&pn=Refund%20Team&cu=INR&am=2.59&tn=cashback,refund5@refund-upi,0,2.807,0.143,7,1,2.59,1,1
upi://pay?pa=refund98@xn--upi&pn=Refund%20Team&cu=INR&tn=cashback,refund98@xn--upi,0,3.0,0.25,8,0,0.0,1,1
upi://pay?pa=1838357886@jio&pn=Verify%20Account&cu=INR&tn=reward,1838357886@jio,1,2.322,1.0,10,0,0.0,1,1
upi://pay?pa=merchant.3515@jio&pn=Om%20Traders&cu=INR,merchant.3515@jio,1,3.547,0.308,13,0,0.0,0,0
upi://pay?pa=7238972936@okhdfcbank&pn=Priya%20Singh&cu=INR,7238972936@okhdfcbank,1,2.522,1.0,10,0,0.0,0,0
upi://pay?pa=merchant.6352@idfcbank&pn=Rahul%20Sharma&cu=INR&am=3217.67,merchant.6352@idfcbank,1,3.7,0.308,13,1,3217.67,0,0
upi://pay?pa=amit.kumar@oksbi&pn=Priya%20Singh&cu=INR,amit.kumar@oksbi,1,2.922,0.0,10,0,0.0,0,0
upi://pay?pa=phcnpe683@okicici&pn=Prize%20Center&cu=INR&tn=verify-now,phcnpe683@okicici,1,2.948,0.333,9,0,0.0,1,1
upi://pay?pa=support41@refund-upi&pn=KYC%20Support&cu=INR&tn=refund,support41@refund-upi,0,2.948,0.222,9,0,0.0,1,1
upi://pay?pa=phcnpe14@okhdfcbank&pn=Verify%20Account&cu=INR&am=2.97&tn=kyc,phcnpe14@okhdfcbank,1,2.75,0.25,8,1,2.97,1,1
upi://pay?pa=4035590597@okaxis&pn=Verify%20Account&cu=INR&tn=urgent,4035590597@okaxis,1,2.446,1.0,10,0,0.0,1,1
upi://pay?pa=goog1e-pay168@upi&pn=Prize%20Center&cu=INR&tn=cashback,goog1e-pay168@upi,1,3.239,0.308,13,0,0.0,1,1
upi://pay?pa=paytrn985@ibl&pn=Prize%20Center&cu=INR&tn=urgent,paytrn985@ibl,1,3.17,0.333,9,0,0.0,1,1
upi://pay?pa=8108987661@oksbi&pn=Priya%20Singh&cu=INR,8108987661@oksbi,1,2.446,1.0,10,0,0.0,0,0
upi://pay?pa=rahul.sharma@oksbi&pn=Auto%20Rickshaw%20Stand&cu=INR,rahul.sharma@oksbi,1,2.855,0.0,12,0,0.0,0,0
upi://pay?pa=6234940614@idfcbank&pn=Verify%20Account&cu=INR&tn=lottery,6234940614@idfcbank,1,2.646,1.0,10,0,0.0,1,1
upi://pay?pa=qub24gc9al4kfw2@kotak&pn=Cashback%20Desk&cu=INR&am=4.71&tn=winner,qub24gc9al4kfw2@kotak,1,3.64,0.333,15,1,4.71,1,1
upi://pay?pa=phcnpe108@okicici&pn=Prize%20Center&cu=INR&tn=kyc,phcnpe108@okicici,1,2.948,0.333,9,0,0.0,1,1
upi://pay?pa=amit.kumar@okhdfcbank&pn=Auto%20Rickshaw%20Stand&cu=INR,amit.kumar@okhdfcbank,1,2.922,0.0,10,0,0.0,0,0
upi://pay?pa=phcnpe187@okicici&pn=Verify%20Account&cu=INR&am=1.84&tn=lottery,phcnpe187@okicici,1,2.948,0.333,9,1,1.84,1,1
upi://pay?pa=536577856@idfcbank&pn=KYC%20Support&cu=INR&tn=suspend,536577856@idfcbank,1,2.197,1.0,9,0,0.0,1,1
upi://pay?pa=kyc-team32@kyc-update&pn=Refund%20Team&cu=INR&tn=blocked,kyc-team32@kyc-update,0,3.322,0.2,10,0,0.0,1,1
upi://pay?pa=kyc-team60@pay-verify&pn=KYC%20Support&cu=INR&am=4.88&tn=suspend,kyc-team60@pay-verify,0,3.322,0.2,10,1,4.88,1,1
upi://pay?pa=phcnpe954@idfcbank&pn=Verify%20Account&cu=INR&tn=refund,phcnpe954@idfcbank,1,2.948,0.333,9,0,0.0,1,1
upi://pay?pa=phcnpe7@axl&pn=Cashback%20Desk&cu=INR,phcnpe7@axl,1,2.522,0.143,7,0,0.0,0,1
upi://pay?pa=6832016743@okaxis&pn=Sharma%20Kirana%20Store&cu=INR&am=3987.13,6832016743@okaxis,1,2.922,1.0,10,1,3987.13,0,0
upi://pay?pa=5641053814@idfcbank&pn=Refund%20Team&cu=INR&tn=reward,5641053814@idfcbank,1,2.722,1.0,10,0,0.0,1,1
upi://pay?pa=cashback83@secure-pay&pn=Refund%20Team&cu=INR&am=4.53&tn=urgent,cashback83@secure-pay,0,2.922,0.2,10,1,4.53,1,1
upi://pay?pa=phcnpe626@okaxis&pn=Cashback%20Desk&cu=INR&tn=refund,phcnpe626@okaxis,1,2.725,0.333,9,0,0.0,1,1
upi://pay?pa=merchant.5513@okhdfcbank&pn=Sharma%20Kirana%20Store&cu=INR&am=924.74,merchant.5513@okhdfcbank,1,3.547,0.308,13,1,924.74,0,0
upi://pay?pa=sunita.devi@oksbi&pn=Green%20Grocers&cu=INR&am=298.81,sunita.devi@oksbi,1,3.278,0.0,11,1,298.81,0,0
upi://pay?pa=7802691665@hdfcbank&pn=Green%20Grocers&cu=INR,7802691665@hdfcbank,1,2.846,1.0,10,0,0.0,0,0
upi://pay?pa=plexazh37weaqf60@upi&pn=Cashback%20Desk&cu=INR&am=2.91&tn=verify-now,plexazh37weaqf60@upi,1,3.75,0.25,16,1,2.91,1,1
upi://pay?pa=kyc-team21@secure-pay&pn=Cashback%20Desk&cu=INR&tn=blocked,kyc-team21@secure-pay,0,3.322,0.2,10,0,0.0,1,1
upi://pay?pa=merchant.7844@upi&pn=City%20Cafe&cu=INR,merchant.7844@upi,1,3.547,0.308,13,0,0.0,0,0
upi://pay?pa=phcnpe882@ybl&pn=Prize%20Center&cu=INR&tn=suspend,phcnpe882@ybl,1,2.725,0.333,9,0,0.0,1,1
upi://pay?pa=merchant.1016@hdfcbank&pn=Priya%20Singh&cu=INR,merchant.1016@hdfcbank,1,3.547,0.308,13,0,0.0,0,0
upi://pay?pa=mbjhy3m2i3qm6@oksbi&pn=Verify%20Account&cu=INR&tn=refund,mbjhy3m2i3qm6@oksbi,1,3.181,0.308,13,0,0.0,1,1
upi://pay?pa=8767032760@ybl&pn=City%20Cafe&cu=INR&am=2257.73,8767032760@ybl,1,2.446,1.0,10,1,2257.73,0,0
upi://pay?pa=merchant.7531@idfcbank&pn=Om%20Traders&cu=INR&am=4500.26,merchant.7531@idfcbank,1,3.7,0.308,13,1,4500.26,0,0
upi://pay?pa=vendor.shop@oksbi&pn=Auto%20Rickshaw%20Stand&cu=INR&am=3646.26,vendor.shop@oksbi,1,3.278,0.0,11,1,3646.26,0,0
upi://pay?pa=sunita.devi@axl&pn=Priya%20Singh&cu=INR&am=228.29,sunita.devi@axl,1,3.278,0.0,11,1,228.29,0,0
upi://pay?pa=phcnpe610@oksbi&pn=Verify%20Account&cu=INR&am=2.38&tn=kyc,phcnpe610@oksbi,1,2.948,0.333,9,1,2.38,1,1
upi://pay?pa=6336015067@apl&pn=Green%20Grocers&cu=INR,6336015067@apl,1,2.446,1.0,10,0,0.0,0,0
upi://pay?pa=vendor.shop@ibl&pn=Priya%20Singh&cu=INR,vendor.shop@ibl,1,3.278,0.0,11,0,0.0,0,0
upi://pay?pa=7629126009@okaxis&pn=Rahul%20Sharma&cu=INR,7629126009@okaxis,1,2.522,1.0,10,0,0.0,0,0
upi://pay?pa=merchant.2979@oksbi&pn=Rahul%20Sharma&cu=INR,merchant.2979@oksbi,1,3.547,0.308,13,0,0.0,0,0
upi://pay?pa=kyc-team14@secure-pay&pn=Refund%20Team&cu=INR&tn=winner,kyc-team14@secure-pay,0,3.322,0.2,10,0,0.0,1,1
upi://pay?pa=t63aotg4in18u0@oksbi&pn=Verify%20Account&cu=INR&am=3.43&tn=suspend,t63aotg4in18u0@oksbi,1,3.664,0.429,14,1,3.43,1,1
upi://pay?pa=phcnpe468@ybl&pn=Refund%20Team&cu=INR&tn=blocked,phcnpe468@ybl,1,2.948,0.333,9,0,0.0,1,1
upi://pay?pa=7827781528@axl&pn=Sharma%20Kirana%20Store&cu=INR,7827781528@axl,1,2.171,1.0,10,0,0.0,0,0
upi://pay?pa=cashback36@secure-pay&pn=Prize%20Center&cu=INR&am=1.31&tn=lottery,cashback36@secure-pay,0,2.922,0.2,10,1,1.31,1,1
upi://pay?pa=merchant.8904@okaxis&pn=City%20Cafe&cu=INR,merchant.8904@okaxis,1,3.7,0.308,13,0,0.0,0,0
upi://pay?pa=57v3wpxwdogdmbp@idfcbank&pn=Verify%20Account&cu=INR&tn=suspend,57v3wpxwdogdmbp@idfcbank,1,3.507,0.2,15,0,0.0,1,1
upi://pay?pa=6594130308@okicici&pn=Green%20Grocers&cu=INR,6594130308@okicici,1,2.922,1.0,10,0,0.0,0,0
upi://pay?pa=goog1e-pay538@kotak&pn=Prize%20Center&cu=INR&am=1.64&tn=blocked,goog1e-pay538@kotak,1,3.393,0.308,13,1,1.64,1,1
upi://pay?pa=merchant.895@idfcbank&pn=Green%20Grocers&cu=INR&am=4677.84,merchant.895@idfcbank,1,3.585,0.25,12,1,4677.84,0,0
upi://pay?pa=merchant.5532@axl&pn=Priya%20Singh&cu=INR,merchant.5532@axl,1,3.547,0.308,13,0,0.0,0,0
upi://pay?pa=kyc-team58@secure-pay&pn=KYC%20Support&cu=INR&am=1.34&tn=suspend,kyc-team58@secure-pay,0,3.322,0.2,10,1,1.34,1,1
upi://pay?pa=9214939842@kotak&pn=Priya%20Singh&cu=INR&am=2255.66,9214939842@kotak,1,2.446,1.0,10,1,2255.66,0,0
upi://pay?pa=paytrn182@ibl&pn=KYC%20Support&cu=INR&tn=verify-now,paytrn182@ibl,1,3.17,0.333,9,0,0.0,1,1
upi://pay?pa=1465612816@okicici&pn=KYC%20Support&cu=INR,1465612816@okicici,1,2.371,1.0,10,0,0.0,0,1
upi://pay?pa=dbd3nh0c0ibzbw8p@hdfcbank&pn=KYC%20Support&cu=INR,dbd3nh0c0ibzbw8p@hdfcbank,1,3.453,0.25,16,0,0.0,0,1
upi://pay?pa=merchant.7128@apl&pn=City%20Cafe&cu=INR,merchant.7128@apl,1,3.7,0.308,13,0,0.0,0,0
upi://pay?pa=9958632345@okicici&pn=Rahul%20Sharma&cu=INR&am=1936.02,9958632345@okicici,1,2.722,1.0,10,1,1936.02,0,0
upi://pay?pa=9009805180@kotak&pn=City%20Cafe&cu=INR&am=2434.89,9009805180@kotak,1,2.122,1.0,10,1,2434.89,0,0
upi://pay?pa=8012746353@upi&pn=Cashback%20Desk&cu=INR&tn=refund,8012746353@upi,1,3.122,1.0,10,0,0.0,1,1
upi://pay?pa=phcnpe44@apl&pn=Verify%20Account&cu=INR&tn=verify-now,phcnpe44@apl,1,2.5,0.25,8,0,0.0,1,1
upi://pay?pa=rahul.sharma@axl&pn=Om%20Traders&cu=INR&am=2789.18,rahul.sharma@axl,1,2.855,0.0,12,1,2789.18,0,0
upi://pay?pa=6665122637@okicici&pn=Rahul%20Sharma&cu=INR&am=346.34,6665122637@okicici,1,2.322,1.0,10,1,346.34,0,0
upi://pay?pa=support89@pay-verify&pn=KYC%20Support&cu=INR&am=3.89&tn=blocked,support89@pay-verify,0,2.948,0.222,9,1,3.89,1,1
upi://pay?pa=7552487818@oksbi&pn=Rahul%20Sharma&cu=INR&am=2589.14,7552487818@oksbi,1,2.446,1.0,10,1,2589.14,0,0
upi://pay?pa=28t4ymicrn@okaxis&pn=KYC%20Support&cu=INR&tn=suspend,28t4ymicrn@okaxis,1,3.322,0.3,10,0,0.0,1,1
upi://pay?pa=9139733667@hdfcbank&pn=Green%20Grocers&cu=INR,9139733667@hdfcbank,1,2.246,1.0,10,0,0.0,0,0
upi://pay?pa=rahul.sharma@upi&pn=Sharma%20Kirana%20Store&cu=INR&am=2130.01,rahul.sharma@upi,1,2.855,0.0,12,1,2130.01,0,0
upi://pay?pa=rahul.sharma@paytm&pn=Sharma%20Kirana%20Store&cu=INR&am=3748.07,rahul.sharma@paytm,1,2.855,0.0,12,1,3748.07,0,0
upi://pay?pa=kyc-team65@secure-pay&pn=Prize%20Center&cu=INR&am=4.45&tn=lottery,kyc-team65@secure-pay,0,3.322,0.2,10,1,4.45,1,1
upi://pay?pa=3442242154@apl&pn=Refund%20Team&cu=INR&tn=reward,3442242154@apl,1,2.046,1.0,10,0,0.0,1,1
upi://pay?pa=1304716353@ybl&pn=Verify%20Account&cu=INR&am=1.69&tn=lottery,1304716353@ybl,1,2.646,1.0,10,1,1.69,1,1
upi://pay?pa=l4h9dato9b@axl&pn=Cashback%20Desk&cu=INR&am=4.13&tn=lottery,l4h9dato9b@axl,1,3.122,0.3,10,1,4.13,1,1
upi://pay?pa=amit.kumar@oksbi&pn=Auto%20Rickshaw%20Stand&cu=INR&am=1185.41,amit.kumar@oksbi,1,2.922,0.0,10,1,1185.41,0,0
upi://pay?pa=goog1e-pay568@hdfcbank&pn=KYC%20Support&cu=INR&tn=winner,goog1e-pay568@hdfcbank,1,3.393,0.308,13,0,0.0,1,1
upi://pay?pa=phcnpe355@jio&pn=Prize%20Center&cu=INR&am=1.63&tn=urgent,phcnpe355@jio,1,2.725,0.333,9,1,1.63,1,1
upi://pay?pa=refund55@xn--upi&pn=Verify%20Account&cu=INR&tn=cashback,refund55@xn--upi,0,2.75,0.25,8,0,0.0,1,1
upi://pay?pa=vendor.shop@apl&pn=Om%20Traders&cu=INR&am=785.31,vendor.shop@apl,1,3.278,0.0,11,1,785.31,0,0
upi://pay?pa=7029061390@hdfcbank&pn=Auto%20Rickshaw%20Stand&cu=INR,7029061390@hdfcbank,1,2.646,1.0,10,0,0.0,0,0
upi://pay?pa=8620004650@apl&pn=Cashback%20Desk&cu=INR&tn=reward,8620004650@apl,1,2.322,1.0,10,0,0.0,1,1
upi://pay?pa=priya123@upi&pn=Priya%20Singh&cu=INR,priya123@upi,1,3.0,0.375,8,0,0.0,0,0
upi://pay?pa=paytrn96@upi&pn=Verify%20Account&cu=INR&tn=blocked,paytrn96@upi,1,3.0,0.25,8,0,0.0,1,1
upi://pay?pa=amit.kumar@okaxis&pn=Green%20Grocers&cu=INR&am=4675.1,amit.kumar@okaxis,1,2.922,0.0,10,1,4675.1,0,0
upi://pay?pa=merchant.712@jio&pn=Om%20Traders&cu=INR,merchant.712@jio,1,3.585,0.25,12,0,0.0,0,0
upi://pay?pa=zgg3etivmdh1jilh@okaxis&pn=Verify%20Account&cu=INR&tn=verify-now,zgg3etivmdh1jilh@okaxis,1,3.625,0.125,16,0,0.0,1,1
upi://pay?pa=merchant.625@okhdfcbank&pn=Priya%20Singh&cu=INR,merchant.625@okhdfcbank,1,3.585,0.25,12,0,0.0,0,0
upi://pay?pa=3lfqgh53vqal7@ybl&pn=Cashback%20Desk&cu=INR&tn=kyc,3lfqgh53vqal7@ybl,1,3.239,0.308,13,0,0.0,1,1
upi://pay?pa=priya123@axl&pn=Priya%20Singh&cu=INR,priya123@axl,1,3.0,0.375,8,0,0.0,0,0
upi://pay?pa=zvfv991ac7wzy@okhdfcbank&pn=Prize%20Center&cu=INR&tn=suspend,zvfv991ac7wzy@okhdfcbank,1,3.239,0.308,13,0,0.0,1,1
upi://pay?pa=support11@kyc-update&pn=Verify%20Account&cu=INR&am=2.9&tn=reward,support11@kyc-update,0,2.725,0.222,9,1,2.9,1,1
upi://pay?pa=1341013127@oksbi&pn=Prize%20Center&cu=INR&am=2.32&tn=verify-now,1341013127@oksbi,1,2.322,1.0,10,1,2.32,1,1
upi://pay?pa=paytrn203@jio&pn=Verify%20Account&cu=INR,paytrn203@jio,1,3.17,0.333,9,0,0.0,0,1
upi://pay?pa=eelsx52gwa65@hdfcbank&pn=Prize%20Center&cu=INR&tn=reward,eelsx52gwa65@hdfcbank,1,3.252,0.333,12,0,0.0,1,1
upi://pay?pa=paytrn98@jio&pn=Refund%20Team&cu=INR&tn=refund,paytrn98@jio,1,3.0,0.25,8,0,0.0,1,1
upi://pay?pa=merchant.5351@jio&pn=Green%20Grocers&cu=INR&am=2823.72,merchant.5351@jio,1,3.547,0.308,13,1,2823.72,0,0
upi://pay?pa=7085259583@okicici&pn=Rahul%20Sharma&cu=INR,7085259583@okicici,1,2.646,1.0,10,0,0.0,0,0
upi://pay?pa=7617321553@oksbi&pn=Priya%20Singh&cu=INR,7617321553@oksbi,1,2.522,1.0,10,0,0.0,0,0
upi://pay?pa=cashback10@secure-pay&pn=Verify%20Account&cu=INR&tn=blocked,cashback10@secure-pay,0,2.922,0.2,10,0,0.0,1,1
upi://pay?pa=merchant.4765@paytm&pn=City%20Cafe&cu=INR,merchant.4765@paytm,1,3.7,0.308,13,0,0.0,0,0
upi://pay?pa=sunita.devi@ibl&pn=Auto%20Rickshaw%20Stand&cu=INR&am=3312.79,sunita.devi@ibl,1,3.278,0.0,11,1,3312.79,0,0
upi://pay?pa=goog1e-pay5@hdfcbank&pn=Verify%20Account&cu=INR&tn=kyc,goog1e-pay5@hdfcbank,1,3.096,0.182,11,0,0.0,1,1
upi://pay?pa=phcnpe310@okaxis&pn=Verify%20Account&cu=INR&tn=blocked,phcnpe310@okaxis,1,2.948,0.333,9,0,0.0,1,1
upi://pay?pa=merchant.2701@paytm&pn=Green%20Grocers&cu=INR,merchant.2701@paytm,1,3.7,0.308,13,0,0.0,0,0
upi://pay?pa=refund65@pay-verify&pn=Cashback%20Desk&cu=INR&tn=kyc,refund65@pay-verify,0,3.0,0.25,8,0,0.0,1,1
upi://pay?pa=sunita.devi@jio&pn=Rahul%20Sharma&cu=INR,sunita.devi@jio,1,3.278,0.0,11,0,0.0,0,0
upi://pay?pa=fv2vyn1kjs0@okicici&pn=Prize%20Center&cu=INR&tn=blocked,fv2vyn1kjs0@okicici,1,3.278,0.273,11,0,0.0,1,1
upi://pay?pa=phcnpe789@paytm&pn=Cashback%20Desk&cu=INR&am=2.21&tn=reward,phcnpe789@paytm,1,2.948,0.333,9,1,2.21,1,1
upi://pay?pa=merchant.6436@ibl&pn=City%20Cafe&cu=INR&am=4198.95,merchant.6436@ibl,1,3.547,0.308,13,1,4198.95,0,0
upi://pay?pa=vendor.shop@oksbi&pn=Auto%20Rickshaw%20Stand&cu=INR&am=1830.53,vendor.shop@oksbi,1,3.278,0.0,11,1,1830.53,0,0
upi://pay?pa=9n1pmbzp6via@paytm&pn=Prize%20Center&cu=INR&tn=urgent,9n1pmbzp6via@paytm,1,3.418,0.25,12,0,0.0,1,1
upi://pay?pa=6547918432@upi&pn=Auto%20Rickshaw%20Stand&cu=INR&am=67.3,6547918432@upi,1,3.122,1.0,10,1,67.3,0,0
upi://pay?pa=amit.kumar@okhdfcbank&pn=Green%20Grocers&cu=INR&am=2190.52,amit.kumar@okhdfcbank,1,2.922,0.0,10,1,2190.52,0,0
upi://pay?pa=merchant.9694@oksbi&pn=Sharma%20Kirana%20Store&cu=INR,merchant.9694@oksbi,1,3.547,0.308,13,0,0.0,0,0
upi://pay?pa=8418311717@ybl&pn=Green%20Grocers&cu=INR,8418311717@ybl,1,2.122,1.0,10,0,0.0,0,0
upi://pay?pa=merchant.352@paytm&pn=Green%20Grocers&cu=INR,merchant.352@paytm,1,3.585,0.25,12,0,0.0,0,0
upi://pay?pa=cashback70@kyc-update&pn=Prize%20Center&cu=INR&tn=suspend,cashback70@kyc-update,0,2.922,0.2,10,0,0.0,1,1
upi://pay?pa=9422030495@okicici&pn=City%20Cafe&cu=INR&am=4864.57,9422030495@okicici,1,2.522,1.0,10,1,4864.57,0,0
upi://pay?pa=support94@refund-upi&pn=Cashback%20Desk&cu=INR&tn=blocked,support94@refund-upi,0,2.948,0.222,9,0,0.0,1,1
upi://pay?pa=merchant.630@okicici&pn=City%20Cafe&cu=INR&am=1360.46,merchant.630@okicici,1,3.585,0.25,12,1,1360.46,0,0
upi://pay?pa=phcnpe555@upi&pn=Refund%20Team&cu=INR&tn=blocked,phcnpe555@upi,1,2.419,0.333,9,0,0.0,1,1
upi://pay?pa=oq89v2xx0ze@hdfcbank&pn=Verify%20Account&cu=INR&tn=blocked,oq89v2xx0ze@hdfcbank,1,3.278,0.364,11,0,0.0,1,1
upi://pay?pa=rahul.sharma@upi&pn=City%20Cafe&cu=INR&am=4879.41,rahul.sharma@upi,1,2.855,0.0,12,1,4879.41,0,0
upi://pay?pa=priya123@idfcbank&pn=Auto%20Rickshaw%20Stand&cu=INR,priya123@idfcbank,1,3.0,0.375,8,0,0.0,0,0
upi://pay?pa=phcnpe387@okaxis&pn=Prize%20Center&cu=INR&tn=urgent,phcnpe387@okaxis,1,2.948,0.333,9,0,0.0,1,1
upi://pay?pa=merchant.3541@ybl&pn=Green%20Grocers&cu=INR,merchant.3541@ybl,1,3.7,0.308,13,0,0.0,0,0
upi://pay?pa=j1npkmx0f6ov0ndy@upi&pn=Refund%20Team&cu=INR&am=4.34&tn=blocked,j1npkmx0f6ov0ndy@upi,1,3.75,0.25,16,1,4.34,1,1
upi://pay?pa=cashback56@pay-verify&pn=Refund%20Team&cu=INR&tn=winner,cashback56@pay-verify,0,2.922,0.2,10,0,0.0,1,1
upi://pay?pa=r07vo79i3evjn2j@ibl&pn=Refund%20Team&cu=INR&am=3.44&tn=verify-now,r07vo79i3evjn2j@ibl,1,3.507,0.4,15,1,3.44,1,1
upi://pay?pa=9612185358@okaxis&pn=City%20Cafe&cu=INR&am=3310.56,9612185358@okaxis,1,2.722,1.0,10,1,3310.56,0,0
upi://pay?pa=8776675118@okicici&pn=Prize%20Center&cu=INR&tn=kyc,8776675118@okicici,1,2.246,1.0,10,0,0.0,1,1
upi://pay?pa=7108131444@okhdfcbank&pn=Priya%20Singh&cu=INR,7108131444@okhdfcbank,1,2.371,1.0,10,0,0.0,0,0
upi://pay?pa=merchant.3204@paytm&pn=City%20Cafe&cu=INR,merchant.3204@paytm,1,3.7,0.308,13,0,0.0,0,0
upi://pay?pa=6673002156@apl&pn=Verify%20Account&cu=INR,6673002156@apl,1,2.646,1.0,10,0,0.0,0,1
upi://pay?pa=amit.kumar@upi&pn=Green%20Grocers&cu=INR&am=4270.2,amit.kumar@upi,1,2.922,0.0,10,1,4270.2,0,0
upi://pay?pa=7512283986@apl&pn=Auto%20Rickshaw%20Stand&cu=INR&am=3100.02,7512283986@apl,1,2.922,1.0,10,1,3100.02,0,0
upi://pay?pa=6976756811@okhdfcbank&pn=Rahul%20Sharma&cu=INR&am=888.99,6976756811@okhdfcbank,1,2.446,1.0,10,1,888.99,0,0
upi://pay?pa=sm2oteymomlf6@hdfcbank&pn=Cashback%20Desk&cu=INR&am=2.04&tn=verify-now,sm2oteymomlf6@hdfcbank,1,3.181,0.154,13,1,2.04,1,1
upi://pay?pa=phcnpe496@oksbi&pn=Refund%20Team&cu=INR&am=2.95&tn=cashback,phcnpe496@oksbi,1,2.948,0.333,9,1,2.95,1,1
upi://pay?pa=paytrn770@okhdfcbank&pn=Prize%20Center&cu=INR&tn=verify-now,paytrn770@okhdfcbank,1,2.948,0.333,9,0,0.0,1,1
upi://pay?pa=merchant.7664@paytm&pn=Priya%20Singh&cu=INR,merchant.7664@paytm,1,3.547,0.308,13,0,0.0,0,0
upi://pay?pa=9195679080@apl&pn=Om%20Traders&cu=INR,9195679080@apl,1,2.646,1.0,10,0,0.0,0,0
upi://pay?pa=priya123@paytm&pn=City%20Cafe&cu=INR&am=4079.78,priya123@paytm,1,3.0,0.375,8,1,4079.78,0,0
upi://pay?pa=1362480454@hdfcbank&pn=Verify%20Account&cu=INR&tn=kyc,1362480454@hdfcbank,1,2.846,1.0,10,0,0.0,1,1
upi://pay?pa=3k77jj6v0pmqf6br@kotak&pn=Cashback%20Desk&cu=INR&am=4.97&tn=refund,3k77jj6v0pmqf6br@kotak,1,3.625,0.375,16,1,4.97,1,1
upi://pay?pa=7382641387@paytm&pn=City%20Cafe&cu=INR,7382641387@paytm,1,2.722,1.0,10,0,0.0,0,0
upi://pay?pa=8ts171sd6qk06ho@okicici&pn=Prize%20Center&cu=INR&am=3.05,8ts171sd6qk06ho@okicici,1,3.507,0.467,15,1,3.05,0,1
upi://pay?pa=9071002004@jio&pn=Rahul%20Sharma&cu=INR&am=2003.06,9071002004@jio,1,2.161,1.0,10,1,2003.06,0,0
upi://pay?pa=z9wyp4vas98bp7c8@ybl&pn=Cashback%20Desk&cu=INR,z9wyp4vas98bp7c8@ybl,1,3.625,0.375,16,0,0.0,0,1
upi://pay?pa=merchant.5487@apl&pn=Om%20Traders&cu=INR,merchant.5487@apl,1,3.7,0.308,13,0,0.0,0,0
upi://pay?pa=vendor.shop@idfcbank&pn=Green%20Grocers&cu=INR,vendor.shop@idfcbank,1,3.278,0.0,11,0,0.0,0,0
upi://pay?pa=7051515688@upi&pn=City%20Cafe&cu=INR&am=374.79,7051515688@upi,1,2.446,1.0,10,1,374.79,0,0
upi://pay?pa=merchant.2883@idfcbank&pn=Rahul%20Sharma&cu=INR,merchant.2883@idfcbank,1,3.547,0.308,13,0,0.0,0,0
upi://pay?pa=7465036823@upi&pn=KYC%20Support&cu=INR&tn=cashback,7465036823@upi,1,2.922,1.0,10,0,0.0,1,1
upi://pay?pa=sunita.devi@paytm&pn=Om%20Traders&cu=INR&am=2188.15,sunita.devi@paytm,1,3.278,0.0,11,1,2188.15,0,0
upi://pay?pa=amit.kumar@idfcbank&pn=Rahul%20Sharma&cu=INR&am=2218.76,amit.kumar@idfcbank,1,2.922,0.0,10,1,2218.76,0,0
upi://pay?pa=9057912483@apl&pn=Cashback%20Desk&cu=INR&tn=kyc,9057912483@apl,1,3.122,1.0,10,0,0.0,1,1
upi://pay?pa=0utx7r07vppm@okhdfcbank&pn=KYC%20Support&cu=INR&am=1.31&tn=refund,0utx7r07vppm@okhdfcbank,1,3.085,0.333,12,1,1.31,1,1
upi://pay?pa=7m1v9e79gk0sorn@okaxis&pn=Verify%20Account&cu=INR&am=4.01&tn=blocked,7m1v9e79gk0sorn@okaxis,1,3.64,0.4,15,1,4.01,1,1
upi://pay?pa=merchant.8051@jio&pn=Priya%20Singh&cu=INR,merchant.8051@jio,1,3.7,0.308,13,0,0.0,0,0
upi://pay?pa=goog1e-pay312@apl&pn=Prize%20Center&cu=INR&am=4.46&tn=reward,goog1e-pay312@apl,1,3.239,0.308,13,1,4.46,1,1
upi://pay?pa=6807456518@axl&pn=Priya%20Singh&cu=INR,6807456518@axl,1,2.722,1.0,10,0,0.0,0,0
upi://pay?pa=merchant.5021@axl&pn=Priya%20Singh&cu=INR,merchant.5021@axl,1,3.7,0.308,13,0,0.0,0,0
upi://pay?pa=6756736154@axl&pn=Cashback%20Desk&cu=INR&tn=winner,6756736154@axl,1,2.446,1.0,10,0,0.0,1,1
upi://pay?pa=6395329393@kotak&pn=KYC%20Support&cu=INR&tn=blocked,6395329393@kotak,1,2.046,1.0,10,0,0.0,1,1
upi://pay?pa=iwjwxyouhif8@idfcbank&pn=Prize%20Center&cu=INR&tn=suspend,iwjwxyouhif8@idfcbank,1,3.252,0.083,12,0,0.0,1,1
upi://pay?pa=d9rexpfsltj@upi&pn=KYC%20Support&cu=INR,d9rexpfsltj@upi,1,3.459,0.091,11,0,0.0,0,1
upi://pay?pa=sunita.devi@kotak&pn=City%20Cafe&cu=INR,sunita.devi@kotak,1,3.278,0.0,11,0,0.0,0,0
upi://pay?pa=8536590481@upi&pn=Sharma%20Kirana%20Store&cu=INR,8536590481@upi,1,2.922,1.0,10,0,0.0,0,0
upi://pay?pa=refund18@kyc-update&pn=KYC%20Support&cu=INR&tn=blocked,refund18@kyc-update,0,3.0,0.25,8,0,0.0,1,1
upi://pay?pa=8321791292@hdfcbank&pn=Auto%20Rickshaw%20Stand&cu=INR,8321791292@hdfcbank,1,2.446,1.0,10,0,0.0,0,0
upi://pay?pa=vendor.shop@okaxis&pn=City%20Cafe&cu=INR,vendor.shop@okaxis,1,3.278,0.0,11,0,0.0,0,0
upi://pay?pa=9300031265@idfcbank&pn=Priya%20Singh&cu=INR&am=1670.95,9300031265@idfcbank,1,2.646,1.0,10,1,1670.95,0,0
upi://pay?pa=refund62@xn--upi&pn=KYC%20Support&cu=INR&tn=lottery,refund62@xn--upi,0,3.0,0.25,8,0,0.0,1,1
upi://pay?pa=fsf6zfy40i6@paytm&pn=Verify%20Account&cu=INR&tn=suspend,fsf6zfy40i6@paytm,1,2.845,0.364,11,0,0.0,1,1
upi://pay?pa=7332539762@hdfcbank&pn=Cashback%20Desk&cu=INR&tn=winner,7332539762@hdfcbank,1,2.446,1.0,10,0,0.0,1,1
upi://pay?pa=sunita.devi@hdfcbank&pn=Sharma%20Kirana%20Store&cu=INR,sunita.devi@hdfcbank,1,3.278,0.0,11,0,0.0,0,0
upi://pay?pa=8060221499@idfcbank&pn=Rahul%20Sharma&cu=INR,8060221499@idfcbank,1,2.722,1.0,10,0,0.0,0,0
upi://pay?pa=priya123@okicici&pn=City%20Cafe&cu=INR,priya123@okicici,1,3.0,0.375,8,0,0.0,0,0
upi://pay?pa=merchant.6709@apl&pn=Sharma%20Kirana%20Store&cu=INR,merchant.6709@apl,1,3.7,0.308,13,0,0.0,0,0
upi://pay?pa=merchant.120@idfcbank&pn=Priya%20Singh&cu=INR&am=4654.89,merchant.120@idfcbank,1,3.585,0.25,12,1,4654.89,0,0
upi://pay?pa=7970984707@ybl&pn=City%20Cafe&cu=INR&am=516.4,7970984707@ybl,1,2.122,1.0,10,1,516.4,0,0
upi://pay?pa=merchant.5092@oksbi&pn=City%20Cafe&cu=INR&am=3746.52,merchant.5092@oksbi,1,3.7,0.308,13,1,3746.52,0,0
upi://pay?pa=merchant.7946@kotak&pn=City%20Cafe&cu=INR&am=3484.22,merchant.7946@kotak,1,3.7,0.308,13,1,3484.22,0,0
upi://pay?pa=m5rvfh5x14@paytm&pn=Refund%20Team&cu=INR,m5rvfh5x14@paytm,1,3.122,0.4,10,0,0.0,0,1
upi://pay?pa=4962205536@kotak&pn=Refund%20Team&cu=INR&tn=refund,4962205536@kotak,1,2.722,1.0,10,0,0.0,1,1
upi://pay?pa=support80@refund-upi&pn=Prize%20Center&cu=INR&tn=refund,support80@refund-upi,0,2.948,0.222,9,0,0.0,1,1
upi://pay?pa=cashback61@secure-pay&pn=Prize%20Center&cu=INR&tn=refund,cashback61@secure-pay,0,2.922,0.2,10,0,0.0,1,1
upi://pay?pa=3797570883@ybl&pn=Prize%20Center&cu=INR,3797570883@ybl,1,2.446,1.0,10,0,0.0,0,1
upi://pay?pa=6702411305@okhdfcbank&pn=Om%20Traders&cu=INR,6702411305@okhdfcbank,1,2.922,1.0,10,0,0.0,0,0
upi://pay?pa=9708323141@upi&pn=Green%20Grocers&cu=INR,9708323141@upi,1,2.922,1.0,10,0,0.0,0,0
upi://pay?pa=goog1e-pay242@paytm&pn=Verify%20Account&cu=INR&tn=refund,goog1e-pay242@paytm,1,3.239,0.308,13,0,0.0,1,1
upi://pay?pa=8015189868@ybl&pn=Green%20Grocers&cu=INR,8015189868@ybl,1,2.322,1.0,10,0,0.0,0,0
upi://pay?pa=6937200760@ybl&pn=Om%20Traders&cu=INR&am=1524.68,6937200760@ybl,1,2.446,1.0,10,1,1524.68,0,0
upi://pay?pa=phcnpe50@okicici&pn=Refund%20Team&cu=INR&am=1.04,phcnpe50@okicici,1,2.75,0.25,8,1,1.04,0,1
upi://pay?pa=7739855136@idfcbank&pn=Priya%20Singh&cu=INR&am=3295.43,7739855136@idfcbank,1,2.722,1.0,10,1,3295.43,0,0
upi://pay?pa=support13@pay-verify&pn=Verify%20Account&cu=INR&am=1.55&tn=kyc,support13@pay-verify,0,2.948,0.222,9,1,1.55,1,1
upi://pay?pa=vendor.shop@paytm&pn=Green%20Grocers&cu=INR,vendor.shop@paytm,1,3.278,0.0,11,0,0.0,0,0
upi://pay?pa=vendor.shop@okhdfcbank&pn=Auto%20Rickshaw%20Stand&cu=INR,vendor.shop@okhdfcbank,1,3.278,0.0,11,0,0.0,0,0
upi://pay?pa=rahul.sharma@oksbi&pn=Auto%20Rickshaw%20Stand&cu=INR&am=4728.02,rahul.sharma@oksbi,1,2.855,0.0,12,1,4728.02,0,0
upi://pay?pa=merchant.283@okaxis&pn=Auto%20Rickshaw%20Stand&cu=INR,merchant.283@okaxis,1,3.585,0.25,12,0,0.0,0,0
upi://pay?pa=merchant.9217@upi&pn=City%20Cafe&cu=INR,merchant.9217@upi,1,3.7,0.308,13,0,0.0,0,0
upi://pay?pa=2klvhn4ozo@oksbi&pn=KYC%20Support&cu=INR&tn=kyc,2klvhn4ozo@oksbi,1,3.122,0.2,10,0,0.0,1,1
upi://pay?pa=9635849218@okhdfcbank&pn=City%20Cafe&cu=INR&am=1224.79,9635849218@okhdfcbank,1,2.922,1.0,10,1,1224.79,0,0
upi://pay?pa=merchant.4098@upi&pn=Rahul%20Sharma&cu=INR,merchant.4098@upi,1,3.7,0.308,13,0,0.0,0,0
upi://pay?pa=8529942267@ibl&pn=Priya%20Singh&cu=INR&am=3712.14,8529942267@ibl,1,2.646,1.0,10,1,3712.14,0,0
upi://pay?pa=kyc-team95@xn--upi&pn=KYC%20Support&cu=INR&am=1.89&tn=suspend,kyc-team95@xn--upi,0,3.322,0.2,10,1,1.89,1,1
upi://pay?pa=8807083128@kotak&pn=Refund%20Team&cu=INR&tn=suspend,8807083128@kotak,1,2.322,1.0,10,0,0.0,1,1
upi://pay?pa=merchant.7522@ibl&pn=City%20Cafe&cu=INR&am=4147.3,merchant.7522@ibl,1,3.547,0.308,13,1,4147.3,0,0
upi://pay?pa=8842116065@paytm&pn=Auto%20Rickshaw%20Stand&cu=INR&am=4665.75,8842116065@paytm,1,2.722,1.0,10,1,4665.75,0,0
upi://pay?pa=kyc-team2@refund-upi&pn=Cashback%20Desk&cu=INR,kyc-team2@refund-upi,0,3.17,0.111,9,0,0.0,0,1
upi://pay?pa=7161508853@okhdfcbank&pn=Priya%20Singh&cu=INR&am=3957.29,7161508853@okhdfcbank,1,2.722,1.0,10,1,3957.29,0,0
upi://pay?pa=340190135@kotak&pn=Prize%20Center&cu=INR&am=4.03&tn=lottery,340190135@kotak,1,2.503,1.0,9,1,4.03,1,1
upi://pay?pa=clqgdd0dilx@ibl&pn=KYC%20Support&cu=INR&tn=winner,clqgdd0dilx@ibl,1,2.845,0.091,11,0,0.0,1,1
upi://pay?pa=9674379284@ybl&pn=Green%20Grocers&cu=INR,9674379284@ybl,1,2.722,1.0,10,0,0.0,0,0
upi://pay?pa=goog1e-pay397@hdfcbank&pn=Cashback%20Desk&cu=INR&tn=reward,goog1e-pay397@hdfcbank,1,3.393,0.308,13,0,0.0,1,1
upi://pay?pa=merchant.3466@ybl&pn=Green%20Grocers&cu=INR,merchant.3466@ybl,1,3.547,0.308,13,0,0.0,0,0
upi://pay?pa=6210898919@jio&pn=Refund%20Team&cu=INR&tn=lottery,6210898919@jio,1,2.446,1.0,10,0,0.0,1,1
upi://pay?pa=phcnpe226@okicici&pn=Verify%20Account&cu=INR&tn=reward,phcnpe226@okicici,1,2.725,0.333,9,0,0.0,1,1
upi://pay?pa=phcnpe652@okicici&pn=Refund%20Team&cu=INR&tn=reward,phcnpe652@okicici,1,2.948,0.333,9,0,0.0,1,1
upi://pay?pa=8964732879@okaxis&pn=Auto%20Rickshaw%20Stand&cu=INR,8964732879@okaxis,1,2.722,1.0,10,0,0.0,0,0
upi://pay?pa=9519554597@okaxis&pn=Verify%20Account&cu=INR&am=2.22&tn=refund,9519554597@okaxis,1,2.046,1.0,10,1,2.22,1,1
upi://pay?pa=merchant.3883@okicici&pn=Rahul%20Sharma&cu=INR,merchant.3883@okicici,1,3.393,0.308,13,0,0.0,0,0
upi://pay?pa=6695971324@oksbi&pn=Verify%20Account&cu=INR&am=1.02&tn=urgent,6695971324@oksbi,1,2.922,1.0,10,1,1.02,1,1
upi://pay?pa=rahul.sharma@oksbi&pn=City%20Cafe&cu=INR,rahul.sharma@oksbi,1,2.855,0.0,12,0,0.0,0,0
upi://pay?pa=refund37@xn--upi&pn=Cashback%20Desk&cu=INR&tn=kyc,refund37@xn--upi,0,3.0,0.25,8,0,0.0,1,1
upi://pay?pa=5419176954@upi&pn=KYC%20Support&cu=INR&am=3.69&tn=urgent,5419176954@upi,1,2.522,1.0,10,1,3.69,1,1
upi://pay?pa=merchant.4541@jio&pn=Green%20Grocers&cu=INR,merchant.4541@jio,1,3.547,0.308,13,0,0.0,0,0
upi://pay?pa=rahul.sharma@axl&pn=Sharma%20Kirana%20Store&cu=INR,rahul.sharma@axl,1,2.855,0.0,12,0,0.0,0,0
upi://pay?pa=x1zfmq6i4bhm@jio&pn=Refund%20Team&cu=INR&tn=blocked,x1zfmq6i4bhm@jio,1,3.418,0.25,12,0,0.0,1,1
upi://pay?pa=merchant.3303@upi&pn=Om%20Traders&cu=INR,merchant.3303@upi,1,3.335,0.308,13,0,0.0,0,0
upi://pay?pa=merchant.6206@axl&pn=Priya%20Singh&cu=INR,merchant.6206@axl,1,3.547,0.308,13,0,0.0,0,0
upi://pay?pa=support39@pay-verify&pn=Verify%20Account&cu=INR&tn=verify-now,support39@pay-verify,0,2.948,0.222,9,0,0.0,1,1
upi://pay?pa=merchant.2640@idfcbank&pn=Om%20Traders&cu=INR&am=2645.85,merchant.2640@idfcbank,1,3.7,0.308,13,1,2645.85,0,0
upi://pay?pa=7930313180@kotak&pn=Prize%20Center&cu=INR&tn=suspend,7930313180@kotak,1,2.446,1.0,10,0,0.0,1,1
upi://pay?pa=6157284993@ybl&pn=Priya%20Singh&cu=INR,6157284993@ybl,1,3.122,1.0,10,0,0.0,0,0
upi://pay?pa=9964700599@okicici&pn=Verify%20Account&cu=INR&tn=reward,9964700599@okicici,1,2.322,1.0,10,0,0.0,1,1
upi://pay?pa=merchant.7693@axl&pn=Rahul%20Sharma&cu=INR,merchant.7693@axl,1,3.7,0.308,13,0,0.0,0,0
upi://pay?pa=rahul.sharma@apl&pn=Green%20Grocers&cu=INR&am=1822.27,rahul.sharma@apl,1,2.855,0.0,12,1,1822.27,0,0
upi://pay?pa=sunita.devi@idfcbank&pn=City%20Cafe&cu=INR&am=1059.93,sunita.devi@idfcbank,1,3.278,0.0,11,1,1059.93,0,0
upi://pay?pa=kyc-team92@kyc-update&pn=Cashback%20Desk&cu=INR&tn=winner,kyc-team92@kyc-update,0,3.322,0.2,10,0,0.0,1,1
upi://pay?pa=refund48@kyc-update&pn=Cashback%20Desk&cu=INR&tn=verify-now,refund48@kyc-update,0,3.0,0.25,8,0,0.0,1,1
upi://pay?pa=phcnpe254@hdfcbank&pn=Refund%20Team&cu=INR&am=4.93&tn=lottery,phcnpe254@hdfcbank,1,2.948,0.333,9,1,4.93,1,1
upi://pay?pa=vendor.shop@okhdfcbank&pn=City%20Cafe&cu=INR&am=3805.87,vendor.shop@okhdfcbank,1,3.278,0.0,11,1,3805.87,0,0
upi://pay?pa=prwk2typn3n1u@ybl&pn=KYC%20Support&cu=INR&tn=lottery,prwk2typn3n1u@ybl,1,3.393,0.231,13,0,0.0,1,1
upi://pay?pa=sunita.devi@axl&pn=Auto%20Rickshaw%20Stand&cu=INR,sunita.devi@axl,1,3.278,0.0,11,0,0.0,0,0
upi://pay?pa=9015272162@apl&pn=Om%20Traders&cu=INR,9015272162@apl,1,2.646,1.0,10,0,0.0,0,0
upi://pay?pa=x93uxm2c6kh1x@ibl&pn=Prize%20Center&cu=INR,x93uxm2c6kh1x@ibl,1,3.335,0.385,13,0,0.0,0,1
upi://pay?pa=merchant.3297@kotak&pn=Sharma%20Kirana%20Store&cu=INR,merchant.3297@kotak,1,3.7,0.308,13,0,0.0,0,0
upi://pay?pa=merchant.5202@okaxis&pn=Om%20Traders&cu=INR,merchant.5202@okaxis,1,3.547,0.308,13,0,0.0,0,0
upi://pay?pa=kyc-team90@secure-pay&pn=Prize%20Center&cu=INR&tn=kyc,kyc-team90@secure-pay,0,3.322,0.2,10,0,0.0,1,1
upi://pay?pa=sunita.devi@jio&pn=Green%20Grocers&cu=INR,sunita.devi@jio,1,3.278,0.0,11,0,0.0,0,0
upi://pay?pa=vendor.shop@apl&pn=Sharma%20Kirana%20Store&cu=INR&am=2815.0,vendor.shop@apl,1,3.278,0.0,11,1,2815.0,0,0
upi://pay?pa=kyc-team12@refund-upi&pn=Verify%20Account&cu=INR&tn=verify-now,kyc-team12@refund-upi,0,3.322,0.2,10,0,0.0,1,1
upi://pay?pa=merchant.4575@apl&pn=Auto%20Rickshaw%20Stand&cu=INR&am=132.34,merchant.4575@apl,1,3.547,0.308,13,1,132.34,0,0
upi://pay?pa=refund65@xn--upi&pn=KYC%20Support&cu=INR&am=4.64&tn=refund,refund65@xn--upi,0,3.0,0.25,8,1,4.64,1,1
upi://pay?pa=7584288034@jio&pn=City%20Cafe&cu=INR,7584288034@jio,1,2.646,1.0,10,0,0.0,0,0
upi://pay?pa=xjyvakxlug0n3pi6@upi&pn=Prize%20Center&cu=INR&am=4.27&tn=cashback,xjyvakxlug0n3pi6@upi,1,3.875,0.188,16,1,4.27,1,1
upi://pay?pa=kyc-team24@xn--upi&pn=Prize%20Center&cu=INR&tn=cashback,kyc-team24@xn--upi,0,3.322,0.2,10,0,0.0,1,1
upi://pay?pa=merchant.8635@upi&pn=Om%20Traders&cu=INR,merchant.8635@upi,1,3.7,0.308,13,0,0.0,0,0
upi://pay?pa=a2mt4c46p9nba@upi&pn=Verify%20Account&cu=INR&am=3.06&tn=cashback,a2mt4c46p9nba@upi,1,3.393,0.385,13,1,3.06,1,1
upi://pay?pa=vendor.shop@kotak&pn=Sharma%20Kirana%20Store&cu=INR,vendor.shop@kotak,1,3.278,0.0,11,0,0.0,0,0
upi://pay?pa=oyrxxo1id2cpd@oksbi&pn=Verify%20Account&cu=INR&am=2.33&tn=cashback,oyrxxo1id2cpd@oksbi,1,3.239,0.154,13,1,2.33,1,1
upi://pay?pa=rahul.sharma@okicici&pn=Auto%20Rickshaw%20Stand&cu=INR,rahul.sharma@okicici,1,2.855,0.0,12,0,0.0,0,0
upi://pay?pa=goog1e-pay462@hdfcbank&pn=Prize%20Center&cu=INR&am=1.78&tn=reward,goog1e-pay462@hdfcbank,1,3.393,0.308,13,1,1.78,1,1
upi://pay?pa=merchant.1199@ibl&pn=Rahul%20Sharma&cu=INR,merchant.1199@ibl,1,3.393,0.308,13,0,0.0,0,0
upi://pay?pa=merchant.8772@hdfcbank&pn=Om%20Traders&cu=INR,merchant.8772@hdfcbank,1,3.547,0.308,13,0,0.0,0,0
upi://pay?pa=1899419641@okhdfcbank&pn=Refund%20Team&cu=INR&tn=kyc,1899419641@okhdfcbank,1,2.171,1.0,10,0,0.0,1,1
upi://pay?pa=rahul.sharma@paytm&pn=Om%20Traders&cu=INR,rahul.sharma@paytm,1,2.855,0.0,12,0,0.0,0,0
upi://pay?pa=ekojzcduscunk@idfcbank&pn=Cashback%20Desk&cu=INR&tn=cashback,ekojzcduscunk@idfcbank,1,3.239,0.0,13,0,0.0,1,1
upi://pay?pa=howrphwn109m@kotak&pn=KYC%20Support&cu=INR&tn=verify-now,howrphwn109m@kotak,1,3.252,0.25,12,0,0.0,1,1
upi://pay?pa=5772836543@upi&pn=Prize%20Center&cu=INR&tn=blocked,5772836543@upi,1,2.722,1.0,10,0,0.0,1,1
upi://pay?pa=cashback77@xn--upi&pn=KYC%20Support&cu=INR&tn=verify-now,cashback77@xn--upi,0,2.722,0.2,10,0,0.0,1,1
upi://pay?pa=goog1e-pay846@okicici&pn=Prize%20Center&cu=INR&tn=lottery,goog1e-pay846@okicici,1,3.393,0.308,13,0,0.0,1,1
upi://pay?pa=merchant.6556@jio&pn=Rahul%20Sharma&cu=INR,merchant.6556@jio,1,3.393,0.308,13,0,0.0,0,0
upi://pay?pa=otvoiwatx5jtbkyr@idfcbank&pn=Refund%20Team&cu=INR&tn=kyc,otvoiwatx5jtbkyr@idfcbank,1,3.578,0.062,16,0,0.0,1,1
upi://pay?pa=goog1e-pay655@upi&pn=Cashback%20Desk&cu=INR&tn=kyc,goog1e-pay655@upi,1,3.239,0.308,13,0,0.0,1,1
upi://pay?pa=merchant.4434@okicici&pn=Priya%20Singh&cu=INR&am=3960.41,merchant.4434@okicici,1,3.335,0.308,13,1,3960.41,0,0
upi://pay?pa=merchant.7404@idfcbank&pn=Green%20Grocers&cu=INR,merchant.7404@idfcbank,1,3.547,0.308,13,0,0.0,0,0
upi://pay?pa=6334176969@idfcbank&pn=City%20Cafe&cu=INR,6334176969@idfcbank,1,2.446,1.0,10,0,0.0,0,0
upi://pay?pa=8789875688@idfcbank&pn=Auto%20Rickshaw%20Stand&cu=INR,8789875688@idfcbank,1,1.961,1.0,10,0,0.0,0,0
upi://pay?pa=c885itszauf@okhdfcbank&pn=KYC%20Support&cu=INR&tn=lottery,c885itszauf@okhdfcbank,1,3.278,0.273,11,0,0.0,1,1
upi://pay?pa=6846037798@okhdfcbank&pn=Verify%20Account&cu=INR&tn=refund,6846037798@okhdfcbank,1,2.722,1.0,10,0,0.0,1,1
upi://pay?pa=merchant.3549@ibl&pn=City%20Cafe&cu=INR&am=2317.21,merchant.3549@ibl,1,3.7,0.308,13,1,2317.21,0,0
upi://pay?pa=sunita.devi@jio&pn=City%20Cafe&cu=INR,sunita.devi@jio,1,3.278,0.0,11,0,0.0,0,0
upi://pay?pa=phcnpe221@idfcbank&pn=Prize%20Center&cu=INR&tn=winner,phcnpe221@idfcbank,1,2.725,0.333,9,0,0.0,1,1
upi://pay?pa=569480662@jio&pn=Verify%20Account&cu=INR&tn=blocked,569480662@jio,1,2.642,1.0,9,0,0.0,1,1
upi://pay?pa=phcnpe945@kotak&pn=Cashback%20Desk&cu=INR&am=2.98&tn=suspend,phcnpe945@kotak,1,2.948,0.333,9,1,2.98,1,1
upi://pay?pa=7405696743@paytm&pn=Green%20Grocers&cu=INR&am=32.32,7405696743@paytm,1,2.722,1.0,10,1,32.32,0,0
upi://pay?pa=sunita.devi@hdfcbank&pn=Auto%20Rickshaw%20Stand&cu=INR&am=2809.55,sunita.devi@hdfcbank,1,3.278,0.0,11,1,2809.55,0,0
upi://pay?pa=merchant.4587@oksbi&pn=Rahul%20Sharma&cu=INR,merchant.4587@oksbi,1,3.7,0.308,13,0,0.0,0,0
upi://pay?pa=paytrn905@okaxis&pn=Refund%20Team&cu=INR&tn=cashback,paytrn905@okaxis,1,3.17,0.333,9,0,0.0,1,1
upi://pay?pa=9746565999@upi&pn=Refund%20Team&cu=INR&am=1.47&tn=reward,9746565999@upi,1,2.122,1.0,10,1,1.47,1,1
upi://pay?pa=sunita.devi@okhdfcbank&pn=Om%20Traders&cu=INR,sunita.devi@okhdfcbank,1,3.278,0.0,11,0,0.0,0,0
upi://pay?pa=i9iinelgvd3oh64@idfcbank&pn=KYC%20Support&cu=INR&am=4.2&tn=blocked,i9iinelgvd3oh64@idfcbank,1,3.59,0.267,15,1,4.2,1,1
upi://pay?pa=1388771654@upi&pn=Prize%20Center&cu=INR&tn=blocked,1388771654@upi,1,2.722,1.0,10,0,0.0,1,1
upi://pay?pa=78rswe9ynsua8@jio&pn=Prize%20Center&cu=INR&tn=urgent,78rswe9ynsua8@jio,1,3.393,0.308,13,0,0.0,1,1
upi://pay?pa=merchant.293@kotak&pn=Green%20Grocers&cu=INR,merchant.293@kotak,1,3.585,0.25,12,0,0.0,0,0
upi://pay?pa=5308635686@okicici&pn=Refund%20Team&cu=INR&tn=lottery,5308635686@okicici,1,2.246,1.0,10,0,0.0,1,1
upi://pay?pa=priya123@oksbi&pn=Green%20Grocers&cu=INR,priya123@oksbi,1,3.0,0.375,8,0,0.0,0,0
upi://pay?pa=rahul.sharma@upi&pn=Sharma%20Kirana%20Store&cu=INR&am=1560.27,rahul.sharma@upi,1,2.855,0.0,12,1,1560.27,0,0
upi://pay?pa=merchant.9847@ybl&pn=Green%20Grocers&cu=INR,merchant.9847@ybl,1,3.7,0.308,13,0,0.0,0,0
upi://pay?pa=vendor.shop@apl&pn=Green%20Grocers&cu=INR&am=4006.24,vendor.shop@apl,1,3.278,0.0,11,1,4006.24,0,0
upi://pay?pa=merchant.5451@jio&pn=City%20Cafe&cu=INR,merchant.5451@jio,1,3.547,0.308,13,0,0.0,0,0
upi://pay?pa=dw9ufzdepcgw@ibl&pn=Cashback%20Desk&cu=INR,dw9ufzdepcgw@ibl,1,3.252,0.083,12,0,0.0,0,1
upi://pay?pa=refund76@xn--upi&pn=Refund%20Team&cu=INR,refund76@xn--upi,0,3.0,0.25,8,0,0.0,0,1
upi://pay?pa=merchant.9383@idfcbank&pn=Priya%20Singh&cu=INR,merchant.9383@idfcbank,1,3.547,0.308,13,0,0.0,0,0
upi://pay?pa=rahul.sharma@hdfcbank&pn=Sharma%20Kirana%20Store&cu=INR&am=2068.02,rahul.sharma@hdfcbank,1,2.855,0.0,12,1,2068.02,0,0
upi://pay?pa=amit.kumar@okaxis&pn=Sharma%20Kirana%20Store&cu=INR&am=1701.84,amit.kumar@okaxis,1,2.922,0.0,10,1,1701.84,0,0
upi://pay?pa=7554945552@kotak&pn=Green%20Grocers&cu=INR,7554945552@kotak,1,1.961,1.0,10,0,0.0,0,0
upi://pay?pa=goog1e-pay424@hdfcbank&pn=Cashback%20Desk&cu=INR&am=3.64&tn=blocked,goog1e-pay424@hdfcbank,1,3.239,0.308,13,1,3.64,1,1
upi://pay?pa=merchant.6470@idfcbank&pn=City%20Cafe&cu=INR,merchant.6470@idfcbank,1,3.7,0.308,13,0,0.0,0,0
upi://pay?pa=support39@xn--upi&pn=Refund%20Team&cu=INR&tn=verify-now,support39@xn--upi,0,2.948,0.222,9,0,0.0,1,1
upi://pay?pa=9456576082@paytm&pn=City%20Cafe&cu=INR&am=708.14,9456576082@paytm,1,2.922,1.0,10,1,708.14,0,0
upi://pay?pa=phcnpe663@idfcbank&pn=Cashback%20Desk&cu=INR,phcnpe663@idfcbank,1,2.725,0.333,9,0,0.0,0,1
upi://pay?pa=phcnpe435@paytm&pn=Cashback%20Desk&cu=INR&tn=cashback,phcnpe435@paytm,1,2.948,0.333,9,0,0.0,1,1
upi://pay?pa=8957147234@kotak&pn=Priya%20Singh&cu=INR&am=658.1,8957147234@kotak,1,2.922,1.0,10,1,658.1,0,0
upi://pay?pa=3796175117@ibl&pn=Verify%20Account&cu=INR&am=2.37&tn=winner,3796175117@ibl,1,2.371,1.0,10,1,2.37,1,1
upi://pay?pa=merchant.373@upi&pn=Auto%20Rickshaw%20Stand&cu=INR,merchant.373@upi,1,3.418,0.25,12,0,0.0,0,0
upi://pay?pa=9gm53fpy63my@apl&pn=Cashback%20Desk&cu=INR&am=2.98&tn=cashback,9gm53fpy63my@apl,1,3.085,0.417,12,1,2.98,1,1
upi://pay?pa=3886999317@upi&pn=KYC%20Support&cu=INR&tn=blocked,3886999317@upi,1,2.446,1.0,10,0,0.0,1,1
upi://pay?pa=ihegyircq1huxa@oksbi&pn=Verify%20Account&cu=INR&tn=kyc,ihegyircq1huxa@oksbi,1,3.522,0.071,14,0,0.0,1,1
upi://pay?pa=6l0oexir4i@okicici&pn=Cashback%20Desk&cu=INR&tn=refund,6l0oexir4i@okicici,1,3.122,0.3,10,0,0.0,1,1
upi://pay?pa=vunxfamadgp56ef@okicici&pn=Prize%20Center&cu=INR&tn=reward,vunxfamadgp56ef@okicici,1,3.64,0.133,15,0,0.0,1,1
upi://pay?pa=merchant.3972@ibl&pn=City%20Cafe&cu=INR&am=134.31,merchant.3972@ibl,1,3.7,0.308,13,1,134.31,0,0
upi://pay?pa=1mh1nbzoyw7@idfcbank&pn=KYC%20Support&cu=INR&tn=lottery,1mh1nbzoyw7@idfcbank,1,3.278,0.273,11,0,0.0,1,1
upi://pay?pa=goog1e-pay48@oksbi&pn=Prize%20Center&cu=INR&tn=blocked,goog1e-pay48@oksbi,1,3.252,0.25,12,0,0.0,1,1
upi://pay?pa=vendor.shop@paytm&pn=Om%20Traders&cu=INR,vendor.shop@paytm,1,3.278,0.0,11,0,0.0,0,0
upi://pay?pa=najfh71uzn4@upi&pn=KYC%20Support&cu=INR&tn=kyc,najfh71uzn4@upi,1,3.278,0.273,11,0,0.0,1,1
upi://pay?pa=goog1e-pay962@jio&pn=KYC%20Support&cu=INR&am=2.61&tn=suspend,goog1e-pay962@jio,1,3.393,0.308,13,1,2.61,1,1
upi://pay?pa=merchant.8485@oksbi&pn=Om%20Traders&cu=INR,merchant.8485@oksbi,1,3.547,0.308,13,0,0.0,0,0
upi://pay?pa=paytrn383@oksbi&pn=Verify%20Account&cu=INR&am=2.17&tn=kyc,paytrn383@oksbi,1,2.948,0.333,9,1,2.17,1,1
upi://pay?pa=priya123@okicici&pn=Om%20Traders&cu=INR,priya123@okicici,1,3.0,0.375,8,0,0.0,0,0
upi://pay?pa=4678651183@apl&pn=KYC%20Support&cu=INR&tn=urgent,4678651183@apl,1,2.722,1.0,10,0,0.0,1,1
upi://pay?pa=6809283659@kotak&pn=City%20Cafe&cu=INR,6809283659@kotak,1,2.722,1.0,10,0,0.0,0,0
upi://pay?pa=merchant.8821@axl&pn=Sharma%20Kirana%20Store&cu=INR,merchant.8821@axl,1,3.547,0.308,13,0,0.0,0,0
upi://pay?pa=9527642395@upi&pn=Priya%20Singh&cu=INR&am=2458.3,9527642395@upi,1,2.722,1.0,10,1,2458.3,0,0
upi://pay?pa=sunita.devi@ybl&pn=Om%20Traders&cu=INR&am=1286.44,sunita.devi@ybl,1,3.278,0.0,11,1,1286.44,0,0
upi://pay?pa=amit.kumar@kotak&pn=Auto%20Rickshaw%20Stand&cu=INR&am=3994.77,amit.kumar@kotak,1,2.922,0.0,10,1,3994.77,0,0
upi://pay?pa=goog1e-pay24@okicici&pn=KYC%20Support&cu=INR&am=1.76&tn=lottery,goog1e-pay24@okicici,1,3.252,0.25,12,1,1.76,1,1
upi://pay?pa=merchant.1147@paytm&pn=Green%20Grocers&cu=INR&am=4188.98,merchant.1147@paytm,1,3.547,0.308,13,1,4188.98,0,0
upi://pay?pa=8653582116@okaxis&pn=Rahul%20Sharma&cu=INR&am=3340.44,8653582116@okaxis,1,2.522,1.0,10,1,3340.44,0,0
upi://pay?pa=vendor.shop@hdfcbank&pn=Auto%20Rickshaw%20Stand&cu=INR&am=2833.41,vendor.shop@hdfcbank,1,3.278,0.0,11,1,2833.41,0,0
upi://pay?pa=support34@secure-pay&pn=Refund%20Team&cu=INR&tn=winner,support34@secure-pay,0,2.948,0.222,9,0,0.0,1,1
upi://pay?pa=merchant.1035@idfcbank&pn=Priya%20Singh&cu=INR,merchant.1035@idfcbank,1,3.7,0.308,13,0,0.0,0,0
upi://pay?pa=sunita.devi@ybl&pn=Sharma%20Kirana%20Store&cu=INR,sunita.devi@ybl,1,3.278,0.0,11,0,0.0,0,0
upi://pay?pa=7248120780@hdfcbank&pn=Green%20Grocers&cu=INR&am=2887.03,7248120780@hdfcbank,1,2.522,1.0,10,1,2887.03,0,0
upi://pay?pa=6798498372@kotak&pn=Auto%20Rickshaw%20Stand&cu=INR,6798498372@kotak,1,2.722,1.0,10,0,0.0,0,0
upi://pay?pa=merchant.4751@apl&pn=City%20Cafe&cu=INR&am=482.24,merchant.4751@apl,1,3.7,0.308,13,1,482.24,0,0
upi://pay?pa=merchant.2072@upi&pn=Auto%20Rickshaw%20Stand&cu=INR&am=3672.43,merchant.2072@upi,1,3.547,0.308,13,1,3672.43,0,0
upi://pay?pa=merchant.356@kotak&pn=City%20Cafe&cu=INR,merchant.356@kotak,1,3.585,0.25,12,0,0.0,0,0
upi://pay?pa=vendor.shop@upi&pn=Auto%20Rickshaw%20Stand&cu=INR,vendor.shop@upi,1,3.278,0.0,11,0,0.0,0,0
upi://pay?pa=879924990@oksbi&pn=Cashback%20Desk&cu=INR&tn=blocked,879924990@oksbi,1,2.281,1.0,9,0,0.0,1,1
upi://pay?pa=4382800177@jio&pn=Cashback%20Desk&cu=INR&tn=suspend,4382800177@jio,1,2.722,1.0,10,0,0.0,1,1
upi://pay?pa=57crcpj8r1zng@kotak&pn=Refund%20Team&cu=INR&am=3.5&tn=cashback,57crcpj8r1zng@kotak,1,3.393,0.308,13,1,3.5,1,1
upi://pay?pa=5835687026@ybl&pn=Prize%20Center&cu=INR&am=2.75&tn=winner,5835687026@ybl,1,2.722,1.0,10,1,2.75,1,1
upi://pay?pa=zlzm7odtlk87n@hdfcbank&pn=Prize%20Center&cu=INR&tn=kyc,zlzm7odtlk87n@hdfcbank,1,3.239,0.231,13,0,0.0,1,1
upi://pay?pa=kyc-team7@pay-verify&pn=Prize%20Center&cu=INR&am=3.47&tn=cashback,kyc-team7@pay-verify,0,3.17,0.111,9,1,3.47,1,1
upi://pay?pa=8684922912@kotak&pn=Sharma%20Kirana%20Store&cu=INR&am=317.68,8684922912@kotak,1,2.446,1.0,10,1,317.68,0,0
upi://pay?pa=iedbznmtr28@ybl&pn=Refund%20Team&cu=INR,iedbznmtr28@ybl,1,3.459,0.182,11,0,0.0,0,1
upi://pay?pa=amit.kumar@apl&pn=City%20Cafe&cu=INR,amit.kumar@apl,1,2.922,0.0,10,0,0.0,0,0
upi://pay?pa=374976875@ybl&pn=Refund%20Team&cu=INR&tn=verify-now,374976875@ybl,1,2.642,1.0,9,0,0.0,1,1
upi://pay?pa=8905492920@upi&pn=Auto%20Rickshaw%20Stand&cu=INR,8905492920@upi,1,2.446,1.0,10,0,0.0,0,0
upi://pay?pa=phcnpe42@upi&pn=Verify%20Account&cu=INR&tn=suspend,phcnpe42@upi,1,2.75,0.25,8,0,0.0,1,1
upi://pay?pa=cashback42@xn--upi&pn=KYC%20Support&cu=INR&tn=verify-now,cashback42@xn--upi,0,2.922,0.2,10,0,0.0,1,1
upi://pay?pa=merchant.7029@okicici&pn=City%20Cafe&cu=INR,merchant.7029@okicici,1,3.7,0.308,13,0,0.0,0,0
upi://pay?pa=es58kcimfl0xn@kotak&pn=Refund%20Team&cu=INR&am=4.77&tn=suspend,es58kcimfl0xn@kotak,1,3.7,0.231,13,1,4.77,1,1
upi://pay?pa=paytrn438@apl&pn=Cashback%20Desk&cu=INR&tn=suspend,paytrn438@apl,1,3.17,0.333,9,0,0.0,1,1
upi://pay?pa=merchant.7539@paytm&pn=Rahul%20Sharma&cu=INR&am=4776.9,merchant.7539@paytm,1,3.7,0.308,13,1,4776.9,0,0
upi://pay?pa=rahul.sharma@oksbi&pn=Green%20Grocers&cu=INR,rahul.sharma@oksbi,1,2.855,0.0,12,0,0.0,0,0
upi://pay?pa=2514935532@idfcbank&pn=Cashback%20Desk&cu=INR&tn=urgent,2514935532@idfcbank,1,2.446,1.0,10,0,0.0,1,1
upi://pay?pa=6980488094@hdfcbank&pn=Green%20Grocers&cu=INR,6980488094@hdfcbank,1,2.246,1.0,10,0,0.0,0,0
upi://pay?pa=9456251688@hdfcbank&pn=Priya%20Singh&cu=INR,9456251688@hdfcbank,1,2.722,1.0,10,0,0.0,0,0
upi://pay?pa=9290000522@kotak&pn=Green%20Grocers&cu=INR,9290000522@kotak,1,1.846,1.0,10,0,0.0,0,0
upi://pay?pa=8888835357@upi&pn=Rahul%20Sharma&cu=INR,8888835357@upi,1,1.761,1.0,10,0,0.0,0,0
upi://pay?pa=refund32@pay-verify&pn=KYC%20Support&cu=INR&tn=kyc,refund32@pay-verify,0,3.0,0.25,8,0,0.0,1,1
upi://pay?pa=merchant.3605@okhdfcbank&pn=Sharma%20Kirana%20Store&cu=INR,merchant.3605@okhdfcbank,1,3.7,0.308,13,0,0.0,0,0
upi://pay?pa=paytrn618@upi&pn=Prize%20Center&cu=INR&am=1.28&tn=lottery,paytrn618@upi,1,3.17,0.333,9,1,1.28,1,1
upi://pay?pa=merchant.6738@hdfcbank&pn=Priya%20Singh&cu=INR,merchant.6738@hdfcbank,1,3.7,0.308,13,0,0.0,0,0
upi://pay?pa=merchant.4913@okhdfcbank&pn=Sharma%20Kirana%20Store&cu=INR&am=2364.49,merchant.4913@okhdfcbank,1,3.7,0.308,13,1,2364.49,0,0
upi://pay?pa=7677927664@upi&pn=Om%20Traders&cu=INR,7677927664@upi,1,2.046,1.0,10,0,0.0,0,0
upi://pay?pa=753371382@upi&pn=KYC%20Support&cu=INR&tn=reward,753371382@upi,1,2.419,1.0,9,0,0.0,1,1
upi://pay?pa=merchant.6631@okaxis&pn=City%20Cafe&cu=INR,merchant.6631@okaxis,1,3.547,0.308,13,0,0.0,0,0
upi://pay?pa=7368878709@okaxis&pn=Auto%20Rickshaw%20Stand&cu=INR,7368878709@okaxis,1,2.371,1.0,10,0,0.0,0,0
upi://pay?pa=rahul.sharma@okhdfcbank&pn=Auto%20Rickshaw%20Stand&cu=INR,rahul.sharma@okhdfcbank,1,2.855,0.0,12,0,0.0,0,0
upi://pay?pa=7781880445@upi&pn=Priya%20Singh&cu=INR,7781880445@upi,1,2.446,1.0,10,0,0.0,0,0
upi://pay?pa=amit.kumar@jio&pn=City%20Cafe&cu=INR&am=1901.92,amit.kumar@jio,1,2.922,0.0,10,1,1901.92,0,0
upi://pay?pa=h2mpgl9u0u83@apl&pn=Refund%20Team&cu=INR&tn=verify-now,h2mpgl9u0u83@apl,1,3.418,0.417,12,0,0.0,1,1
upi://pay?pa=phcnpe237@oksbi&pn=Verify%20Account&cu=INR&tn=reward,phcnpe237@oksbi,1,2.948,0.333,9,0,0.0,1,1
upi://pay?pa=amit.kumar@okaxis&pn=Auto%20Rickshaw%20Stand&cu=INR&am=2586.61,amit.kumar@okaxis,1,2.922,0.0,10,1,2586.61,0,0
upi://pay?pa=1202364913@hdfcbank&pn=Cashback%20Desk&cu=INR&tn=reward,1202364913@hdfcbank,1,2.722,1.0,10,0,0.0,1,1
upi://pay?pa=merchant.5009@apl&pn=Auto%20Rickshaw%20Stand&cu=INR&am=2943.04,merchant.5009@apl,1,3.547,0.308,13,1,2943.04,0,0
upi://pay?pa=merchant.2627@kotak&pn=Rahul%20Sharma&cu=INR,merchant.2627@kotak,1,3.547,0.308,13,0,0.0,0,0
upi://pay?pa=7dv5by0632grx@upi&pn=Refund%20Team&cu=INR&am=3.04,7dv5by0632grx@upi,1,3.7,0.462,13,1,3.04,0,1
upi://pay?pa=f1iinsm4fshohs@upi&pn=Refund%20Team&cu=INR,f1iinsm4fshohs@upi,1,3.039,0.143,14,0,0.0,0,1
upi://pay?pa=kyc-team72@secure-pay&pn=Verify%20Account&cu=INR&tn=lottery,kyc-team72@secure-pay,0,3.322,0.2,10,0,0.0,1,1
upi://pay?pa=refund37@kyc-update&pn=Cashback%20Desk&cu=INR,refund37@kyc-update,0,3.0,0.25,8,0,0.0,0,1
upi://pay?pa=cashback81@secure-pay&pn=Cashback%20Desk&cu=INR&tn=refund,cashback81@secure-pay,0,2.922,0.2,10,0,0.0,1,1
upi://pay?pa=rahul.sharma@kotak&pn=Sharma%20Kirana%20Store&cu=INR&am=3347.34,rahul.sharma@kotak,1,2.855,0.0,12,1,3347.34,0,0
upi://pay?pa=8587357085@ibl&pn=Rahul%20Sharma&cu=INR,8587357085@ibl,1,2.171,1.0,10,0,0.0,0,0
upi://pay?pa=5951074275@okhdfcbank&pn=KYC%20Support&cu=INR&tn=reward,5951074275@okhdfcbank,1,2.646,1.0,10,0,0.0,1,1
upi://pay?pa=goog1e-pay956@apl&pn=Refund%20Team&cu=INR&tn=suspend,goog1e-pay956@apl,1,3.393,0.308,13,0,0.0,1,1
upi://pay?pa=priya123@idfcbank&pn=Priya%20Singh&cu=INR,priya123@idfcbank,1,3.0,0.375,8,0,0.0,0,0
upi://pay?pa=merchant.2270@okicici&pn=Rahul%20Sharma&cu=INR,merchant.2270@okicici,1,3.547,0.308,13,0,0.0,0,0
upi://pay?pa=549199972@axl&pn=KYC%20Support&cu=INR&tn=kyc,549199972@axl,1,2.281,1.0,9,0,0.0,1,1
upi://pay?pa=4456533522@okaxis&pn=KYC%20Support&cu=INR&tn=lottery,4456533522@okaxis,1,2.246,1.0,10,0,0.0,1,1
upi://pay?pa=merchant.2256@hdfcbank&pn=Priya%20Singh&cu=INR,merchant.2256@hdfcbank,1,3.547,0.308,13,0,0.0,0,0
upi://pay?pa=cashback41@refund-upi&pn=KYC%20Support&cu=INR,cashback41@refund-upi,0,2.922,0.2,10,0,0.0,0,1
upi://pay?pa=rahul.sharma@okaxis&pn=Sharma%20Kirana%20Store&cu=INR,rahul.sharma@okaxis,1,2.855,0.0,12,0,0.0,0,0
upi://pay?pa=paytrn143@hdfcbank&pn=Cashback%20Desk&cu=INR&am=2.89,paytrn143@hdfcbank,1,3.17,0.333,9,1,2.89,0,1
upi://pay?pa=paytrn554@hdfcbank&pn=Refund%20Team&cu=INR&am=1.64&tn=refund,paytrn554@hdfcbank,1,2.948,0.333,9,1,1.64,1,1
upi://pay?pa=refund45@kyc-update&pn=Cashback%20Desk&cu=INR&tn=blocked,refund45@kyc-update,0,3.0,0.25,8,0,0.0,1,1
upi://pay?pa=8231906168@jio&pn=Auto%20Rickshaw%20Stand&cu=INR&am=3936.2,8231906168@jio,1,2.722,1.0,10,1,3936.2,0,0
upi://pay?pa=34e5bcidl8lgh8r@okhdfcbank&pn=Refund%20Team&cu=INR&am=2.05&tn=verify-now,34e5bcidl8lgh8r@okhdfcbank,1,3.64,0.333,15,1,2.05,1,1
upi://pay?pa=phcnpe68@paytm&pn=Prize%20Center&cu=INR&am=2.27&tn=verify-now,phcnpe68@paytm,1,2.75,0.25,8,1,2.27,1,1
upi://pay?pa=5219217919@ybl&pn=Prize%20Center&cu=INR&am=2.45&tn=refund,5219217919@ybl,1,2.171,1.0,10,1,2.45,1,1
upi://pay?pa=paytrn718@axl&pn=Prize%20Center&cu=INR&am=3.51&tn=suspend,paytrn718@axl,1,3.17,0.333,9,1,3.51,1,1
upi://pay?pa=merchant.5724@apl&pn=Priya%20Singh&cu=INR,merchant.5724@apl,1,3.7,0.308,13,0,0.0,0,0
upi://pay?pa=khtab92wc3bnecjq@hdfcbank&pn=Cashback%20Desk&cu=INR&tn=winner,khtab92wc3bnecjq@hdfcbank,1,3.75,0.188,16,0,0.0,1,1
upi://pay?pa=merchant.8677@kotak&pn=City%20Cafe&cu=INR,merchant.8677@kotak,1,3.547,0.308,13,0,0.0,0,0
upi://pay?pa=2399756765@okhdfcbank&pn=Verify%20Account&cu=INR&tn=kyc,2399756765@okhdfcbank,1,2.522,1.0,10,0,0.0,1,1
upi://pay?pa=priya123@axl&pn=Sharma%20Kirana%20Store&cu=INR,priya123@axl,1,3.0,0.375,8,0,0.0,0,0
upi://pay?pa=zgjvb2yt9l6t@jio&pn=Cashback%20Desk&cu=INR&tn=verify-now,zgjvb2yt9l6t@jio,1,3.418,0.25,12,0,0.0,1,1
upi://pay?pa=4276982383@upi&pn=Cashback%20Desk&cu=INR&tn=urgent,4276982383@upi,1,2.722,1.0,10,0,0.0,1,1
upi://pay?pa=merchant.2064@paytm&pn=City%20Cafe&cu=INR,merchant.2064@paytm,1,3.7,0.308,13,0,0.0,0,0
upi://pay?pa=6657548812@axl&pn=Auto%20Rickshaw%20Stand&cu=INR,6657548812@axl,1,2.722,1.0,10,0,0.0,0,0
upi://pay?pa=merchant.4578@ibl&pn=Sharma%20Kirana%20Store&cu=INR&am=2840.81,merchant.4578@ibl,1,3.7,0.308,13,1,2840.81,0,0
upi://pay?pa=goog1e-pay277@ibl&pn=Verify%20Account&cu=INR&am=4.88&tn=urgent,goog1e-pay277@ibl,1,3.239,0.308,13,1,4.88,1,1
upi://pay?pa=8095318649@jio&pn=Sharma%20Kirana%20Store&cu=INR&am=52.93,8095318649@jio,1,2.922,1.0,10,1,52.93,0,0
upi://pay?pa=goog1e-pay494@kotak&pn=KYC%20Support&cu=INR&am=3.72&tn=winner,goog1e-pay494@kotak,1,3.239,0.308,13,1,3.72,1,1
upi://pay?pa=amit.kumar@upi&pn=Rahul%20Sharma&cu=INR,amit.kumar@upi,1,2.922,0.0,10,0,0.0,0,0
upi://pay?pa=qi064vj2mwyi7ce@apl&pn=Cashback%20Desk&cu=INR,qi064vj2mwyi7ce@apl,1,3.774,0.333,15,0,0.0,0,1
upi://pay?pa=9783220819@okhdfcbank&pn=Rahul%20Sharma&cu=INR&am=388.46,9783220819@okhdfcbank,1,2.722,1.0,10,1,388.46,0,0
upi://pay?pa=vendor.shop@paytm&pn=Om%20Traders&cu=INR,vendor.shop@paytm,1,3.278,0.0,11,0,0.0,0,0
upi://pay?pa=merchant.4235@apl&pn=Priya%20Singh&cu=INR,merchant.4235@apl,1,3.7,0.308,13,0,0.0,0,0
upi://pay?pa=250411367@idfcbank&pn=Prize%20Center&cu=INR&tn=urgent,250411367@idfcbank,1,2.948,1.0,9,0,0.0,1,1
upi://pay?pa=priya123@okhdfcbank&pn=Sharma%20Kirana%20Store&cu=INR&am=622.36,priya123@okhdfcbank,1,3.0,0.375,8,1,622.36,0,0
upi://pay?pa=rahul.sharma@upi&pn=Green%20Grocers&cu=INR,rahul.sharma@upi,1,2.855,0.0,12,0,0.0,0,0
upi://pay?pa=refund58@secure-pay&pn=Refund%20Team&cu=INR&tn=cashback,refund58@secure-pay,0,3.0,0.25,8,0,0.0,1,1
upi://pay?pa=merchant.8850@axl&pn=Sharma%20Kirana%20Store&cu=INR&am=1747.4,merchant.8850@axl,1,3.547,0.308,13,1,1747.4,0,0
upi://pay?pa=goog1e-pay852@paytm&pn=KYC%20Support&cu=INR&tn=cashback,goog1e-pay852@paytm,1,3.393,0.308,13,0,0.0,1,1
upi://pay?pa=refund70@kyc-update&pn=Refund%20Team&cu=INR&tn=lottery,refund70@kyc-update,0,3.0,0.25,8,0,0.0,1,1
upi://pay?pa=7470283342@apl&pn=Green%20Grocers&cu=INR&am=1784.35,7470283342@apl,1,2.522,1.0,10,1,1784.35,0,0
upi://pay?pa=8813285701@okicici&pn=Sharma%20Kirana%20Store&cu=INR,8813285701@okicici,1,2.646,1.0,10,0,0.0,0,0
upi://pay?pa=cfh9apun9w@axl&pn=Prize%20Center&cu=INR&tn=cashback,cfh9apun9w@axl,1,3.122,0.2,10,0,0.0,1,1
upi://pay?pa=6954520132@idfcbank&pn=Verify%20Account&cu=INR&am=3.85&tn=cashback,6954520132@idfcbank,1,2.922,1.0,10,1,3.85,1,1
upi://pay?pa=merchant.5715@oksbi&pn=Rahul%20Sharma&cu=INR,merchant.5715@oksbi,1,3.547,0.308,13,0,0.0,0,0
upi://pay?pa=refund77@kyc-update&pn=Prize%20Center&cu=INR&tn=blocked,refund77@kyc-update,0,2.75,0.25,8,0,0.0,1,1
upi://pay?pa=sunita.devi@axl&pn=Priya%20Singh&cu=INR,sunita.devi@axl,1,3.278,0.0,11,0,0.0,0,0
upi://pay?pa=amit.kumar@jio&pn=Rahul%20Sharma&cu=INR,amit.kumar@jio,1,2.922,0.0,10,0,0.0,0,0
upi://pay?pa=merchant.9325@okhdfcbank&pn=City%20Cafe&cu=INR,merchant.9325@okhdfcbank,1,3.7,0.308,13,0,0.0,0,0
upi://pay?pa=kou0hyo3hi0x5@okhdfcbank&pn=Prize%20Center&cu=INR&am=4.24&tn=refund,kou0hyo3hi0x5@okhdfcbank,1,3.239,0.308,13,1,4.24,1,1
upi://pay?pa=vendor.shop@upi&pn=Om%20Traders&cu=INR,vendor.shop@upi,1,3.278,0.0,11,0,0.0,0,0
upi://pay?pa=phcnpe884@hdfcbank&pn=Refund%20Team&cu=INR&am=2.22&tn=lottery,phcnpe884@hdfcbank,1,2.725,0.333,9,1,2.22,1,1
upi://pay?pa=9093707900@jio&pn=Green%20Grocers&cu=INR,9093707900@jio,1,1.846,1.0,10,0,0.0,0,0
upi://pay?pa=rahul.sharma@upi&pn=City%20Cafe&cu=INR,rahul.sharma@upi,1,2.855,0.0,12,0,0.0,0,0
upi://pay?pa=merchant.5645@jio&pn=Green%20Grocers&cu=INR,merchant.5645@jio,1,3.547,0.308,13,0,0.0,0,0
upi://pay?pa=amit.kumar@okhdfcbank&pn=Sharma%20Kirana%20Store&cu=INR&am=575.17,amit.kumar@okhdfcbank,1,2.922,0.0,10,1,575.17,0,0
upi://pay?pa=vfxc6i4n4pcyws@oksbi&pn=Prize%20Center&cu=INR&tn=winner,vfxc6i4n4pcyws@oksbi,1,3.522,0.214,14,0,0.0,1,1
upi://pay?pa=1667478397@kotak&pn=Cashback%20Desk&cu=INR&tn=kyc,1667478397@kotak,1,2.646,1.0,10,0,0.0,1,1
upi://pay?pa=phcnpe416@okaxis&pn=KYC%20Support&cu=INR&am=2.17&tn=winner,phcnpe416@okaxis,1,2.948,0.333,9,1,2.17,1,1
upi://pay?pa=paytrn36@oksbi&pn=Verify%20Account&cu=INR&tn=winner,paytrn36@oksbi,1,3.0,0.25,8,0,0.0,1,1
upi://pay?pa=merchant.6785@apl&pn=Sharma%20Kirana%20Store&cu=INR,merchant.6785@apl,1,3.7,0.308,13,0,0.0,0,0
upi://pay?pa=merchant.3857@axl&pn=Auto%20Rickshaw%20Stand&cu=INR,merchant.3857@axl,1,3.7,0.308,13,0,0.0,0,0
upi://pay?pa=merchant.7716@hdfcbank&pn=Sharma%20Kirana%20Store&cu=INR&am=447.4,merchant.7716@hdfcbank,1,3.547,0.308,13,1,447.4,0,0
upi://pay?pa=priya123@okhdfcbank&pn=Auto%20Rickshaw%20Stand&cu=INR&am=2849.59,priya123@okhdfcbank,1,3.0,0.375,8,1,2849.59,0,0
upi://pay?pa=support70@refund-upi&pn=Cashback%20Desk&cu=INR&tn=reward,support70@refund-upi,0,2.948,0.222,9,0,0.0,1,1
upi://pay?pa=kyc-team87@pay-verify&pn=Cashback%20Desk&cu=INR&am=3.34&tn=suspend,kyc-team87@pay-verify,0,3.322,0.2,10,1,3.34,1,1
upi://pay?pa=8710265109@ibl&pn=City%20Cafe&cu=INR,8710265109@ibl,1,2.922,1.0,10,0,0.0,0,0
upi://pay?pa=priya123@okhdfcbank&pn=Sharma%20Kirana%20Store&cu=INR,priya123@okhdfcbank,1,3.0,0.375,8,0,0.0,0,0
upi://pay?pa=merchant.1687@ybl&pn=City%20Cafe&cu=INR,merchant.1687@ybl,1,3.7,0.308,13,0,0.0,0,0
upi://pay?pa=support58@refund-upi&pn=Verify%20Account&cu=INR&am=1.82&tn=urgent,support58@refund-upi,0,2.948,0.222,9,1,1.82,1,1
upi://pay?pa=phcnpe205@ybl&pn=Refund%20Team&cu=INR&tn=cashback,phcnpe205@ybl,1,2.948,0.333,9,0,0.0,1,1
upi://pay?pa=8904605690@hdfcbank&pn=Priya%20Singh&cu=INR,8904605690@hdfcbank,1,2.446,1.0,10,0,0.0,0,0
upi://pay?pa=kyc-team82@secure-pay&pn=Cashback%20Desk&cu=INR&tn=lottery,kyc-team82@secure-pay,0,3.322,0.2,10,0,0.0,1,1
upi://pay?pa=7s5f8bmaaw@kotak&pn=Verify%20Account&cu=INR&tn=winner,7s5f8bmaaw@kotak,1,3.122,0.3,10,0,0.0,1,1
upi://pay?pa=3728705152@okicici&pn=Verify%20Account&cu=INR&am=4.98&tn=winner,3728705152@okicici,1,2.722,1.0,10,1,4.98,1,1
upi://pay?pa=merchant.6108@hdfcbank&pn=Auto%20Rickshaw%20Stand&cu=INR,merchant.6108@hdfcbank,1,3.7,0.308,13,0,0.0,0,0
upi://pay?pa=8397196672@upi&pn=Rahul%20Sharma&cu=INR,8397196672@upi,1,2.722,1.0,10,0,0.0,0,0
upi://pay?pa=6899507630@okicici&pn=Green%20Grocers&cu=INR,6899507630@okicici,1,2.722,1.0,10,0,0.0,0,0
upi://pay?pa=3290872533@axl&pn=Refund%20Team&cu=INR&tn=cashback,3290872533@axl,1,2.646,1.0,10,0,0.0,1,1
upi://pay?pa=8858437300@paytm&pn=Verify%20Account&cu=INR&tn=lottery,8858437300@paytm,1,2.446,1.0,10,0,0.0,1,1
upi://pay?pa=merchant.3270@okicici&pn=Auto%20Rickshaw%20Stand&cu=INR&am=2255.1,merchant.3270@okicici,1,3.7,0.308,13,1,2255.1,0,0
upi://pay?pa=amit.kumar@axl&pn=Green%20Grocers&cu=INR,amit.kumar@axl,1,2.922,0.0,10,0,0.0,0,0
upi://pay?pa=6167255663@oksbi&pn=Green%20Grocers&cu=INR,6167255663@oksbi,1,2.322,1.0,10,0,0.0,0,0
upi://pay?pa=3ndpyn89mr@okicici&pn=Prize%20Center&cu=INR&am=2.7&tn=lottery,3ndpyn89mr@okicici,1,3.122,0.3,10,1,2.7,1,1
upi://pay?pa=merchant.6946@okhdfcbank&pn=Sharma%20Kirana%20Store&cu=INR&am=3858.88,merchant.6946@okhdfcbank,1,3.547,0.308,13,1,3858.88,0,0
upi://pay?pa=9923164030@okicici&pn=Priya%20Singh&cu=INR,9923164030@okicici,1,2.722,1.0,10,0,0.0,0,0
upi://pay?pa=kyc-team32@kyc-update&pn=Verify%20Account&cu=INR&am=4.89&tn=reward,kyc-team32@kyc-update,0,3.322,0.2,10,1,4.89,1,1
upi://pay?pa=amit.kumar@kotak&pn=City%20Cafe&cu=INR,amit.kumar@kotak,1,2.922,0.0,10,0,0.0,0,0
upi://pay?pa=aq4xrn0t1kku@upi&pn=Prize%20Center&cu=INR&tn=blocked,aq4xrn0t1kku@upi,1,3.418,0.25,12,0,0.0,1,1
upi://pay?pa=8864409772@ybl&pn=Priya%20Singh&cu=INR&am=4079.09,8864409772@ybl,1,2.722,1.0,10,1,4079.09,0,0
upi://pay?pa=9433664649@kotak&pn=Om%20Traders&cu=INR,9433664649@kotak,1,1.971,1.0,10,0,0.0,0,0
upi://pay?pa=merchant.5794@oksbi&pn=Rahul%20Sharma&cu=INR,merchant.5794@oksbi,1,3.7,0.308,13,0,0.0,0,0
upi://pay?pa=amit.kumar@jio&pn=Auto%20Rickshaw%20Stand&cu=INR,amit.kumar@jio,1,2.922,0.0,10,0,0.0,0,0
upi://pay?pa=6899905381@idfcbank&pn=Rahul%20Sharma&cu=INR,6899905381@idfcbank,1,2.646,1.0,10,0,0.0,0,0
upi://pay?pa=rahul.sharma@ibl&pn=Green%20Grocers&cu=INR,rahul.sharma@ibl,1,2.855,0.0,12,0,0.0,0,0
upi://pay?pa=paytrn427@ybl&pn=KYC%20Support&cu=INR&tn=urgent,paytrn427@ybl,1,3.17,0.333,9,0,0.0,1,1
upi://pay?pa=goog1e-pay931@oksbi&pn=Cashback%20Desk&cu=INR&tn=refund,goog1e-pay931@oksbi,1,3.239,0.308,13,0,0.0,1,1
upi://pay?pa=vmdcdoetp5xmu@okhdfcbank&pn=KYC%20Support&cu=INR,vmdcdoetp5xmu@okhdfcbank,1,3.393,0.077,13,0,0.0,0,1
upi://pay?pa=gmiurpv2wj6o6u@hdfcbank&pn=Verify%20Account&cu=INR,gmiurpv2wj6o6u@hdfcbank,1,3.522,0.214,14,0,0.0,0,1
upi://pay?pa=d0znuajpbpkv@okaxis&pn=Cashback%20Desk&cu=INR&am=3.73&tn=refund,d0znuajpbpkv@okaxis,1,3.418,0.083,12,1,3.73,1,1
upi://pay?pa=7759553148@axl&pn=Verify%20Account&cu=INR&tn=blocked,7759553148@axl,1,2.646,1.0,10,0,0.0,1,1
upi://pay?pa=9345911300@oksbi&pn=Om%20Traders&cu=INR&am=2913.55,9345911300@oksbi,1,2.522,1.0,10,1,2913.55,0,0
upi://pay?pa=support16@secure-pay&pn=Refund%20Team&cu=INR,support16@secure-pay,0,2.948,0.222,9,0,0.0,0,1
upi://pay?pa=3349132427@okaxis&pn=Verify%20Account&cu=INR&tn=verify-now,3349132427@okaxis,1,2.446,1.0,10,0,0.0,1,1
upi://pay?pa=wqrueys2n3@ybl&pn=Verify%20Account&cu=INR,wqrueys2n3@ybl,1,3.322,0.2,10,0,0.0,0,1
upi://pay?pa=8026160767@axl&pn=Green%20Grocers&cu=INR&am=3301.68,8026160767@axl,1,2.446,1.0,10,1,3301.68,0,0
upi://pay?pa=support29@refund-upi&pn=Prize%20Center&cu=INR&am=4.38&tn=winner,support29@refund-upi,0,2.948,0.222,9,1,4.38,1,1
upi://pay?pa=merchant.9228@ybl&pn=Rahul%20Sharma&cu=INR,merchant.9228@ybl,1,3.547,0.308,13,0,0.0,0,0
upi://pay?pa=2180860191@upi&pn=Refund%20Team&cu=INR&tn=winner,2180860191@upi,1,2.446,1.0,10,0,0.0,1,1
upi://pay?pa=7137651678@okhdfcbank&pn=City%20Cafe&cu=INR&am=1248.2,7137651678@okhdfcbank,1,2.446,1.0,10,1,1248.2,0,0
upi://pay?pa=dyapg1gke8rcvf@upi&pn=Refund%20Team&cu=INR&tn=winner,dyapg1gke8rcvf@upi,1,3.664,0.143,14,0,0.0,1,1
upi://pay?pa=priya123@okicici&pn=Auto%20Rickshaw%20Stand&cu=INR&am=3408.17,priya123@okicici,1,3.0,0.375,8,1,3408.17,0,0
upi://pay?pa=rahul.sharma@jio&pn=Rahul%20Sharma&cu=INR&am=4122.8,rahul.sharma@jio,1,2.855,0.0,12,1,4122.8,0,0
upi://pay?pa=vq8pkd2krcnebcx@okicici&pn=KYC%20Support&cu=INR&tn=kyc,vq8pkd2krcnebcx@okicici,1,3.64,0.133,15,0,0.0,1,1
upi://pay?pa=1805206381@okaxis&pn=Cashback%20Desk&cu=INR&am=1.65&tn=suspend,1805206381@okaxis,1,2.722,1.0,10,1,1.65,1,1
upi://pay?pa=9143112986@ibl&pn=Cashback%20Desk&cu=INR&tn=suspend,9143112986@ibl,1,2.646,1.0,10,0,0.0,1,1
upi://pay?pa=2593153820@upi&pn=Prize%20Center&cu=INR&tn=reward,2593153820@upi,1,2.722,1.0,10,0,0.0,1,1
upi://pay?pa=vendor.shop@axl&pn=City%20Cafe&cu=INR&am=3738.99,vendor.shop@axl,1,3.278,0.0,11,1,3738.99,0,0
upi://pay?pa=cashback68@xn--upi&pn=Verify%20Account&cu=INR&tn=suspend,cashback68@xn--upi,0,2.922,0.2,10,0,0.0,1,1
upi://pay?pa=merchant.7533@axl&pn=Priya%20Singh&cu=INR,merchant.7533@axl,1,3.547,0.308,13,0,0.0,0,0
upi://pay?pa=6187685520@ybl&pn=Refund%20Team&cu=INR&am=1.48&tn=verify-now,6187685520@ybl,1,2.722,1.0,10,1,1.48,1,1
upi://pay?pa=support28@secure-pay&pn=Cashback%20Desk&cu=INR&am=1.09&tn=kyc,support28@secure-pay,0,2.948,0.222,9,1,1.09,1,1
upi://pay?pa=merchant.7512@idfcbank&pn=Auto%20Rickshaw%20Stand&cu=INR,merchant.7512@idfcbank,1,3.7,0.308,13,0,0.0,0,0
upi://pay?pa=6048121174@oksbi&pn=Green%20Grocers&cu=INR,6048121174@oksbi,1,2.646,1.0,10,0,0.0,0,0
upi://pay?pa=2016498344@jio&pn=Prize%20Center&cu=INR&am=2.02&tn=cashback,2016498344@jio,1,2.846,1.0,10,1,2.02,1,1
upi://pay?pa=129186614@okaxis&pn=KYC%20Support&cu=INR&am=2.31&tn=suspend,129186614@okaxis,1,2.419,1.0,9,1,2.31,1,1
upi://pay?pa=merchant.1086@upi&pn=Green%20Grocers&cu=INR,merchant.1086@upi,1,3.7,0.308,13,0,0.0,0,0
upi://pay?pa=sb57vvj0n2h7dbwu@hdfcbank&pn=KYC%20Support&cu=INR&tn=cashback,sb57vvj0n2h7dbwu@hdfcbank,1,3.625,0.312,16,0,0.0,1,1
upi://pay?pa=6429944258@axl&pn=Refund%20Team&cu=INR&am=3.36&tn=winner,6429944258@axl,1,2.446,1.0,10,1,3.36,1,1
upi://pay?pa=kyc-team6@xn--upi&pn=Prize%20Center&cu=INR&tn=suspend,kyc-team6@xn--upi,0,3.17,0.111,9,0,0.0,1,1
upi://pay?pa=paytrn768@paytm&pn=Cashback%20Desk&cu=INR&tn=refund,paytrn768@paytm,1,3.17,0.333,9,0,0.0,1,1
upi://pay?pa=support49@pay-verify&pn=Cashback%20Desk&cu=INR&am=1.56&tn=lottery,support49@pay-verify,0,2.948,0.222,9,1,1.56,1,1
upi://pay?pa=6074950672@axl&pn=KYC%20Support&cu=INR&am=1.31&tn=verify-now,6074950672@axl,1,2.722,1.0,10,1,1.31,1,1
upi://pay?pa=merchant.6059@axl&pn=Priya%20Singh&cu=INR&am=4336.63,merchant.6059@axl,1,3.7,0.308,13,1,4336.63,0,0
upi://pay?pa=phcnpe150@oksbi&pn=Refund%20Team&cu=INR&tn=kyc,phcnpe150@oksbi,1,2.948,0.333,9,0,0.0,1,1
upi://pay?pa=706329370@idfcbank&pn=Prize%20Center&cu=INR&tn=verify-now,706329370@idfcbank,1,2.503,1.0,9,0,0.0,1,1
upi://pay?pa=8569779726@kotak&pn=Green%20Grocers&cu=INR,8569779726@kotak,1,2.446,1.0,10,0,0.0,0,0
upi://pay?pa=6007911664@oksbi&pn=Cashback%20Desk&cu=INR&am=1.69,6007911664@oksbi,1,2.446,1.0,10,1,1.69,0,1
upi://pay?pa=cnq3fblo3p1jzo@axl&pn=Prize%20Center&cu=INR&am=3.54&tn=cashback,cnq3fblo3p1jzo@axl,1,3.522,0.214,14,1,3.54,1,1
upi://pay?pa=6205969598@idfcbank&pn=Green%20Grocers&cu=INR,6205969598@idfcbank,1,2.446,1.0,10,0,0.0,0,0
upi://pay?pa=7285384455@oksbi&pn=City%20Cafe&cu=INR&am=2828.51,7285384455@oksbi,1,2.446,1.0,10,1,2828.51,0,0
upi://pay?pa=z5g19qguy2n3nfc@hdfcbank&pn=KYC%20Support&cu=INR&tn=refund,z5g19qguy2n3nfc@hdfcbank,1,3.64,0.333,15,0,0.0,1,1
upi://pay?pa=phcnpe283@hdfcbank&pn=Cashback%20Desk&cu=INR&am=1.47&tn=cashback,phcnpe283@hdfcbank,1,2.948,0.333,9,1,1.47,1,1
upi://pay?pa=merchant.5039@ibl&pn=Rahul%20Sharma&cu=INR,merchant.5039@ibl,1,3.7,0.308,13,0,0.0,0,0
upi://pay?pa=6399292268@axl&pn=Rahul%20Sharma&cu=INR&am=1679.67,6399292268@axl,1,2.171,1.0,10,1,1679.67,0,0
upi://pay?pa=support42@refund-upi&pn=Verify%20Account&cu=INR&tn=verify-now,support42@refund-upi,0,2.948,0.222,9,0,0.0,1,1
upi://pay?pa=cmdbh4jwqv66n0t@okicici&pn=KYC%20Support&cu=INR&tn=verify-now,cmdbh4jwqv66n0t@okicici,1,3.774,0.267,15,0,0.0,1,1
upi://pay?pa=vendor.shop@apl&pn=Priya%20Singh&cu=INR,vendor.shop@apl,1,3.278,0.0,11,0,0.0,0,0
upi://pay?pa=y7n17lzg3rb@okhdfcbank&pn=Verify%20Account&cu=INR&am=1.99&tn=refund,y7n17lzg3rb@okhdfcbank,1,3.278,0.364,11,1,1.99,1,1
upi://pay?pa=rahul.sharma@ibl&pn=Green%20Grocers&cu=INR,rahul.sharma@ibl,1,2.855,0.0,12,0,0.0,0,0
upi://pay?pa=priya123@paytm&pn=City%20Cafe&cu=INR,priya123@paytm,1,3.0,0.375,8,0,0.0,0,0
upi://pay?pa=sunita.devi@okicici&pn=Priya%20Singh&cu=INR,sunita.devi@okicici,1,3.278,0.0,11,0,0.0,0,0
upi://pay?pa=cashback55@pay-verify&pn=Verify%20Account&cu=INR&tn=blocked,cashback55@pay-verify,0,2.722,0.2,10,0,0.0,1,1
upi://pay?pa=merchant.8989@hdfcbank&pn=Om%20Traders&cu=INR,merchant.8989@hdfcbank,1,3.393,0.308,13,0,0.0,0,0
upi://pay?pa=phcnpe515@hdfcbank&pn=Refund%20Team&cu=INR,phcnpe515@hdfcbank,1,2.725,0.333,9,0,0.0,0,1
upi://pay?pa=z45g5vwxt4psyyw@idfcbank&pn=KYC%20Support&cu=INR&tn=cashback,z45g5vwxt4psyyw@idfcbank,1,3.374,0.267,15,0,0.0,1,1
upi://pay?pa=phcnpe704@okhdfcbank&pn=Refund%20Team&cu=INR&am=3.61&tn=blocked,phcnpe704@okhdfcbank,1,2.948,0.333,9,1,3.61,1,1
upi://pay?pa=0nkvdkipdhsp2@axl&pn=Prize%20Center&cu=INR&tn=refund,0nkvdkipdhsp2@axl,1,3.239,0.154,13,0,0.0,1,1
upi://pay?pa=6829709176@kotak&pn=Priya%20Singh&cu=INR&am=3854.33,6829709176@kotak,1,2.722,1.0,10,1,3854.33,0,0
upi://pay?pa=merchant.4652@oksbi&pn=Auto%20Rickshaw%20Stand&cu=INR,merchant.4652@oksbi,1,3.7,0.308,13,0,0.0,0,0
upi://pay?pa=goog1e-pay201@kotak&pn=Cashback%20Desk&cu=INR&tn=kyc,goog1e-pay201@kotak,1,3.239,0.308,13,0,0.0,1,1
upi://pay?pa=8201843093@axl&pn=Om%20Traders&cu=INR,8201843093@axl,1,2.722,1.0,10,0,0.0,0,0
upi://pay?pa=merchant.4513@ybl&pn=City%20Cafe&cu=INR,merchant.4513@ybl,1,3.7,0.308,13,0,0.0,0,0
upi://pay?pa=goog1e-pay907@okhdfcbank&pn=Verify%20Account&cu=INR&tn=reward,goog1e-pay907@okhdfcbank,1,3.393,0.308,13,0,0.0,1,1
upi://pay?pa=9993772803@paytm&pn=Green%20Grocers&cu=INR,9993772803@paytm,1,2.446,1.0,10,0,0.0,0,0
upi://pay?pa=amit.kumar@jio&pn=Priya%20Singh&cu=INR,amit.kumar@jio,1,2.922,0.0,10,0,0.0,0,0
upi://pay?pa=cashback57@secure-pay&pn=Refund%20Team&cu=INR&am=2.88,cashback57@secure-pay,0,2.922,0.2,10,1,2.88,0,1
upi://pay?pa=sunita.devi@jio&pn=Om%20Traders&cu=INR&am=3769.14,sunita.devi@jio,1,3.278,0.0,11,1,3769.14,0,0
upi://pay?pa=phcnpe600@okicici&pn=KYC%20Support&cu=INR&tn=refund,phcnpe600@okicici,1,2.725,0.333,9,0,0.0,1,1
upi://pay?pa=7174897125@oksbi&pn=Om%20Traders&cu=INR&am=1394.23,7174897125@oksbi,1,2.646,1.0,10,1,1394.23,0,0
upi://pay?pa=goog1e-pay553@apl&pn=Verify%20Account&cu=INR&tn=blocked,goog1e-pay553@apl,1,3.239,0.308,13,0,0.0,1,1
upi://pay?pa=merchant.2369@okhdfcbank&pn=Green%20Grocers&cu=INR,merchant.2369@okhdfcbank,1,3.7,0.308,13,0,0.0,0,0
upi://pay?pa=support6@pay-verify&pn=Refund%20Team&cu=INR&tn=kyc,support6@pay-verify,0,2.75,0.125,8,0,0.0,1,1
upi://pay?pa=goog1e-pay708@ybl&pn=Cashback%20Desk&cu=INR&tn=refund,goog1e-pay708@ybl,1,3.393,0.308,13,0,0.0,1,1
upi://pay?pa=amit.kumar@axl&pn=Auto%20Rickshaw%20Stand&cu=INR&am=323.57,amit.kumar@axl,1,2.922,0.0,10,1,323.57,0,0
upi://pay?pa=6904230112@axl&pn=Om%20Traders&cu=INR,6904230112@axl,1,2.722,1.0,10,0,0.0,0,0
upi://pay?pa=merchant.3172@kotak&pn=Om%20Traders&cu=INR,merchant.3172@kotak,1,3.7,0.308,13,0,0.0,0,0
upi://pay?pa=phcnpe858@okicici&pn=Refund%20Team&cu=INR&tn=suspend,phcnpe858@okicici,1,2.725,0.333,9,0,0.0,1,1
upi://pay?pa=5hssx0bjckjco6@ibl&pn=Refund%20Team&cu=INR&tn=cashback,5hssx0bjckjco6@ibl,1,3.379,0.214,14,0,0.0,1,1
upi://pay?pa=merchant.8774@okhdfcbank&pn=Auto%20Rickshaw%20Stand&cu=INR&am=2002.21,merchant.8774@okhdfcbank,1,3.547,0.308,13,1,2002.21,0,0
upi://pay?pa=refund67@kyc-update&pn=Refund%20Team&cu=INR&tn=suspend,refund67@kyc-update,0,3.0,0.25,8,0,0.0,1,1
upi://pay?pa=rahul.sharma@ibl&pn=Om%20Traders&cu=INR&am=4058.32,rahul.sharma@ibl,1,2.855,0.0,12,1,4058.32,0,0
upi://pay?pa=rb0fgynsatc@paytm&pn=Verify%20Account&cu=INR&am=1.54&tn=lottery,rb0fgynsatc@paytm,1,3.459,0.091,11,1,1.54,1,1
upi://pay?pa=sunita.devi@oksbi&pn=Auto%20Rickshaw%20Stand&cu=INR&am=624.77,sunita.devi@oksbi,1,3.278,0.0,11,1,624.77,0,0
upi://pay?pa=8805453211@jio&pn=Om%20Traders&cu=INR,8805453211@jio,1,2.722,1.0,10,0,0.0,0,0
upi://pay?pa=z4a54vdjpca12@ybl&pn=Prize%20Center&cu=INR&tn=blocked,z4a54vdjpca12@ybl,1,3.393,0.385,13,0,0.0,1,1
upi://pay?pa=merchant.7682@okaxis&pn=Priya%20Singh&cu=INR&am=3819.72,merchant.7682@okaxis,1,3.7,0.308,13,1,3819.72,0,0
upi://pay?pa=8501256025@apl&pn=City%20Cafe&cu=INR,8501256025@apl,1,2.446,1.0,10,0,0.0,0,0
upi://pay?pa=paytrn189@paytm&pn=Verify%20Account&cu=INR&am=1.93&tn=kyc,paytrn189@paytm,1,3.17,0.333,9,1,1.93,1,1
upi://pay?pa=merchant.3140@oksbi&pn=Sharma%20Kirana%20Store&cu=INR,merchant.3140@oksbi,1,3.7,0.308,13,0,0.0,0,0
upi://pay?pa=phcnpe278@axl&pn=Prize%20Center&cu=INR&am=1.61&tn=blocked,phcnpe278@axl,1,2.948,0.333,9,1,1.61,1,1
upi://pay?pa=m1vd7craboq@okaxis&pn=Verify%20Account&cu=INR&tn=lottery,m1vd7craboq@okaxis,1,3.459,0.182,11,0,0.0,1,1
upi://pay?pa=support57@secure-pay&pn=Verify%20Account&cu=INR&tn=reward,support57@secure-pay,0,2.948,0.222,9,0,0.0,1,1
upi://pay?pa=paytrn543@jio&pn=Prize%20Center&cu=INR&tn=kyc,paytrn543@jio,1,3.17,0.333,9,0,0.0,1,1
upi://pay?pa=goog1e-pay935@kotak&pn=Prize%20Center&cu=INR&tn=refund,goog1e-pay935@kotak,1,3.393,0.308,13,0,0.0,1,1
upi://pay?pa=sunita.devi@upi&pn=Om%20Traders&cu=INR,sunita.devi@upi,1,3.278,0.0,11,0,0.0,0,0
upi://pay?pa=merchant.7071@oksbi&pn=City%20Cafe&cu=INR,merchant.7071@oksbi,1,3.547,0.308,13,0,0.0,0,0
upi://pay?pa=2245402461@jio&pn=Refund%20Team&cu=INR&tn=winner,2245402461@jio,1,2.371,1.0,10,0,0.0,1,1
upi://pay?pa=7583033048@idfcbank&pn=Sharma%20Kirana%20Store&cu=INR&am=2909.74,7583033048@idfcbank,1,2.446,1.0,10,1,2909.74,0,0
upi://pay?pa=support30@refund-upi&pn=Prize%20Center&cu=INR&tn=winner,support30@refund-upi,0,2.948,0.222,9,0,0.0,1,1
upi://pay?pa=paytrn130@paytm&pn=Verify%20Account&cu=INR&tn=blocked,paytrn130@paytm,1,3.17,0.333,9,0,0.0,1,1
upi://pay?pa=phcnpe270@hdfcbank&pn=Refund%20Team&cu=INR&am=3.01&tn=kyc,phcnpe270@hdfcbank,1,2.948,0.333,9,1,3.01,1,1
upi://pay?pa=wbb5bavotvzg@okicici&pn=Refund%20Team&cu=INR&am=2.59&tn=reward,wbb5bavotvzg@okicici,1,3.022,0.083,12,1,2.59,1,1
upi://pay?pa=priya123@kotak&pn=Green%20Grocers&cu=INR&am=2591.18,priya123@kotak,1,3.0,0.375,8,1,2591.18,0,0
upi://pay?pa=goog1e-pay717@apl&pn=Cashback%20Desk&cu=INR&tn=reward,goog1e-pay717@apl,1,3.085,0.308,13,0,0.0,1,1
upi://pay?pa=6122643545@upi&pn=City%20Cafe&cu=INR,6122643545@upi,1,2.522,1.0,10,0,0.0,0,0
upi://pay?pa=priya123@paytm&pn=Sharma%20Kirana%20Store&cu=INR,priya123@paytm,1,3.0,0.375,8,0,0.0,0,0
upi://pay?pa=phcnpe732@upi&pn=Cashback%20Desk&cu=INR&am=3.07,phcnpe732@upi,1,2.948,0.333,9,1,3.07,0,1
upi://pay?pa=7836553621@okaxis&pn=Sharma%20Kirana%20Store&cu=INR&am=1486.86,7836553621@okaxis,1,2.722,1.0,10,1,1486.86,0,0
upi://pay?pa=9075040971@okhdfcbank&pn=Priya%20Singh&cu=INR,9075040971@okhdfcbank,1,2.446,1.0,10,0,0.0,0,0
upi://pay?pa=9657449238@idfcbank&pn=Rahul%20Sharma&cu=INR&am=4822.76,9657449238@idfcbank,1,2.922,1.0,10,1,4822.76,0,0
upi://pay?pa=goog1e-pay97@oksbi&pn=Refund%20Team&cu=INR&tn=reward,goog1e-pay97@oksbi,1,3.252,0.25,12,0,0.0,1,1
upi://pay?pa=7693592188@apl&pn=Om%20Traders&cu=INR&am=4052.39,7693592188@apl,1,2.922,1.0,10,1,4052.39,0,0
upi://pay?pa=8270016678@hdfcbank&pn=Priya%20Singh&cu=INR,8270016678@hdfcbank,1,2.522,1.0,10,0,0.0,0,0
upi://pay?pa=sunita.devi@okicici&pn=City%20Cafe&cu=INR,sunita.devi@okicici,1,3.278,0.0,11,0,0.0,0,0
upi://pay?pa=merchant.5861@ybl&pn=Sharma%20Kirana%20Store&cu=INR,merchant.5861@ybl,1,3.7,0.308,13,0,0.0,0,0
upi://pay?pa=merchant.1120@idfcbank&pn=Rahul%20Sharma&cu=INR,merchant.1120@idfcbank,1,3.547,0.308,13,0,0.0,0,0
upi://pay?pa=goog1e-pay570@axl&pn=KYC%20Support&cu=INR&tn=reward,goog1e-pay570@axl,1,3.393,0.308,13,0,0.0,1,1
upi://pay?pa=usx4cqekiu6bxhn@idfcbank&pn=Cashback%20Desk&cu=INR&am=3.14&tn=cashback,usx4cqekiu6bxhn@idfcbank,1,3.64,0.133,15,1,3.14,1,1
upi://pay?pa=8048184216@axl&pn=City%20Cafe&cu=INR&am=3840.35,8048184216@axl,1,2.446,1.0,10,1,3840.35,0,0
upi://pay?pa=vendor.shop@ibl&pn=Priya%20Singh&cu=INR,vendor.shop@ibl,1,3.278,0.0,11,0,0.0,0,0
upi://pay?pa=9195208169@hdfcbank&pn=Priya%20Singh&cu=INR,9195208169@hdfcbank,1,2.646,1.0,10,0,0.0,0,0
upi://pay?pa=paytrn872@ibl&pn=Verify%20Account&cu=INR&am=1.93,paytrn872@ibl,1,3.17,0.333,9,1,1.93,0,1
upi://pay?pa=13qnvy4h03b27l@okaxis&pn=Cashback%20Desk&cu=INR&am=2.15&tn=refund,13qnvy4h03b27l@okaxis,1,3.664,0.5,14,1,2.15,1,1
upi://pay?pa=merchant.449@upi&pn=Sharma%20Kirana%20Store&cu=INR,merchant.449@upi,1,3.418,0.25,12,0,0.0,0,0
upi://pay?pa=9857496540@hdfcbank&pn=Green%20Grocers&cu=INR&am=2213.27,9857496540@hdfcbank,1,2.722,1.0,10,1,2213.27,0,0
upi://pay?pa=merchant.587@ibl&pn=Om%20Traders&cu=INR,merchant.587@ibl,1,3.585,0.25,12,0,0.0,0,0
upi://pay?pa=support19@xn--upi&pn=KYC%20Support&cu=INR&tn=reward,support19@xn--upi,0,2.948,0.222,9,0,0.0,1,1
upi://pay?pa=8047991670@hdfcbank&pn=Om%20Traders&cu=INR,8047991670@hdfcbank,1,2.722,1.0,10,0,0.0,0,0
upi://pay?pa=phcnpe853@upi&pn=Refund%20Team&cu=INR&tn=verify-now,phcnpe853@upi,1,2.948,0.333,9,0,0.0,1,1
upi://pay?pa=9088979586@jio&pn=Green%20Grocers&cu=INR&am=1709.67,9088979586@jio,1,2.371,1.0,10,1,1709.67,0,0
upi://pay?pa=kyc-team81@xn--upi&pn=Refund%20Team&cu=INR&am=2.85&tn=verify-now,kyc-team81@xn--upi,0,3.322,0.2,10,1,2.85,1,1
upi://pay?pa=phcnpe834@okaxis&pn=Refund%20Team&cu=INR&tn=verify-now,phcnpe834@okaxis,1,2.948,0.333,9,0,0.0,1,1
upi://pay?pa=sunita.devi@okaxis&pn=Om%20Traders&cu=INR,sunita.devi@okaxis,1,3.278,0.0,11,0,0.0,0,0
upi://pay?pa=refund12@xn--upi&pn=Verify%20Account&cu=INR,refund12@xn--upi,0,3.0,0.25,8,0,0.0,0,1
upi://pay?pa=vendor.shop@paytm&pn=Priya%20Singh&cu=INR,vendor.shop@paytm,1,3.278,0.0,11,0,0.0,0,0
upi://pay?pa=phcnpe336@kotak&pn=Verify%20Account&cu=INR&am=1.28&tn=verify-now,phcnpe336@kotak,1,2.725,0.333,9,1,1.28,1,1
upi://pay?pa=gka0t2q8bg@ybl&pn=Cashback%20Desk&cu=INR&tn=cashback,gka0t2q8bg@ybl,1,3.122,0.3,10,0,0.0,1,1
upi://pay?pa=5404289547@idfcbank&pn=KYC%20Support&cu=INR&am=2.38&tn=blocked,5404289547@idfcbank,1,2.646,1.0,10,1,2.38,1,1
upi://pay?pa=sunita.devi@oksbi&pn=Priya%20Singh&cu=INR&am=4125.13,sunita.devi@oksbi,1,3.278,0.0,11,1,4125.13,0,0
upi://pay?pa=phcnpe548@paytm&pn=Verify%20Account&cu=INR&tn=suspend,phcnpe548@paytm,1,2.948,0.333,9,0,0.0,1,1
upi://pay?pa=5482184124@kotak&pn=Cashback%20Desk&cu=INR&tn=refund,5482184124@kotak,1,2.246,1.0,10,0,0.0,1,1
upi://pay?pa=vendor.shop@apl&pn=Om%20Traders&cu=INR,vendor.shop@apl,1,3.278,0.0,11,0,0.0,0,0
upi://pay?pa=2jcyb8ekozu2pqj@axl&pn=Refund%20Team&cu=INR&am=4.71&tn=blocked,2jcyb8ekozu2pqj@axl,1,3.64,0.2,15,1,4.71,1,1
upi://pay?pa=refund59@xn--upi&pn=Prize%20Center&cu=INR&tn=kyc,refund59@xn--upi,0,3.0,0.25,8,0,0.0,1,1
upi://pay?pa=au76tcnpj269sye@okicici&pn=KYC%20Support&cu=INR&tn=lottery,au76tcnpj269sye@okicici,1,3.774,0.333,15,0,0.0,1,1
upi://pay?pa=7236918564@jio&pn=Rahul%20Sharma&cu=INR&am=2989.64,7236918564@jio,1,3.122,1.0,10,1,2989.64,0,0
upi://pay?pa=684254569@hdfcbank&pn=Cashback%20Desk&cu=INR&tn=cashback,684254569@hdfcbank,1,2.503,1.0,9,0,0.0,1,1
upi://pay?pa=merchant.2316@apl&pn=Om%20Traders&cu=INR,merchant.2316@apl,1,3.7,0.308,13,0,0.0,0,0
upi://pay?pa=paytrn544@jio&pn=Refund%20Team&cu=INR&am=2.53&tn=verify-now,paytrn544@jio,1,2.948,0.333,9,1,2.53,1,1
upi://pay?pa=n65swsfl04@ibl&pn=Verify%20Account&cu=INR&am=1.52&tn=cashback,n65swsfl04@ibl,1,3.122,0.4,10,1,1.52,1,1
upi://pay?pa=sunita.devi@hdfcbank&pn=Sharma%20Kirana%20Store&cu=INR,sunita.devi@hdfcbank,1,3.278,0.0,11,0,0.0,0,0
upi://pay?pa=8439182043@idfcbank&pn=Priya%20Singh&cu=INR,8439182043@idfcbank,1,2.722,1.0,10,0,0.0,0,0
upi://pay?pa=support5@pay-verify&pn=Prize%20Center&cu=INR&tn=suspend,support5@pay-verify,0,2.75,0.125,8,0,0.0,1,1
upi://pay?pa=kyc-team93@refund-upi&pn=Prize%20Center&cu=INR&tn=suspend,kyc-team93@refund-upi,0,3.322,0.2,10,0,0.0,1,1
upi://pay?pa=merchant.4360@axl&pn=Auto%20Rickshaw%20Stand&cu=INR,merchant.4360@axl,1,3.7,0.308,13,0,0.0,0,0
upi://pay?pa=7318121095@jio&pn=City%20Cafe&cu=INR,7318121095@jio,1,2.846,1.0,10,0,0.0,0,0
upi://pay?pa=6406795995@ibl&pn=Sharma%20Kirana%20Store&cu=INR&am=3132.36,6406795995@ibl,1,2.446,1.0,10,1,3132.36,0,0
upi://pay?pa=amit.kumar@ibl&pn=Rahul%20Sharma&cu=INR,amit.kumar@ibl,1,2.922,0.0,10,0,0.0,0,0
upi://pay?pa=rahul.sharma@hdfcbank&pn=City%20Cafe&cu=INR,rahul.sharma@hdfcbank,1,2.855,0.0,12,0,0.0,0,0
upi://pay?pa=paytrn764@jio&pn=KYC%20Support&cu=INR&tn=blocked,paytrn764@jio,1,3.17,0.333,9,0,0.0,1,1
upi://pay?pa=paytrn777@jio&pn=Cashback%20Desk&cu=INR&am=4.61&tn=reward,paytrn777@jio,1,2.642,0.333,9,1,4.61,1,1
upi://pay?pa=vendor.shop@okhdfcbank&pn=Om%20Traders&cu=INR,vendor.shop@okhdfcbank,1,3.278,0.0,11,0,0.0,0,0
upi://pay?pa=paytrn487@ibl&pn=Verify%20Account&cu=INR&am=3.86,paytrn487@ibl,1,3.17,0.333,9,1,3.86,0,1
upi://pay?pa=bpzo9sn3ez22u4@apl&pn=Cashback%20Desk&cu=INR&am=3.91&tn=kyc,bpzo9sn3ez22u4@apl,1,3.522,0.357,14,1,3.91,1,1
upi://pay?pa=0dx087nny9m@axl&pn=Prize%20Center&cu=INR&am=1.82&tn=reward,0dx087nny9m@axl,1,3.096,0.455,11,1,1.82,1,1
upi://pay?pa=kyc-team60@xn--upi&pn=KYC%20Support&cu=INR&am=2.5&tn=lottery,kyc-team60@xn--upi,0,3.322,0.2,10,1,2.5,1,1
upi://pay?pa=rahul.sharma@jio&pn=City%20Cafe&cu=INR&am=1412.39,rahul.sharma@jio,1,2.855,0.0,12,1,1412.39,0,0
upi://pay?pa=goog1e-pay853@apl&pn=Cashback%20Desk&cu=INR,goog1e-pay853@apl,1,3.393,0.308,13,0,0.0,0,1
upi://pay?pa=merchant.7299@paytm&pn=Green%20Grocers&cu=INR,merchant.7299@paytm,1,3.547,0.308,13,0,0.0,0,0
upi://pay?pa=6076062952@oksbi&pn=Om%20Traders&cu=INR,6076062952@oksbi,1,2.446,1.0,10,0,0.0,0,0
upi://pay?pa=7148174867@oksbi&pn=Green%20Grocers&cu=INR&am=1471.31,7148174867@oksbi,1,2.246,1.0,10,1,1471.31,0,0
upi://pay?pa=merchant.4740@axl&pn=Rahul%20Sharma&cu=INR,merchant.4740@axl,1,3.547,0.308,13,0,0.0,0,0
upi://pay?pa=amit.kumar@kotak&pn=Green%20Grocers&cu=INR,amit.kumar@kotak,1,2.922,0.0,10,0,0.0,0,0
upi://pay?pa=8370683874@jio&pn=Cashback%20Desk&cu=INR&tn=blocked,8370683874@jio,1,2.446,1.0,10,0,0.0,1,1
upi://pay?pa=amit.kumar@ibl&pn=Priya%20Singh&cu=INR&am=3110.85,amit.kumar@ibl,1,2.922,0.0,10,1,3110.85,0,0
upi://pay?pa=merchant.9133@jio&pn=Rahul%20Sharma&cu=INR,merchant.9133@jio,1,3.547,0.308,13,0,0.0,0,0
upi://pay?pa=kyc-team13@refund-upi&pn=Refund%20Team&cu=INR&tn=cashback,kyc-team13@refund-upi,0,3.322,0.2,10,0,0.0,1,1
upi://pay?pa=priya123@hdfcbank&pn=Auto%20Rickshaw%20Stand&cu=INR,priya123@hdfcbank,1,3.0,0.375,8,0,0.0,0,0
upi://pay?pa=6445480305@paytm&pn=Prize%20Center&cu=INR&am=1.21,6445480305@paytm,1,2.446,1.0,10,1,1.21,0,1
upi://pay?pa=m8pe4l9evg4pl916@jio&pn=Refund%20Team&cu=INR&am=3.25&tn=kyc,m8pe4l9evg4pl916@jio,1,3.375,0.438,16,1,3.25,1,1
upi://pay?pa=4818184459@kotak&pn=Refund%20Team&cu=INR&tn=suspend,4818184459@kotak,1,2.171,1.0,10,0,0.0,1,1
upi://pay?pa=9777184575@apl&pn=Auto%20Rickshaw%20Stand&cu=INR,9777184575@apl,1,2.322,1.0,10,0,0.0,0,0
upi://pay?pa=paytrn928@ybl&pn=KYC%20Support&cu=INR&tn=lottery,paytrn928@ybl,1,3.17,0.333,9,0,0.0,1,1
upi://pay?pa=refund27@xn--upi&pn=Prize%20Center&cu=INR&am=2.51&tn=urgent,refund27@xn--upi,0,3.0,0.25,8,1,2.51,1,1
upi://pay?pa=8925697292@oksbi&pn=Priya%20Singh&cu=INR&am=704.59,8925697292@oksbi,1,2.371,1.0,10,1,704.59,0,0
upi://pay?pa=7027587052@axl&pn=City%20Cafe&cu=INR,7027587052@axl,1,2.246,1.0,10,0,0.0,0,0
upi://pay?pa=8882141107@okicici&pn=Priya%20Singh&cu=INR,8882141107@okicici,1,2.371,1.0,10,0,0.0,0,0
upi://pay?pa=phcnpe80@upi&pn=Refund%20Team&cu=INR&tn=reward,phcnpe80@upi,1,2.75,0.25,8,0,0.0,1,1
upi://pay?pa=amit.kumar@ibl&pn=Rahul%20Sharma&cu=INR,amit.kumar@ibl,1,2.922,0.0,10,0,0.0,0,0
upi://pay?pa=priya123@axl&pn=Sharma%20Kirana%20Store&cu=INR,priya123@axl,1,3.0,0.375,8,0,0.0,0,0
upi://pay?pa=6971703178@ybl&pn=Priya%20Singh&cu=INR,6971703178@ybl,1,2.646,1.0,10,0,0.0,0,0
upi://pay?pa=7550320086@ybl&pn=Auto%20Rickshaw%20Stand&cu=INR,7550320086@ybl,1,2.646,1.0,10,0,0.0,0,0
upi://pay?pa=paytrn820@ibl&pn=Cashback%20Desk&cu=INR&am=1.12&tn=cashback,paytrn820@ibl,1,3.17,0.333,9,1,1.12,1,1
upi://pay?pa=paytrn792@kotak&pn=Verify%20Account&cu=INR&tn=cashback,paytrn792@kotak,1,3.17,0.333,9,0,0.0,1,1
upi://pay?pa=621o2eah0ok3s@ybl&pn=Refund%20Team&cu=INR&tn=urgent,621o2eah0ok3s@ybl,1,3.393,0.462,13,0,0.0,1,1
upi://pay?pa=9021952801@ibl&pn=City%20Cafe&cu=INR,9021952801@ibl,1,2.522,1.0,10,0,0.0,0,0
upi://pay?pa=4792460371@idfcbank&pn=Cashback%20Desk&cu=INR&tn=cashback,4792460371@idfcbank,1,2.922,1.0,10,0,0.0,1,1
upi://pay?pa=refund5@xn--upi&pn=KYC%20Support&cu=INR,refund5@xn--upi,0,2.807,0.143,7,0,0.0,0,1
upi://pay?pa=refund30@kyc-update&pn=Verify%20Account&cu=INR&am=1.49&tn=cashback,refund30@kyc-update,0,3.0,0.25,8,1,1.49,1,1
upi://pay?pa=support15@secure-pay&pn=Verify%20Account&cu=INR&tn=cashback,support15@secure-pay,0,2.948,0.222,9,0,0.0,1,1
upi://pay?pa=8w63qbvqch@ibl&pn=Prize%20Center&cu=INR&tn=suspend,8w63qbvqch@ibl,1,3.122,0.3,10,0,0.0,1,1
upi://pay?pa=6911285395@upi&pn=Green%20Grocers&cu=INR&am=1102.97,6911285395@upi,1,2.722,1.0,10,1,1102.97,0,0
upi://pay?pa=paytrn785@axl&pn=KYC%20Support&cu=INR&tn=suspend,paytrn785@axl,1,3.17,0.333,9,0,0.0,1,1
upi://pay?pa=o5chm9gjncfoovc@okhdfcbank&pn=Prize%20Center&cu=INR&tn=lottery,o5chm9gjncfoovc@okhdfcbank,1,3.273,0.133,15,0,0.0,1,1
upi://pay?pa=merchant.495@okhdfcbank&pn=Rahul%20Sharma&cu=INR,merchant.495@okhdfcbank,1,3.585,0.25,12,0,0.0,0,0
upi://pay?pa=rhd5e9jlwxwu@kotak&pn=Prize%20Center&cu=INR&tn=verify-now,rhd5e9jlwxwu@kotak,1,3.418,0.167,12,0,0.0,1,1
upi://pay?pa=cfjfzs958p@oksbi&pn=KYC%20Support&cu=INR&am=2.77&tn=blocked,cfjfzs958p@oksbi,1,3.122,0.3,10,1,2.77,1,1
upi://pay?pa=priya123@ibl&pn=Rahul%20Sharma&cu=INR,priya123@ibl,1,3.0,0.375,8,0,0.0,0,0
upi://pay?pa=amit.kumar@upi&pn=Priya%20Singh&cu=INR&am=765.44,amit.kumar@upi,1,2.922,0.0,10,1,765.44,0,0
upi://pay?pa=vendor.shop@apl&pn=Priya%20Singh&cu=INR,vendor.shop@apl,1,3.278,0.0,11,0,0.0,0,0
upi://pay?pa=priya123@okaxis&pn=Green%20Grocers&cu=INR&am=1271.12,priya123@okaxis,1,3.0,0.375,8,1,1271.12,0,0
upi://pay?pa=paytrn630@apl&pn=KYC%20Support&cu=INR&tn=winner,paytrn630@apl,1,3.17,0.333,9,0,0.0,1,1
upi://pay?pa=merchant.8120@okaxis&pn=Priya%20Singh&cu=INR,merchant.8120@okaxis,1,3.7,0.308,13,0,0.0,0,0
upi://pay?pa=8411069485@kotak&pn=Rahul%20Sharma&cu=INR&am=4514.04,8411069485@kotak,1,2.722,1.0,10,1,4514.04,0,0
upi://pay?pa=st7inudfz7ons1ng@upi&pn=KYC%20Support&cu=INR&tn=reward,st7inudfz7ons1ng@upi,1,3.453,0.188,16,0,0.0,1,1
upi://pay?pa=priya123@ibl&pn=Sharma%20Kirana%20Store&cu=INR,priya123@ibl,1,3.0,0.375,8,0,0.0,0,0
upi://pay?pa=9562492677@paytm&pn=Auto%20Rickshaw%20Stand&cu=INR,9562492677@paytm,1,2.522,1.0,10,0,0.0,0,0
upi://pay?pa=xqejkazrvzdhj9i@apl&pn=Refund%20Team&cu=INR&tn=verify-now,xqejkazrvzdhj9i@apl,1,3.64,0.067,15,0,0.0,1,1
upi://pay?pa=rahul.sharma@idfcbank&pn=Om%20Traders&cu=INR,rahul.sharma@idfcbank,1,2.855,0.0,12,0,0.0,0,0
upi://pay?pa=merchant.9144@axl&pn=Green%20Grocers&cu=INR,merchant.9144@axl,1,3.547,0.308,13,0,0.0,0,0
upi://pay?pa=vrpagtgiolf6@hdfcbank&pn=Prize%20Center&cu=INR&tn=blocked,vrpagtgiolf6@hdfcbank,1,3.418,0.083,12,0,0.0,1,1
upi://pay?pa=3mwg24unftwr2z0@okaxis&pn=Cashback%20Desk&cu=INR,3mwg24unftwr2z0@okaxis,1,3.64,0.333,15,0,0.0,0,1
upi://pay?pa=7450845688@ibl&pn=Auto%20Rickshaw%20Stand&cu=INR,7450845688@ibl,1,2.446,1.0,10,0,0.0,0,0
upi://pay?pa=3123113562@kotak&pn=Prize%20Center&cu=INR&am=3.89&tn=blocked,3123113562@kotak,1,2.171,1.0,10,1,3.89,1,1
upi://pay?pa=merchant.713@paytm&pn=City%20Cafe&cu=INR,merchant.713@paytm,1,3.585,0.25,12,0,0.0,0,0
upi://pay?pa=u74urwisenoa21i@okicici&pn=Refund%20Team&cu=INR&am=1.11&tn=refund,u74urwisenoa21i@okicici,1,3.64,0.267,15,1,1.11,1,1
upi://pay?pa=goog1e-pay133@okicici&pn=Cashback%20Desk&cu=INR&tn=verify-now,goog1e-pay133@okicici,1,3.085,0.308,13,0,0.0,1,1
upi://pay?pa=9907283761@ybl&pn=Green%20Grocers&cu=INR&am=1659.84,9907283761@ybl,1,2.922,1.0,10,1,1659.84,0,0
upi://pay?pa=y23hk7dbwpvf@idfcbank&pn=Refund%20Team&cu=INR&am=1.54&tn=winner,y23hk7dbwpvf@idfcbank,1,3.585,0.25,12,1,1.54,1,1
upi://pay?pa=6295334806@idfcbank&pn=Om%20Traders&cu=INR,6295334806@idfcbank,1,2.922,1.0,10,0,0.0,0,0
upi://pay?pa=merchant.1746@hdfcbank&pn=Om%20Traders&cu=INR,merchant.1746@hdfcbank,1,3.7,0.308,13,0,0.0,0,0
upi://pay?pa=refund95@pay-verify&pn=Verify%20Account&cu=INR&am=2.72&tn=urgent,refund95@pay-verify,0,3.0,0.25,8,1,2.72,1,1
upi://pay?pa=support49@pay-verify&pn=Cashback%20Desk&cu=INR&am=1.21&tn=reward,support49@pay-verify,0,2.948,0.222,9,1,1.21,1,1
upi://pay?pa=255788066@axl&pn=Verify%20Account&cu=INR&am=2.55&tn=verify-now,255788066@axl,1,2.503,1.0,9,1,2.55,1,1
upi://pay?pa=9064651867@oksbi&pn=Auto%20Rickshaw%20Stand&cu=INR,9064651867@oksbi,1,2.846,1.0,10,0,0.0,0,0
upi://pay?pa=6093078366@okicici&pn=Verify%20Account&cu=INR&tn=verify-now,6093078366@okicici,1,2.446,1.0,10,0,0.0,1,1
upi://pay?pa=goog1e-pay763@okicici&pn=KYC%20Support&cu=INR&tn=reward,goog1e-pay763@okicici,1,3.393,0.308,13,0,0.0,1,1
upi://pay?pa=kyc-team42@xn--upi&pn=Prize%20Center&cu=INR&tn=blocked,kyc-team42@xn--upi,0,3.322,0.2,10,0,0.0,1,1
upi://pay?pa=merchant.1362@upi&pn=Om%20Traders&cu=INR,merchant.1362@upi,1,3.7,0.308,13,0,0.0,0,0
upi://pay?pa=7994903464@upi&pn=Refund%20Team&cu=INR&tn=suspend,7994903464@upi,1,2.371,1.0,10,0,0.0,1,1
upi://pay?pa=merchant.8330@idfcbank&pn=Green%20Grocers&cu=INR&am=922.32,merchant.8330@idfcbank,1,3.547,0.308,13,1,922.32,0,0
upi://pay?pa=h0z98wqu08f874@okhdfcbank&pn=Verify%20Account&cu=INR&tn=blocked,h0z98wqu08f874@okhdfcbank,1,3.325,0.571,14,0,0.0,1,1
upi://pay?pa=8899563887@okicici&pn=Auto%20Rickshaw%20Stand&cu=INR&am=1265.12,8899563887@okicici,1,2.322,1.0,10,1,1265.12,0,0
upi://pay?pa=6709214891@apl&pn=Auto%20Rickshaw%20Stand&cu=INR&am=2647.82,6709214891@apl,1,2.922,1.0,10,1,2647.82,0,0
upi://pay?pa=merchant.9296@paytm&pn=Auto%20Rickshaw%20Stand&cu=INR&am=433.8,merchant.9296@paytm,1,3.547,0.308,13,1,433.8,0,0
upi://pay?pa=sunita.devi@upi&pn=City%20Cafe&cu=INR,sunita.devi@upi,1,3.278,0.0,11,0,0.0,0,0
upi://pay?pa=refund94@pay-verify&pn=Refund%20Team&cu=INR&tn=lottery,refund94@pay-verify,0,3.0,0.25,8,0,0.0,1,1
upi://pay?pa=sl7l9bgdyb@axl&pn=Cashback%20Desk&cu=INR&tn=blocked,sl7l9bgdyb@axl,1,2.922,0.2,10,0,0.0,1,1
upi://pay?pa=8737436411@apl&pn=KYC%20Support&cu=INR&tn=winner,8737436411@apl,1,2.522,1.0,10,0,0.0,1,1
upi://pay?pa=gc50i32buhbc@axl&pn=Verify%20Account&cu=INR&tn=kyc,gc50i32buhbc@axl,1,3.252,0.333,12,0,0.0,1,1
upi://pay?pa=amit.kumar@apl&pn=Auto%20Rickshaw%20Stand&cu=INR&am=3494.9,amit.kumar@apl,1,2.922,0.0,10,1,3494.9,0,0
upi://pay?pa=114792750@idfcbank&pn=KYC%20Support&cu=INR&am=1.57&tn=kyc,114792750@idfcbank,1,2.725,1.0,9,1,1.57,1,1
upi://pay?pa=rahul.sharma@hdfcbank&pn=Sharma%20Kirana%20Store&cu=INR,rahul.sharma@hdfcbank,1,2.855,0.0,12,0,0.0,0,0
upi://pay?pa=priya123@oksbi&pn=Om%20Traders&cu=INR&am=2015.11,priya123@oksbi,1,3.0,0.375,8,1,2015.11,0,0
upi://pay?pa=priya123@apl&pn=Om%20Traders&cu=INR,priya123@apl,1,3.0,0.375,8,0,0.0,0,0
upi://pay?pa=cashback67@secure-pay&pn=Refund%20Team&cu=INR&tn=urgent,cashback67@secure-pay,0,2.922,0.2,10,0,0.0,1,1
upi://pay?pa=cashback32@kyc-update&pn=Prize%20Center&cu=INR&am=3.11&tn=suspend,cashback32@kyc-update,0,2.922,0.2,10,1,3.11,1,1
upi://pay?pa=6490510425@okhdfcbank&pn=Rahul%20Sharma&cu=INR,6490510425@okhdfcbank,1,2.722,1.0,10,0,0.0,0,0
upi://pay?pa=8945973202@jio&pn=Om%20Traders&cu=INR,8945973202@jio,1,2.922,1.0,10,0,0.0,0,0
upi://pay?pa=3077522828@kotak&pn=Refund%20Team&cu=INR,3077522828@kotak,1,2.446,1.0,10,0,0.0,0,1
upi://pay?pa=cashback56@kyc-update&pn=Cashback%20Desk&cu=INR&am=3.16&tn=verify-now,cashback56@kyc-update,0,2.922,0.2,10,1,3.16,1,1
upi://pay?pa=refund10@refund-upi&pn=Cashback%20Desk&cu=INR&tn=lottery,refund10@refund-upi,0,3.0,0.25,8,0,0.0,1,1
upi://pay?pa=vendor.shop@paytm&pn=Om%20Traders&cu=INR,vendor.shop@paytm,1,3.278,0.0,11,0,0.0,0,0
upi://pay?pa=481632711@kotak&pn=Refund%20Team&cu=INR,481632711@kotak,1,2.642,1.0,9,0,0.0,0,1
upi://pay?pa=merchant.6849@okicici&pn=City%20Cafe&cu=INR&am=4777.6,merchant.6849@okicici,1,3.7,0.308,13,1,4777.6,0,0
upi://pay?pa=merchant.6611@idfcbank&pn=Priya%20Singh&cu=INR,merchant.6611@idfcbank,1,3.393,0.308,13,0,0.0,0,0
upi://pay?pa=merchant.7818@upi&pn=City%20Cafe&cu=INR,merchant.7818@upi,1,3.547,0.308,13,0,0.0,0,0
upi://pay?pa=priya123@ibl&pn=Sharma%20Kirana%20Store&cu=INR,priya123@ibl,1,3.0,0.375,8,0,0.0,0,0
upi://pay?pa=9153878465@idfcbank&pn=Priya%20Singh&cu=INR,9153878465@idfcbank,1,2.922,1.0,10,0,0.0,0,0
upi://pay?pa=3300492356@oksbi&pn=Prize%20Center&cu=INR&tn=lottery,3300492356@oksbi,1,2.646,1.0,10,0,0.0,1,1
upi://pay?pa=8481973488@okicici&pn=Sharma%20Kirana%20Store&cu=INR,8481973488@okicici,1,2.322,1.0,10,0,0.0,0,0
upi://pay?pa=merchant.4452@jio&pn=Om%20Traders&cu=INR,merchant.4452@jio,1,3.547,0.308,13,0,0.0,0,0
upi://pay?pa=9697020653@apl&pn=Sharma%20Kirana%20Store&cu=INR,9697020653@apl,1,2.722,1.0,10,0,0.0,0,0
upi://pay?pa=663829347@apl&pn=Prize%20Center&cu=INR&tn=reward,663829347@apl,1,2.725,1.0,9,0,0.0,1,1
upi://pay?pa=8676763729@upi&pn=Sharma%20Kirana%20Store&cu=INR&am=3805.65,8676763729@upi,1,2.371,1.0,10,1,3805.65,0,0
upi://pay?pa=8559387327@hdfcbank&pn=Prize%20Center&cu=INR&tn=blocked,8559387327@hdfcbank,1,2.522,1.0,10,0,0.0,1,1
upi://pay?pa=yiuqgx8uwtk7s1o@paytm&pn=Prize%20Center&cu=INR&am=2.62&tn=lottery,yiuqgx8uwtk7s1o@paytm,1,3.774,0.2,15,1,2.62,1,1
upi://pay?pa=4427864371@jio&pn=Refund%20Team&cu=INR&tn=refund,4427864371@jio,1,2.646,1.0,10,0,0.0,1,1
upi://pay?pa=merchant.1919@okicici&pn=City%20Cafe&cu=INR,merchant.1919@okicici,1,3.393,0.308,13,0,0.0,0,0
upi://pay?pa=merchant.6991@ybl&pn=City%20Cafe&cu=INR,merchant.6991@ybl,1,3.547,0.308,13,0,0.0,0,0
upi://pay?pa=6322360542@kotak&pn=Om%20Traders&cu=INR,6322360542@kotak,1,2.446,1.0,10,0,0.0,0,0
upi://pay?pa=phcnpe536@axl&pn=Cashback%20Desk&cu=INR&tn=blocked,phcnpe536@axl,1,2.948,0.333,9,0,0.0,1,1
upi://pay?pa=sunita.devi@hdfcbank&pn=Om%20Traders&cu=INR&am=3644.65,sunita.devi@hdfcbank,1,3.278,0.0,11,1,3644.65,0,0
upi://pay?pa=phcnpe154@ybl&pn=Verify%20Account&cu=INR&tn=cashback,phcnpe154@ybl,1,2.948,0.333,9,0,0.0,1,1
upi://pay?pa=spb4scaaj7hekd@idfcbank&pn=Verify%20Account&cu=INR,spb4scaaj7hekd@idfcbank,1,3.522,0.143,14,0,0.0,0,1
upi://pay?pa=merchant.1179@jio&pn=Green%20Grocers&cu=INR,merchant.1179@jio,1,3.547,0.308,13,0,0.0,0,0
upi://pay?pa=i77lx956jd@kotak&pn=KYC%20Support&cu=INR&tn=urgent,i77lx956jd@kotak,1,3.122,0.5,10,0,0.0,1,1
upi://pay?pa=9850548856@jio&pn=Green%20Grocers&cu=INR&am=1672.01,9850548856@jio,1,2.371,1.0,10,1,1672.01,0,0
upi://pay?pa=e74v6aousx9dx@idfcbank&pn=Prize%20Center&cu=INR&am=3.87&tn=blocked,e74v6aousx9dx@idfcbank,1,3.547,0.308,13,1,3.87,1,1
upi://pay?pa=6455848684@apl&pn=Auto%20Rickshaw%20Stand&cu=INR,6455848684@apl,1,1.971,1.0,10,0,0.0,0,0
upi://pay?pa=cashback63@pay-verify&pn=Verify%20Account&cu=INR&tn=verify-now,cashback63@pay-verify,0,2.922,0.2,10,0,0.0,1,1
upi://pay?pa=merchant.9676@axl&pn=Sharma%20Kirana%20Store&cu=INR&am=56.59,merchant.9676@axl,1,3.547,0.308,13,1,56.59,0,0
upi://pay?pa=9410980967@kotak&pn=Cashback%20Desk&cu=INR&am=3.04&tn=cashback,9410980967@kotak,1,2.646,1.0,10,1,3.04,1,1
upi://pay?pa=6516426007@jio&pn=Green%20Grocers&cu=INR&am=4500.82,6516426007@jio,1,2.646,1.0,10,1,4500.82,0,0
upi://pay?pa=paytrn975@paytm&pn=Prize%20Center&cu=INR&tn=cashback,paytrn975@paytm,1,3.17,0.333,9,0,0.0,1,1
upi://pay?pa=goog1e-pay678@idfcbank&pn=Cashback%20Desk&cu=INR&am=4.1&tn=kyc,goog1e-pay678@idfcbank,1,3.393,0.308,13,1,4.1,1,1
upi://pay?pa=8185001290@ybl&pn=Sharma%20Kirana%20Store&cu=INR,8185001290@ybl,1,2.446,1.0,10,0,0.0,0,0
upi://pay?pa=merchant.8359@ibl&pn=Om%20Traders&cu=INR&am=2104.95,merchant.8359@ibl,1,3.7,0.308,13,1,2104.95,0,0
upi://pay?pa=amit.kumar@jio&pn=Sharma%20Kirana%20Store&cu=INR,amit.kumar@jio,1,2.922,0.0,10,0,0.0,0,0
upi://pay?pa=d23v4xn1fvq@okhdfcbank&pn=Refund%20Team&cu=INR&am=2.09&tn=urgent,d23v4xn1fvq@okhdfcbank,1,3.278,0.364,11,1,2.09,1,1
upi://pay?pa=support46@kyc-update&pn=KYC%20Support&cu=INR,support46@kyc-update,0,2.948,0.222,9,0,0.0,0,1
upi://pay?pa=prcwfbyach4l@idfcbank&pn=Verify%20Account&cu=INR&tn=blocked,prcwfbyach4l@idfcbank,1,3.418,0.083,12,0,0.0,1,1
upi://pay?pa=09uhqe1egz6h7jwi@idfcbank&pn=Verify%20Account&cu=INR&am=1.73,09uhqe1egz6h7jwi@idfcbank,1,3.75,0.312,16,1,1.73,0,1
upi://pay?pa=4105288397@paytm&pn=Refund%20Team&cu=INR,4105288397@paytm,1,3.122,1.0,10,0,0.0,0,1
upi://pay?pa=cashback19@pay-verify&pn=Prize%20Center&cu=INR&tn=verify-now,cashback19@pay-verify,0,2.922,0.2,10,0,0.0,1,1
upi://pay?pa=rahul.sharma@okhdfcbank&pn=Green%20Grocers&cu=INR&am=833.64,rahul.sharma@okhdfcbank,1,2.855,0.0,12,1,833.64,0,0
upi://pay?pa=paytrn856@kotak&pn=KYC%20Support&cu=INR&tn=blocked,paytrn856@kotak,1,3.17,0.333,9,0,0.0,1,1
upi://pay?pa=4192280979@jio&pn=Refund%20Team&cu=INR&tn=reward,4192280979@jio,1,2.646,1.0,10,0,0.0,1,1
upi://pay?pa=paytrn39@upi&pn=Prize%20Center&cu=INR&am=4.9&tn=urgent,paytrn39@upi,1,3.0,0.25,8,1,4.9,1,1
upi://pay?pa=rahul.sharma@oksbi&pn=Green%20Grocers&cu=INR&am=691.14,rahul.sharma@oksbi,1,2.855,0.0,12,1,691.14,0,0
upi://pay?pa=support50@secure-pay&pn=Prize%20Center&cu=INR&am=4.66&tn=refund,support50@secure-pay,0,2.948,0.222,9,1,4.66,1,1
upi://pay?pa=6146208285@okicici&pn=Sharma%20Kirana%20Store&cu=INR,6146208285@okicici,1,2.722,1.0,10,0,0.0,0,0
upi://pay?pa=iu5axtvdhan15@upi&pn=Refund%20Team&cu=INR&am=3.49&tn=lottery,iu5axtvdhan15@upi,1,3.393,0.231,13,1,3.49,1,1
upi://pay?pa=sunita.devi@upi&pn=Rahul%20Sharma&cu=INR&am=4369.54,sunita.devi@upi,1,3.278,0.0,11,1,4369.54,0,0
upi://pay?pa=7826835815@jio&pn=Rahul%20Sharma&cu=INR,7826835815@jio,1,2.646,1.0,10,0,0.0,0,0
upi://pay?pa=rahul.sharma@jio&pn=Om%20Traders&cu=INR,rahul.sharma@jio,1,2.855,0.0,12,0,0.0,0,0
upi://pay?pa=6890251346@idfcbank&pn=Rahul%20Sharma&cu=INR,6890251346@idfcbank,1,3.122,1.0,10,0,0.0,0,0
upi://pay?pa=priya123@okhdfcbank&pn=Auto%20Rickshaw%20Stand&cu=INR&am=2057.78,priya123@okhdfcbank,1,3.0,0.375,8,1,2057.78,0,0
upi://pay?pa=4rzmwdekl93b@hdfcbank&pn=Refund%20Team&cu=INR&tn=winner,4rzmwdekl93b@hdfcbank,1,3.585,0.25,12,0,0.0,1,1
upi://pay?pa=merchant.1203@oksbi&pn=Priya%20Singh&cu=INR,merchant.1203@oksbi,1,3.7,0.308,13,0,0.0,0,0
upi://pay?pa=support62@kyc-update&pn=KYC%20Support&cu=INR&tn=urgent,support62@kyc-update,0,2.948,0.222,9,0,0.0,1,1
upi://pay?pa=56eho40u0qkt@jio&pn=Verify%20Account&cu=INR&tn=kyc,56eho40u0qkt@jio,1,3.418,0.417,12,0,0.0,1,1
upi://pay?pa=phcnpe107@ybl&pn=Cashback%20Desk&cu=INR&am=3.75&tn=urgent,phcnpe107@ybl,1,2.948,0.333,9,1,3.75,1,1
upi://pay?pa=kyc-team29@xn--upi&pn=KYC%20Support&cu=INR&am=3.0&tn=kyc,kyc-team29@xn--upi,0,3.322,0.2,10,1,3.0,1,1
upi://pay?pa=doof2jjlp4l1g2@kotak&pn=Verify%20Account&cu=INR,doof2jjlp4l1g2@kotak,1,3.236,0.286,14,0,0.0,0,1
upi://pay?pa=8296780707@ybl&pn=Refund%20Team&cu=INR&am=3.79&tn=suspend,8296780707@ybl,1,2.446,1.0,10,1,3.79,1,1
upi://pay?pa=goog1e-pay399@oksbi&pn=Refund%20Team&cu=INR,goog1e-pay399@oksbi,1,3.239,0.308,13,0,0.0,0,1
upi://pay?pa=9793989568@ybl&pn=Rahul%20Sharma&cu=INR&am=2695.96,9793989568@ybl,1,2.322,1.0,10,1,2695.96,0,0
upi://pay?pa=merchant.4327@idfcbank&pn=Green%20Grocers&cu=INR&am=2519.32,merchant.4327@idfcbank,1,3.7,0.308,13,1,2519.32,0,0
upi://pay?pa=phcnpe256@kotak&pn=Verify%20Account&cu=INR&am=2.34&tn=lottery,phcnpe256@kotak,1,2.948,0.333,9,1,2.34,1,1
upi://pay?pa=merchant.6675@ibl&pn=Priya%20Singh&cu=INR,merchant.6675@ibl,1,3.547,0.308,13,0,0.0,0,0
upi://pay?pa=k5qdadapvsf4et7w@okaxis&pn=Cashback%20Desk&cu=INR&tn=winner,k5qdadapvsf4et7w@okaxis,1,3.75,0.188,16,0,0.0,1,1
upi://pay?pa=8129594795@hdfcbank&pn=Priya%20Singh&cu=INR,8129594795@hdfcbank,1,2.646,1.0,10,0,0.0,0,0
upi://pay?pa=9603362908@hdfcbank&pn=Green%20Grocers&cu=INR&am=2115.9,9603362908@hdfcbank,1,2.522,1.0,10,1,2115.9,0,0
upi://pay?pa=sunita.devi@jio&pn=City%20Cafe&cu=INR,sunita.devi@jio,1,3.278,0.0,11,0,0.0,0,0
upi://pay?pa=merchant.302@paytm&pn=Priya%20Singh&cu=INR&am=3508.05,merchant.302@paytm,1,3.585,0.25,12,1,3508.05,0,0
upi://pay?pa=merchant.8481@upi&pn=Sharma%20Kirana%20Store&cu=INR,merchant.8481@upi,1,3.547,0.308,13,0,0.0,0,0
upi://pay?pa=merchant.6194@ibl&pn=City%20Cafe&cu=INR,merchant.6194@ibl,1,3.7,0.308,13,0,0.0,0,0
upi://pay?pa=merchant.8233@oksbi&pn=Green%20Grocers&cu=INR,merchant.8233@oksbi,1,3.547,0.308,13,0,0.0,0,0
upi://pay?pa=priya123@hdfcbank&pn=Auto%20Rickshaw%20Stand&cu=INR&am=2172.36,priya123@hdfcbank,1,3.0,0.375,8,1,2172.36,0,0
upi://pay?pa=kyc-team2@kyc-update&pn=Verify%20Account&cu=INR&am=4.88&tn=reward,kyc-team2@kyc-update,0,3.17,0.111,9,1,4.88,1,1
upi://pay?pa=luvcthbzokiyg@kotak&pn=Prize%20Center&cu=INR&am=4.97&tn=reward,luvcthbzokiyg@kotak,1,3.7,0.0,13,1,4.97,1,1
upi://pay?pa=rahul.sharma@oksbi&pn=Rahul%20Sharma&cu=INR&am=3007.28,rahul.sharma@oksbi,1,2.855,0.0,12,1,3007.28,0,0
upi://pay?pa=6833520830@kotak&pn=Auto%20Rickshaw%20Stand&cu=INR,6833520830@kotak,1,2.446,1.0,10,0,0.0,0,0
upi://pay?pa=971060892@apl&pn=Cashback%20Desk&cu=INR&am=1.97&tn=kyc,971060892@apl,1,2.725,1.0,9,1,1.97,1,1
upi://pay?pa=merchant.7458@kotak&pn=City%20Cafe&cu=INR,merchant.7458@kotak,1,3.7,0.308,13,0,0.0,0,0
upi://pay?pa=sunita.devi@hdfcbank&pn=Sharma%20Kirana%20Store&cu=INR&am=3320.59,sunita.devi@hdfcbank,1,3.278,0.0,11,1,3320.59,0,0
upi://pay?pa=sunita.devi@okhdfcbank&pn=Auto%20Rickshaw%20Stand&cu=INR,sunita.devi@okhdfcbank,1,3.278,0.0,11,0,0.0,0,0
upi://pay?pa=9350969592@ibl&pn=Green%20Grocers&cu=INR&am=1477.56,9350969592@ibl,1,2.322,1.0,10,1,1477.56,0,0
upi://pay?pa=ho3k5wuih2jyhr@paytm&pn=KYC%20Support&cu=INR&am=3.0&tn=cashback,ho3k5wuih2jyhr@paytm,1,3.468,0.214,14,1,3.0,1,1
upi://pay?pa=merchant.7903@okicici&pn=Auto%20Rickshaw%20Stand&cu=INR&am=413.2,merchant.7903@okicici,1,3.7,0.308,13,1,413.2,0,0
upi://pay?pa=sunita.devi@ybl&pn=Om%20Traders&cu=INR,sunita.devi@ybl,1,3.278,0.0,11,0,0.0,0,0
upi://pay?pa=8295317821@oksbi&pn=Green%20Grocers&cu=INR,8295317821@oksbi,1,2.722,1.0,10,0,0.0,0,0
upi://pay?pa=8913569674@oksbi&pn=Prize%20Center&cu=INR&tn=urgent,8913569674@oksbi,1,2.922,1.0,10,0,0.0,1,1
upi://pay?pa=support70@secure-pay&pn=Verify%20Account&cu=INR&tn=verify-now,support70@secure-pay,0,2.948,0.222,9,0,0.0,1,1
upi://pay?pa=v71e4fmtcp2r7@oksbi&pn=Prize%20Center&cu=INR&am=2.62&tn=blocked,v71e4fmtcp2r7@oksbi,1,3.547,0.385,13,1,2.62,1,1
upi://pay?pa=goog1e-pay668@oksbi&pn=Verify%20Account&cu=INR&tn=cashback,goog1e-pay668@oksbi,1,3.239,0.308,13,0,0.0,1,1
upi://pay?pa=kyc-team77@kyc-update&pn=Refund%20Team&cu=INR&tn=cashback,kyc-team77@kyc-update,0,3.122,0.2,10,0,0.0,1,1
upi://pay?pa=phcnpe860@axl&pn=Cashback%20Desk&cu=INR&tn=kyc,phcnpe860@axl,1,2.948,0.333,9,0,0.0,1,1
upi://pay?pa=merchant.1846@okaxis&pn=Priya%20Singh&cu=INR,merchant.1846@okaxis,1,3.7,0.308,13,0,0.0,0,0
upi://pay?pa=support76@xn--upi&pn=Refund%20Team&cu=INR&tn=reward,support76@xn--upi,0,2.948,0.222,9,0,0.0,1,1
upi://pay?pa=9533163366@ibl&pn=Om%20Traders&cu=INR&am=775.86,9533163366@ibl,1,2.046,1.0,10,1,775.86,0,0
upi://pay?pa=7197826153@apl&pn=City%20Cafe&cu=INR,7197826153@apl,1,2.922,1.0,10,0,0.0,0,0
upi://pay?pa=gghohs5ok6@okaxis&pn=Verify%20Account&cu=INR,gghohs5ok6@okaxis,1,2.722,0.2,10,0,0.0,0,1
upi://pay?pa=merchant.424@oksbi&pn=Rahul%20Sharma&cu=INR,merchant.424@oksbi,1,3.418,0.25,12,0,0.0,0,0
upi://pay?pa=phcnpe836@okaxis&pn=Prize%20Center&cu=INR&tn=urgent,phcnpe836@okaxis,1,2.948,0.333,9,0,0.0,1,1
upi://pay?pa=8453275173@okicici&pn=Prize%20Center&cu=INR&tn=lottery,8453275173@okicici,1,2.722,1.0,10,0,0.0,1,1
upi://pay?pa=i9za57hwue4gny@okaxis&pn=Cashback%20Desk&cu=INR&am=4.44&tn=cashback,i9za57hwue4gny@okaxis,1,3.807,0.286,14,1,4.44,1,1
upi://pay?pa=5590861398@ibl&pn=Prize%20Center&cu=INR&tn=suspend,5590861398@ibl,1,2.722,1.0,10,0,0.0,1,1
upi://pay?pa=rahul.sharma@paytm&pn=Auto%20Rickshaw%20Stand&cu=INR&am=1059.13,rahul.sharma@paytm,1,2.855,0.0,12,1,1059.13,0,0
upi://pay?pa=phcnpe898@okicici&pn=Prize%20Center&cu=INR&tn=cashback,phcnpe898@okicici,1,2.725,0.333,9,0,0.0,1,1
upi://pay?pa=paytrn90@hdfcbank&pn=Refund%20Team&cu=INR,paytrn90@hdfcbank,1,3.0,0.25,8,0,0.0,0,1
upi://pay?pa=6045639848@axl&pn=Prize%20Center&cu=INR&tn=refund,6045639848@axl,1,2.722,1.0,10,0,0.0,1,1
upi://pay?pa=merchant.2231@ibl&pn=Green%20Grocers&cu=INR&am=318.71,merchant.2231@ibl,1,3.547,0.308,13,1,318.71,0,0
upi://pay?pa=kyc-team62@pay-verify&pn=Verify%20Account&cu=INR&am=4.87&tn=blocked,kyc-team62@pay-verify,0,3.322,0.2,10,1,4.87,1,1
upi://pay?pa=6737851949@hdfcbank&pn=Priya%20Singh&cu=INR,6737851949@hdfcbank,1,2.922,1.0,10,0,0.0,0,0
upi://pay?pa=tmpt1uv94c8@ibl&pn=Verify%20Account&cu=INR&tn=verify-now,tmpt1uv94c8@ibl,1,3.278,0.364,11,0,0.0,1,1
upi://pay?pa=sunita.devi@jio&pn=Sharma%20Kirana%20Store&cu=INR,sunita.devi@jio,1,3.278,0.0,11,0,0.0,0,0
upi://pay?pa=5683513501@paytm&pn=Prize%20Center&cu=INR,5683513501@paytm,1,2.446,1.0,10,0,0.0,0,1
upi://pay?pa=5160492494@okicici&pn=KYC%20Support&cu=INR&am=3.42&tn=winner,5160492494@okicici,1,2.646,1.0,10,1,3.42,1,1
upi://pay?pa=297462457@okicici&pn=Verify%20Account&cu=INR&am=2.91,297462457@okicici,1,2.503,1.0,9,1,2.91,0,1
upi://pay?pa=merchant.2118@upi&pn=Priya%20Singh&cu=INR,merchant.2118@upi,1,3.547,0.308,13,0,0.0,0,0
upi://pay?pa=8872790327@ibl&pn=Rahul%20Sharma&cu=INR&am=3994.75,8872790327@ibl,1,2.446,1.0,10,1,3994.75,0,0
upi://pay?pa=phcnpe921@jio&pn=Verify%20Account&cu=INR&am=1.64&tn=lottery,phcnpe921@jio,1,2.948,0.333,9,1,1.64,1,1
upi://pay?pa=priya123@oksbi&pn=Om%20Traders&cu=INR,priya123@oksbi,1,3.0,0.375,8,0,0.0,0,0
upi://pay?pa=sunita.devi@ybl&pn=Om%20Traders&cu=INR,sunita.devi@ybl,1,3.278,0.0,11,0,0.0,0,0
upi://pay?pa=support30@xn--upi&pn=KYC%20Support&cu=INR&tn=refund,support30@xn--upi,0,2.948,0.222,9,0,0.0,1,1
upi://pay?pa=merchant.8132@paytm&pn=Green%20Grocers&cu=INR,merchant.8132@paytm,1,3.7,0.308,13,0,0.0,0,0
upi://pay?pa=7741251076@okhdfcbank&pn=Rahul%20Sharma&cu=INR&am=2522.55,7741251076@okhdfcbank,1,2.646,1.0,10,1,2522.55,0,0
upi://pay?pa=4933493101@axl&pn=Cashback%20Desk&cu=INR&am=2.61&tn=suspend,4933493101@axl,1,2.246,1.0,10,1,2.61,1,1
upi://pay?pa=9884830514@paytm&pn=Rahul%20Sharma&cu=INR,9884830514@paytm,1,2.646,1.0,10,0,0.0,0,0
upi://pay?pa=sunita.devi@axl&pn=Auto%20Rickshaw%20Stand&cu=INR&am=3359.02,sunita.devi@axl,1,3.278,0.0,11,1,3359.02,0,0
upi://pay?pa=merchant.6832@hdfcbank&pn=Sharma%20Kirana%20Store&cu=INR,merchant.6832@hdfcbank,1,3.7,0.308,13,0,0.0,0,0
upi://pay?pa=merchant.9915@apl&pn=Green%20Grocers&cu=INR,merchant.9915@apl,1,3.547,0.308,13,0,0.0,0,0
upi://pay?pa=refund93@kyc-update&pn=Refund%20Team&cu=INR&am=3.63,refund93@kyc-update,0,3.0,0.25,8,1,3.63,0,1
upi://pay?pa=amit.kumar@apl&pn=Priya%20Singh&cu=INR,amit.kumar@apl,1,2.922,0.0,10,0,0.0,0,0
upi://pay?pa=refund8@secure-pay&pn=Refund%20Team&cu=INR&tn=verify-now,refund8@secure-pay,0,2.807,0.143,7,0,0.0,1,1
upi://pay?pa=cashback48@kyc-update&pn=Verify%20Account&cu=INR&tn=blocked,cashback48@kyc-update,0,2.922,0.2,10,0,0.0,1,1
upi://pay?pa=support85@secure-pay&pn=KYC%20Support&cu=INR&am=3.6&tn=suspend,support85@secure-pay,0,2.948,0.222,9,1,3.6,1,1
upi://pay?pa=5309782293@paytm&pn=Refund%20Team&cu=INR&am=1.78&tn=blocked,5309782293@paytm,1,2.722,1.0,10,1,1.78,1,1
upi://pay?pa=74442271@okicici&pn=Verify%20Account&cu=INR&am=4.85&tn=urgent,74442271@okicici,1,1.906,1.0,8,1,4.85,1,1
upi://pay?pa=paytrn219@jio&pn=Cashback%20Desk&cu=INR&tn=winner,paytrn219@jio,1,3.17,0.333,9,0,0.0,1,1
upi://pay?pa=9881178498@okaxis&pn=Refund%20Team&cu=INR&tn=suspend,9881178498@okaxis,1,2.122,1.0,10,0,0.0,1,1
upi://pay?pa=vendor.shop@hdfcbank&pn=Auto%20Rickshaw%20Stand&cu=INR,vendor.shop@hdfcbank,1,3.278,0.0,11,0,0.0,0,0
upi://pay?pa=support74@pay-verify&pn=Cashback%20Desk&cu=INR,support74@pay-verify,0,2.948,0.222,9,0,0.0,0,1
upi://pay?pa=amit.kumar@oksbi&pn=Auto%20Rickshaw%20Stand&cu=INR,amit.kumar@oksbi,1,2.922,0.0,10,0,0.0,0,0
upi://pay?pa=9244139847@okaxis&pn=Priya%20Singh&cu=INR,9244139847@okaxis,1,2.646,1.0,10,0,0.0,0,0
upi://pay?pa=7405905813@kotak&pn=City%20Cafe&cu=INR,7405905813@kotak,1,2.922,1.0,10,0,0.0,0,0
upi://pay?pa=amit.kumar@jio&pn=Om%20Traders&cu=INR,amit.kumar@jio,1,2.922,0.0,10,0,0.0,0,0
upi://pay?pa=goog1e-pay14@okaxis&pn=Refund%20Team&cu=INR&am=1.28,goog1e-pay14@okaxis,1,3.085,0.25,12,1,1.28,0,1
upi://pay?pa=3349663303@upi&pn=Cashback%20Desk&cu=INR&tn=suspend,3349663303@upi,1,1.961,1.0,10,0,0.0,1,1
upi://pay?pa=cashback34@refund-upi&pn=Refund%20Team&cu=INR&am=1.18,cashback34@refund-upi,0,2.922,0.2,10,1,1.18,0,1
upi://pay?pa=5754837214@apl&pn=Cashback%20Desk&cu=INR&tn=verify-now,5754837214@apl,1,2.722,1.0,10,0,0.0,1,1
upi://pay?pa=r6eu6rln7ogk@okicici&pn=Prize%20Center&cu=INR&am=4.48&tn=lottery,r6eu6rln7ogk@okicici,1,3.252,0.25,12,1,4.48,1,1
upi://pay?pa=7409581085@apl&pn=Green%20Grocers&cu=INR,7409581085@apl,1,2.722,1.0,10,0,0.0,0,0
upi://pay?pa=90751830@okaxis&pn=Refund%20Team&cu=INR&tn=cashback,90751830@okaxis,1,2.75,1.0,8,0,0.0,1,1
upi://pay?pa=45qz9vx4xsq@ybl&pn=Refund%20Team&cu=INR&am=2.34&tn=lottery,45qz9vx4xsq@ybl,1,2.914,0.364,11,1,2.34,1,1
upi://pay?pa=merchant.3969@ybl&pn=Green%20Grocers&cu=INR,merchant.3969@ybl,1,3.547,0.308,13,0,0.0,0,0
upi://pay?pa=merchant.6262@upi&pn=Priya%20Singh&cu=INR,merchant.6262@upi,1,3.393,0.308,13,0,0.0,0,0
upi://pay?pa=refund85@kyc-update&pn=Refund%20Team&cu=INR&tn=urgent,refund85@kyc-update,0,3.0,0.25,8,0,0.0,1,1
upi://pay?pa=sunita.devi@okhdfcbank&pn=Sharma%20Kirana%20Store&cu=INR,sunita.devi@okhdfcbank,1,3.278,0.0,11,0,0.0,0,0
upi://pay?pa=merchant.6581@axl&pn=Sharma%20Kirana%20Store&cu=INR,merchant.6581@axl,1,3.7,0.308,13,0,0.0,0,0
upi://pay?pa=support91@kyc-update&pn=Refund%20Team&cu=INR&tn=cashback,support91@kyc-update,0,2.948,0.222,9,0,0.0,1,1
upi://pay?pa=merchant.4579@idfcbank&pn=Om%20Traders&cu=INR,merchant.4579@idfcbank,1,3.7,0.308,13,0,0.0,0,0
upi://pay?pa=phcnpe75@paytm&pn=Verify%20Account&cu=INR&tn=cashback,phcnpe75@paytm,1,2.75,0.25,8,0,0.0,1,1
upi://pay?pa=8693878240@hdfcbank&pn=Auto%20Rickshaw%20Stand&cu=INR,8693878240@hdfcbank,1,2.846,1.0,10,0,0.0,0,0
upi://pay?pa=merchant.6269@paytm&pn=Auto%20Rickshaw%20Stand&cu=INR,merchant.6269@paytm,1,3.547,0.308,13,0,0.0,0,0
upi://pay?pa=cashback25@secure-pay&pn=Prize%20Center&cu=INR&am=1.99&tn=blocked,cashback25@secure-pay,0,2.922,0.2,10,1,1.99,1,1
upi://pay?pa=merchant.547@ybl&pn=Auto%20Rickshaw%20Stand&cu=INR,merchant.547@ybl,1,3.585,0.25,12,0,0.0,0,0
upi://pay?pa=kyc-team21@kyc-update&pn=Cashback%20Desk&cu=INR&tn=kyc,kyc-team21@kyc-update,0,3.322,0.2,10,0,0.0,1,1
upi://pay?pa=9833373615@ibl&pn=City%20Cafe&cu=INR,9833373615@ibl,1,2.522,1.0,10,0,0.0,0,0
upi://pay?pa=sunita.devi@hdfcbank&pn=Auto%20Rickshaw%20Stand&cu=INR,sunita.devi@hdfcbank,1,3.278,0.0,11,0,0.0,0,0
upi://pay?pa=1667163501@apl&pn=Cashback%20Desk&cu=INR&tn=suspend,1667163501@apl,1,2.371,1.0,10,0,0.0,1,1
upi://pay?pa=1219366418@apl&pn=Refund%20Team&cu=INR&am=2.99,1219366418@apl,1,2.646,1.0,10,1,2.99,0,1
upi://pay?pa=merchant.6396@okaxis&pn=Om%20Traders&cu=INR&am=3077.55,merchant.6396@okaxis,1,3.547,0.308,13,1,3077.55,0,0
upi://pay?pa=cashback58@secure-pay&pn=Prize%20Center&cu=INR&tn=urgent,cashback58@secure-pay,0,2.922,0.2,10,0,0.0,1,1
upi://pay?pa=merchant.5348@okicici&pn=Green%20Grocers&cu=INR,merchant.5348@okicici,1,3.7,0.308,13,0,0.0,0,0
upi://pay?pa=paytrn559@oksbi&pn=Verify%20Account&cu=INR&am=1.8&tn=cashback,paytrn559@oksbi,1,2.948,0.333,9,1,1.8,1,1
upi://pay?pa=778326020@upi&pn=Cashback%20Desk&cu=INR,778326020@upi,1,2.503,1.0,9,0,0.0,0,1
upi://pay?pa=phcnpe445@paytm&pn=KYC%20Support&cu=INR&am=3.77&tn=suspend,phcnpe445@paytm,1,2.725,0.333,9,1,3.77,1,1
upi://pay?pa=support24@pay-verify&pn=Prize%20Center&cu=INR&tn=cashback,support24@pay-verify,0,2.948,0.222,9,0,0.0,1,1
upi://pay?pa=priya123@ybl&pn=Auto%20Rickshaw%20Stand&cu=INR,priya123@ybl,1,3.0,0.375,8,0,0.0,0,0
upi://pay?pa=eapfj6w8zn@upi&pn=Prize%20Center&cu=INR&tn=cashback,eapfj6w8zn@upi,1,3.322,0.2,10,0,0.0,1,1
upi://pay?pa=sunita.devi@oksbi&pn=Om%20Traders&cu=INR&am=1848.18,sunita.devi@oksbi,1,3.278,0.0,11,1,1848.18,0,0
upi://pay?pa=merchant.5263@okicici&pn=Priya%20Singh&cu=INR,merchant.5263@okicici,1,3.7,0.308,13,0,0.0,0,0
upi://pay?pa=2252826955@okicici&pn=Refund%20Team&cu=INR&tn=verify-now,2252826955@okicici,1,2.046,1.0,10,0,0.0,1,1
upi://pay?pa=phcnpe928@idfcbank&pn=Refund%20Team&cu=INR&am=4.51&tn=lottery,phcnpe928@idfcbank,1,2.948,0.333,9,1,4.51,1,1
upi://pay?pa=merchant.6623@jio&pn=City%20Cafe&cu=INR,merchant.6623@jio,1,3.547,0.308,13,0,0.0,0,0
upi://pay?pa=glbd0xqtqv8el@apl&pn=Prize%20Center&cu=INR&am=3.95&tn=suspend,glbd0xqtqv8el@apl,1,3.393,0.154,13,1,3.95,1,1
upi://pay?pa=8900275149@axl&pn=Priya%20Singh&cu=INR,8900275149@axl,1,2.922,1.0,10,0,0.0,0,0
upi://pay?pa=amit.kumar@idfcbank&pn=Om%20Traders&cu=INR&am=4975.84,amit.kumar@idfcbank,1,2.922,0.0,10,1,4975.84,0,0
upi://pay?pa=fxyuc7vveg@ibl&pn=Verify%20Account&cu=INR&tn=refund,fxyuc7vveg@ibl,1,3.122,0.1,10,0,0.0,1,1
upi://pay?pa=paytrn764@paytm&pn=Cashback%20Desk&cu=INR&tn=blocked,paytrn764@paytm,1,3.17,0.333,9,0,0.0,1,1
upi://pay?pa=sunita.devi@ibl&pn=Auto%20Rickshaw%20Stand&cu=INR,sunita.devi@ibl,1,3.278,0.0,11,0,0.0,0,0
upi://pay?pa=p16lah96je@idfcbank&pn=Cashback%20Desk&cu=INR&am=1.04&tn=cashback,p16lah96je@idfcbank,1,3.122,0.4,10,1,1.04,1,1
upi://pay?pa=merchant.3780@ybl&pn=Priya%20Singh&cu=INR,merchant.3780@ybl,1,3.7,0.308,13,0,0.0,0,0
upi://pay?pa=vendor.shop@idfcbank&pn=Priya%20Singh&cu=INR&am=4952.85,vendor.shop@idfcbank,1,3.278,0.0,11,1,4952.85,0,0
upi://pay?pa=sunita.devi@okaxis&pn=Priya%20Singh&cu=INR,sunita.devi@okaxis,1,3.278,0.0,11,0,0.0,0,0
upi://pay?pa=sunita.devi@axl&pn=Green%20Grocers&cu=INR,sunita.devi@axl,1,3.278,0.0,11,0,0.0,0,0
upi://pay?pa=merchant.6550@ibl&pn=Priya%20Singh&cu=INR,merchant.6550@ibl,1,3.547,0.308,13,0,0.0,0,0
upi://pay?pa=paytrn223@okhdfcbank&pn=Cashback%20Desk&cu=INR,paytrn223@okhdfcbank,1,2.948,0.333,9,0,0.0,0,1
upi://pay?pa=phcnpe628@okicici&pn=KYC%20Support&cu=INR&am=4.88&tn=lottery,phcnpe628@okicici,1,2.948,0.333,9,1,4.88,1,1
upi://pay?pa=goog1e-pay569@upi&pn=KYC%20Support&cu=INR&tn=winner,goog1e-pay569@upi,1,3.393,0.308,13,0,0.0,1,1
upi://pay?pa=8788344656@kotak&pn=Sharma%20Kirana%20Store&cu=INR,8788344656@kotak,1,2.446,1.0,10,0,0.0,0,0
upi://pay?pa=phcnpe872@axl&pn=Cashback%20Desk&cu=INR&tn=reward,phcnpe872@axl,1,2.948,0.333,9,0,0.0,1,1
upi://pay?pa=9455798713@kotak&pn=City%20Cafe&cu=INR,9455798713@kotak,1,2.722,1.0,10,0,0.0,0,0
upi://pay?pa=wmfpta7ls9b7ry0c@okhdfcbank&pn=Cashback%20Desk&cu=INR&tn=refund,wmfpta7ls9b7ry0c@okhdfcbank,1,3.875,0.25,16,0,0.0,1,1
upi://pay?pa=6150292711@kotak&pn=Sharma%20Kirana%20Store&cu=INR,6150292711@kotak,1,2.646,1.0,10,0,0.0,0,0
upi://pay?pa=6200473425@kotak&pn=Priya%20Singh&cu=INR,6200473425@kotak,1,2.722,1.0,10,0,0.0,0,0
upi://pay?pa=8293437039@okhdfcbank&pn=Prize%20Center&cu=INR&am=2.53&tn=kyc,8293437039@okhdfcbank,1,2.646,1.0,10,1,2.53,1,1
upi://pay?pa=kyc-team95@secure-pay&pn=Verify%20Account&cu=INR&tn=lottery,kyc-team95@secure-pay,0,3.322,0.2,10,0,0.0,1,1
upi://pay?pa=i71ywd8wl2ikbutz@okicici&pn=Refund%20Team&cu=INR&am=3.18&tn=kyc,i71ywd8wl2ikbutz@okicici,1,3.75,0.25,16,1,3.18,1,1
upi://pay?pa=support47@refund-upi&pn=Prize%20Center&cu=INR&am=4.81&tn=winner,support47@refund-upi,0,2.948,0.222,9,1,4.81,1,1
upi://pay?pa=23srb3xc39yuv3f@ybl&pn=Cashback%20Desk&cu=INR&tn=suspend,23srb3xc39yuv3f@ybl,1,3.374,0.4,15,0,0.0,1,1
upi://pay?pa=8893962438@idfcbank&pn=Rahul%20Sharma&cu=INR,8893962438@idfcbank,1,2.446,1.0,10,0,0.0,0,0
upi://pay?pa=merchant.8567@hdfcbank&pn=Om%20Traders&cu=INR,merchant.8567@hdfcbank,1,3.7,0.308,13,0,0.0,0,0
upi://pay?pa=merchant.4298@upi&pn=Sharma%20Kirana%20Store&cu=INR,merchant.4298@upi,1,3.7,0.308,13,0,0.0,0,0
upi://pay?pa=321373546@okaxis&pn=Verify%20Account&cu=INR&am=3.72&tn=winner,321373546@okaxis,1,2.642,1.0,9,1,3.72,1,1
upi://pay?pa=support36@xn--upi&pn=Verify%20Account&cu=INR&tn=refund,support36@xn--upi,0,2.948,0.222,9,0,0.0,1,1
upi://pay?pa=merchant.8174@apl&pn=Rahul%20Sharma&cu=INR,merchant.8174@apl,1,3.7,0.308,13,0,0.0,0,0
upi://pay?pa=merchant.1143@okicici&pn=City%20Cafe&cu=INR,merchant.1143@okicici,1,3.547,0.308,13,0,0.0,0,0
upi://pay?pa=9002968632@jio&pn=Sharma%20Kirana%20Store&cu=INR,9002968632@jio,1,2.522,1.0,10,0,0.0,0,0
upi://pay?pa=7196397061@apl&pn=Om%20Traders&cu=INR&am=1436.43,7196397061@apl,1,2.522,1.0,10,1,1436.43,0,0
upi://pay?pa=merchant.896@upi&pn=Green%20Grocers&cu=INR&am=4973.51,merchant.896@upi,1,3.585,0.25,12,1,4973.51,0,0
upi://pay?pa=80883771@jio&pn=Refund%20Team&cu=INR&tn=refund,80883771@jio,1,2.156,1.0,8,0,0.0,1,1
upi://pay?pa=4xj4a3s8pgbz@paytm&pn=Refund%20Team&cu=INR,4xj4a3s8pgbz@paytm,1,3.418,0.333,12,0,0.0,0,1
upi://pay?pa=vendor.shop@idfcbank&pn=Green%20Grocers&cu=INR,vendor.shop@idfcbank,1,3.278,0.0,11,0,0.0,0,0
upi://pay?pa=2719199155@okicici&pn=Cashback%20Desk&cu=INR&tn=lottery,2719199155@okicici,1,2.171,1.0,10,0,0.0,1,1
upi://pay?pa=6305517870@oksbi&pn=City%20Cafe&cu=INR,6305517870@oksbi,1,2.722,1.0,10,0,0.0,0,0
upi://pay?pa=amit.kumar@oksbi&pn=Om%20Traders&cu=INR&am=4009.48,amit.kumar@oksbi,1,2.922,0.0,10,1,4009.48,0,0
upi://pay?pa=6874182394@upi&pn=Cashback%20Desk&cu=INR&am=4.56&tn=reward,6874182394@upi,1,2.922,1.0,10,1,4.56,1,1
upi://pay?pa=rahul.sharma@idfcbank&pn=Om%20Traders&cu=INR&am=2175.6,rahul.sharma@idfcbank,1,2.855,0.0,12,1,2175.6,0,0
upi://pay?pa=6284277889@ybl&pn=City%20Cafe&cu=INR&am=4567.42,6284277889@ybl,1,2.446,1.0,10,1,4567.42,0,0
upi://pay?pa=9515802395@idfcbank&pn=Priya%20Singh&cu=INR,9515802395@idfcbank,1,2.646,1.0,10,0,0.0,0,0
upi://pay?pa=goog1e-pay363@okicici&pn=Prize%20Center&cu=INR&tn=urgent,goog1e-pay363@okicici,1,3.239,0.308,13,0,0.0,1,1
upi://pay?pa=merchant.6974@kotak&pn=Sharma%20Kirana%20Store&cu=INR,merchant.6974@kotak,1,3.7,0.308,13,0,0.0,0,0
upi://pay?pa=zzyagzr64l4y@upi&pn=Verify%20Account&cu=INR&tn=refund,zzyagzr64l4y@upi,1,2.855,0.25,12,0,0.0,1,1
upi://pay?pa=merchant.8160@upi&pn=City%20Cafe&cu=INR,merchant.8160@upi,1,3.7,0.308,13,0,0.0,0,0
upi://pay?pa=vendor.shop@ibl&pn=City%20Cafe&cu=INR&am=2406.97,vendor.shop@ibl,1,3.278,0.0,11,1,2406.97,0,0
upi://pay?pa=ticeaae5ezf@paytm&pn=Cashback%20Desk&cu=INR&tn=verify-now,ticeaae5ezf@paytm,1,2.845,0.091,11,0,0.0,1,1
upi://pay?pa=8923267329@paytm&pn=Cashback%20Desk&cu=INR&tn=winner,8923267329@paytm,1,2.446,1.0,10,0,0.0,1,1
upi://pay?pa=u4i4cxgf8gc0@apl&pn=Refund%20Team&cu=INR&am=3.84&tn=reward,u4i4cxgf8gc0@apl,1,3.085,0.333,12,1,3.84,1,1
upi://pay?pa=rahul.sharma@paytm&pn=Rahul%20Sharma&cu=INR&am=3175.76,rahul.sharma@paytm,1,2.855,0.0,12,1,3175.76,0,0
upi://pay?pa=merchant.1391@kotak&pn=City%20Cafe&cu=INR,merchant.1391@kotak,1,3.547,0.308,13,0,0.0,0,0
upi://pay?pa=goog1e-pay252@hdfcbank&pn=KYC%20Support&cu=INR&tn=suspend,goog1e-pay252@hdfcbank,1,3.239,0.308,13,0,0.0,1,1
upi://pay?pa=paytrn935@kotak&pn=KYC%20Support&cu=INR&am=1.84&tn=blocked,paytrn935@kotak,1,3.17,0.333,9,1,1.84,1,1
upi://pay?pa=vendor.shop@ybl&pn=Auto%20Rickshaw%20Stand&cu=INR&am=4233.75,vendor.shop@ybl,1,3.278,0.0,11,1,4233.75,0,0
upi://pay?pa=phcnpe748@hdfcbank&pn=KYC%20Support&cu=INR&tn=suspend,phcnpe748@hdfcbank,1,2.948,0.333,9,0,0.0,1,1
upi://pay?pa=kyc-team8@xn--upi&pn=Refund%20Team&cu=INR&am=2.08&tn=verify-now,kyc-team8@xn--upi,0,3.17,0.111,9,1,2.08,1,1
upi://pay?pa=4531540558@axl&pn=Cashback%20Desk&cu=INR&tn=urgent,4531540558@axl,1,2.322,1.0,10,0,0.0,1,1
upi://pay?pa=rahul.sharma@okicici&pn=Rahul%20Sharma&cu=INR,rahul.sharma@okicici,1,2.855,0.0,12,0,0.0,0,0
upi://pay?pa=rahul.sharma@kotak&pn=Priya%20Singh&cu=INR,rahul.sharma@kotak,1,2.855,0.0,12,0,0.0,0,0
upi://pay?pa=amit.kumar@jio&pn=Priya%20Singh&cu=INR,amit.kumar@jio,1,2.922,0.0,10,0,0.0,0,0
upi://pay?pa=amit.kumar@okaxis&pn=City%20Cafe&cu=INR,amit.kumar@okaxis,1,2.922,0.0,10,0,0.0,0,0
upi://pay?pa=8171970587@paytm&pn=Refund%20Team&cu=INR&tn=cashback,8171970587@paytm,1,2.446,1.0,10,0,0.0,1,1
upi://pay?pa=2476844089@paytm&pn=Cashback%20Desk&cu=INR&tn=suspend,2476844089@paytm,1,2.646,1.0,10,0,0.0,1,1
upi://pay?pa=8145698913@okhdfcbank&pn=Priya%20Singh&cu=INR,8145698913@okhdfcbank,1,2.722,1.0,10,0,0.0,0,0
upi://pay?pa=9tnxjvih88suke8x@axl&pn=KYC%20Support&cu=INR&tn=winner,9tnxjvih88suke8x@axl,1,3.578,0.25,16,0,0.0,1,1
upi://pay?pa=priya123@okicici&pn=Sharma%20Kirana%20Store&cu=INR&am=2379.24,priya123@okicici,1,3.0,0.375,8,1,2379.24,0,0
upi://pay?pa=kyc-team15@refund-upi&pn=Cashback%20Desk&cu=INR&tn=cashback,kyc-team15@refund-upi,0,3.322,0.2,10,0,0.0,1,1
upi://pay?pa=refund97@pay-verify&pn=Refund%20Team&cu=INR&tn=lottery,refund97@pay-verify,0,3.0,0.25,8,0,0.0,1,1
upi://pay?pa=support51@kyc-update&pn=Prize%20Center&cu=INR&tn=refund,support51@kyc-update,0,2.948,0.222,9,0,0.0,1,1
upi://pay?pa=phcnpe72@okhdfcbank&pn=Verify%20Account&cu=INR&tn=urgent,phcnpe72@okhdfcbank,1,2.75,0.25,8,0,0.0,1,1
upi://pay?pa=hq403ivwack@ibl&pn=Cashback%20Desk&cu=INR&tn=suspend,hq403ivwack@ibl,1,3.459,0.273,11,0,0.0,1,1
upi://pay?pa=merchant.8837@jio&pn=Priya%20Singh&cu=INR,merchant.8837@jio,1,3.547,0.308,13,0,0.0,0,0
upi://pay?pa=priya123@jio&pn=Green%20Grocers&cu=INR,priya123@jio,1,3.0,0.375,8,0,0.0,0,0
upi://pay?pa=phcnpe38@jio&pn=Cashback%20Desk&cu=INR&tn=suspend,phcnpe38@jio,1,2.75,0.25,8,0,0.0,1,1
upi://pay?pa=cashback47@secure-pay&pn=Refund%20Team&cu=INR&am=1.44&tn=verify-now,cashback47@secure-pay,0,2.922,0.2,10,1,1.44,1,1
upi://pay?pa=merchant.6584@jio&pn=Sharma%20Kirana%20Store&cu=INR,merchant.6584@jio,1,3.7,0.308,13,0,0.0,0,0
upi://pay?pa=merchant.4347@kotak&pn=City%20Cafe&cu=INR&am=1871.91,merchant.4347@kotak,1,3.547,0.308,13,1,1871.91,0,0
upi://pay?pa=merchant.5011@upi&pn=Om%20Traders&cu=INR,merchant.5011@upi,1,3.547,0.308,13,0,0.0,0,0
upi://pay?pa=6791835934@ibl&pn=Sharma%20Kirana%20Store&cu=INR,6791835934@ibl,1,2.922,1.0,10,0,0.0,0,0
upi://pay?pa=8506826031@ybl&pn=Green%20Grocers&cu=INR,8506826031@ybl,1,2.722,1.0,10,0,0.0,0,0
upi://pay?pa=8156439518@ybl&pn=Priya%20Singh&cu=INR&am=4341.44,8156439518@ybl,1,2.722,1.0,10,1,4341.44,0,0
upi://pay?pa=merchant.3367@apl&pn=Priya%20Singh&cu=INR&am=1090.6,merchant.3367@apl,1,3.547,0.308,13,1,1090.6,0,0
upi://pay?pa=support68@refund-upi&pn=Prize%20Center&cu=INR&tn=cashback,support68@refund-upi,0,2.948,0.222,9,0,0.0,1,1
upi://pay?pa=phcnpe398@ibl&pn=Prize%20Center&cu=INR&am=4.43&tn=lottery,phcnpe398@ibl,1,2.948,0.333,9,1,4.43,1,1
upi://pay?pa=merchant.1644@okhdfcbank&pn=Sharma%20Kirana%20Store&cu=INR,merchant.1644@okhdfcbank,1,3.547,0.308,13,0,0.0,0,0
upi://pay?pa=amit.kumar@oksbi&pn=Green%20Grocers&cu=INR,amit.kumar@oksbi,1,2.922,0.0,10,0,0.0,0,0
upi://pay?pa=sunita.devi@idfcbank&pn=Sharma%20Kirana%20Store&cu=INR,sunita.devi@idfcbank,1,3.278,0.0,11,0,0.0,0,0
upi://pay?pa=6wb4kpbunoq4g@axl&pn=Refund%20Team&cu=INR&am=3.53&tn=verify-now,6wb4kpbunoq4g@axl,1,3.393,0.231,13,1,3.53,1,1
upi://pay?pa=6847378806@kotak&pn=Auto%20Rickshaw%20Stand&cu=INR&am=439.72,6847378806@kotak,1,2.446,1.0,10,1,439.72,0,0
upi://pay?pa=sunita.devi@ibl&pn=Rahul%20Sharma&cu=INR&am=4638.4,sunita.devi@ibl,1,3.278,0.0,11,1,4638.4,0,0
upi://pay?pa=merchant.6351@axl&pn=Auto%20Rickshaw%20Stand&cu=INR&am=4228.56,merchant.6351@axl,1,3.7,0.308,13,1,4228.56,0,0
upi://pay?pa=cashback69@pay-verify&pn=Prize%20Center&cu=INR&tn=lottery,cashback69@pay-verify,0,2.922,0.2,10,0,0.0,1,1
upi://pay?pa=7136094194@hdfcbank&pn=Priya%20Singh&cu=INR,7136094194@hdfcbank,1,2.722,1.0,10,0,0.0,0,0
upi://pay?pa=dc25dmup1yv@jio&pn=Prize%20Center&cu=INR&am=2.68&tn=refund,dc25dmup1yv@jio,1,3.278,0.273,11,1,2.68,1,1
upi://pay?pa=8342737548@paytm&pn=KYC%20Support&cu=INR,8342737548@paytm,1,2.522,1.0,10,0,0.0,0,1
upi://pay?pa=merchant.2133@hdfcbank&pn=Priya%20Singh&cu=INR&am=3769.88,merchant.2133@hdfcbank,1,3.547,0.308,13,1,3769.88,0,0
upi://pay?pa=merchant.1630@apl&pn=Green%20Grocers&cu=INR&am=3212.12,merchant.1630@apl,1,3.7,0.308,13,1,3212.12,0,0
upi://pay?pa=6009209020@oksbi&pn=Cashback%20Desk&cu=INR&tn=urgent,6009209020@oksbi,1,1.761,1.0,10,0,0.0,1,1
upi://pay?pa=7526958577@idfcbank&pn=KYC%20Support&cu=INR&am=4.37&tn=refund,7526958577@idfcbank,1,2.371,1.0,10,1,4.37,1,1
upi://pay?pa=z6elcanrtlq74fcm@hdfcbank&pn=KYC%20Support&cu=INR&tn=reward,z6elcanrtlq74fcm@hdfcbank,1,3.75,0.188,16,0,0.0,1,1
upi://pay?pa=4637578772@okicici&pn=Refund%20Team&cu=INR&tn=blocked,4637578772@okicici,1,2.522,1.0,10,0,0.0,1,1
upi://pay?pa=9989653086@okicici&pn=Green%20Grocers&cu=INR&am=3781.22,9989653086@okicici,1,2.446,1.0,10,1,3781.22,0,0
upi://pay?pa=7030294530@apl&pn=Cashback%20Desk&cu=INR&tn=cashback,7030294530@apl,1,2.646,1.0,10,0,0.0,1,1
upi://pay?pa=phcnpe916@ybl&pn=Verify%20Account&cu=INR&tn=kyc,phcnpe916@ybl,1,2.948,0.333,9,0,0.0,1,1
upi://pay?pa=9877038904@ibl&pn=Rahul%20Sharma&cu=INR,9877038904@ibl,1,2.522,1.0,10,0,0.0,0,0
upi://pay?pa=kyc-team50@pay-verify&pn=Refund%20Team&cu=INR&tn=cashback,kyc-team50@pay-verify,0,3.322,0.2,10,0,0.0,1,1
upi://pay?pa=6865282924@upi&pn=Priya%20Singh&cu=INR&am=669.84,6865282924@upi,1,2.446,1.0,10,1,669.84,0,0
upi://pay?pa=8584119955@okaxis&pn=Sharma%20Kirana%20Store&cu=INR&am=2959.91,8584119955@okaxis,1,2.246,1.0,10,1,2959.91,0,0
upi://pay?pa=phcnpe700@ibl&pn=Verify%20Account&cu=INR&tn=urgent,phcnpe700@ibl,1,2.725,0.333,9,0,0.0,1,1
upi://pay?pa=8614915281@upi&pn=Sharma%20Kirana%20Store&cu=INR&am=1560.26,8614915281@upi,1,2.646,1.0,10,1,1560.26,0,0
upi://pay?pa=gedbt8bz9t30b69c@hdfcbank&pn=Refund%20Team&cu=INR&tn=lottery,gedbt8bz9t30b69c@hdfcbank,1,3.453,0.375,16,0,0.0,1,1
upi://pay?pa=kyc-team57@refund-upi&pn=KYC%20Support&cu=INR&am=4.06&tn=verify-now,kyc-team57@refund-upi,0,3.322,0.2,10,1,4.06,1,1
upi://pay?pa=2510631453@apl&pn=Prize%20Center&cu=INR&tn=refund,2510631453@apl,1,2.722,1.0,10,0,0.0,1,1
upi://pay?pa=6233415299@hdfcbank&pn=Sharma%20Kirana%20Store&cu=INR&am=292.37,6233415299@hdfcbank,1,2.722,1.0,10,1,292.37,0,0
upi://pay?pa=amit.kumar@paytm&pn=Priya%20Singh&cu=INR,amit.kumar@paytm,1,2.922,0.0,10,0,0.0,0,0
upi://pay?pa=2797258019@kotak&pn=Verify%20Account&cu=INR&am=4.16&tn=kyc,2797258019@kotak,1,2.722,1.0,10,1,4.16,1,1
upi://pay?pa=9684744684@jio&pn=Sharma%20Kirana%20Store&cu=INR,9684744684@jio,1,2.122,1.0,10,0,0.0,0,0
upi://pay?pa=merchant.3210@ibl&pn=Priya%20Singh&cu=INR&am=813.53,merchant.3210@ibl,1,3.7,0.308,13,1,813.53,0,0
upi://pay?pa=5538480939@oksbi&pn=Refund%20Team&cu=INR&tn=blocked,5538480939@oksbi,1,2.522,1.0,10,0,0.0,1,1
upi://pay?pa=1825019134@hdfcbank&pn=KYC%20Support&cu=INR&am=4.91&tn=suspend,1825019134@hdfcbank,1,2.846,1.0,10,1,4.91,1,1
upi://pay?pa=support68@kyc-update&pn=Refund%20Team&cu=INR&tn=refund,support68@kyc-update,0,2.948,0.222,9,0,0.0,1,1
upi://pay?pa=xy8qegexas2r8l@paytm&pn=Verify%20Account&cu=INR&am=1.96&tn=kyc,xy8qegexas2r8l@paytm,1,3.379,0.214,14,1,1.96,1,1
upi://pay?pa=289855659@okhdfcbank&pn=KYC%20Support&cu=INR&tn=refund,289855659@okhdfcbank,1,2.197,1.0,9,0,0.0,1,1
upi://pay?pa=paytrn27@idfcbank&pn=Verify%20Account&cu=INR,paytrn27@idfcbank,1,3.0,0.25,8,0,0.0,0,1
upi://pay?pa=1331633592@kotak&pn=KYC%20Support&cu=INR&am=2.96&tn=blocked,1331633592@kotak,1,2.322,1.0,10,1,2.96,1,1
upi://pay?pa=merchant.5649@paytm&pn=Rahul%20Sharma&cu=INR,merchant.5649@paytm,1,3.7,0.308,13,0,0.0,0,0
upi://pay?pa=amit.kumar@okicici&pn=Auto%20Rickshaw%20Stand&cu=INR&am=2859.98,amit.kumar@okicici,1,2.922,0.0,10,1,2859.98,0,0
upi://pay?pa=9846716829@ybl&pn=Refund%20Team&cu=INR&am=1.8&tn=winner,9846716829@ybl,1,2.722,1.0,10,1,1.8,1,1
upi://pay?pa=2934646013@hdfcbank&pn=Cashback%20Desk&cu=INR&tn=cashback,2934646013@hdfcbank,1,2.722,1.0,10,0,0.0,1,1
upi://pay?pa=phcnpe2@paytm&pn=Cashback%20Desk&cu=INR&am=2.39&tn=verify-now,phcnpe2@paytm,1,2.522,0.143,7,1,2.39,1,1
upi://pay?pa=goog1e-pay437@upi&pn=Prize%20Center&cu=INR&tn=refund,goog1e-pay437@upi,1,3.393,0.308,13,0,0.0,1,1
upi://pay?pa=cashback40@refund-upi&pn=KYC%20Support&cu=INR&tn=kyc,cashback40@refund-upi,0,2.922,0.2,10,0,0.0,1,1
upi://pay?pa=rahul.sharma@idfcbank&pn=Rahul%20Sharma&cu=INR&am=1256.11,rahul.sharma@idfcbank,1,2.855,0.0,12,1,1256.11,0,0
upi://pay?pa=7405969000@axl&pn=City%20Cafe&cu=INR,7405969000@axl,1,2.322,1.0,10,0,0.0,0,0
upi://pay?pa=7376265912@axl&pn=Om%20Traders&cu=INR&am=900.08,7376265912@axl,1,2.722,1.0,10,1,900.08,0,0
upi://pay?pa=refund7@kyc-update&pn=Refund%20Team&cu=INR&tn=verify-now,refund7@kyc-update,0,2.807,0.143,7,0,0.0,1,1
upi://pay?pa=sunita.devi@jio&pn=Sharma%20Kirana%20Store&cu=INR,sunita.devi@jio,1,3.278,0.0,11,0,0.0,0,0
upi://pay?pa=priya123@axl&pn=Sharma%20Kirana%20Store&cu=INR,priya123@axl,1,3.0,0.375,8,0,0.0,0,0
upi://pay?pa=merchant.4936@axl&pn=City%20Cafe&cu=INR,merchant.4936@axl,1,3.7,0.308,13,0,0.0,0,0
upi://pay?pa=merchant.7856@ybl&pn=City%20Cafe&cu=INR,merchant.7856@ybl,1,3.7,0.308,13,0,0.0,0,0
upi://pay?pa=8635895536@okicici&pn=Om%20Traders&cu=INR&am=492.87,8635895536@okicici,1,2.246,1.0,10,1,492.87,0,0
upi://pay?pa=priya123@okaxis&pn=Auto%20Rickshaw%20Stand&cu=INR&am=2992.46,priya123@okaxis,1,3.0,0.375,8,1,2992.46,0,0
upi://pay?pa=merchant.6904@hdfcbank&pn=City%20Cafe&cu=INR,merchant.6904@hdfcbank,1,3.7,0.308,13,0,0.0,0,0
upi://pay?pa=refund48@secure-pay&pn=Prize%20Center&cu=INR&tn=suspend,refund48@secure-pay,0,3.0,0.25,8,0,0.0,1,1
upi://pay?pa=724621856@apl&pn=Refund%20Team&cu=INR&tn=cashback,724621856@apl,1,2.725,1.0,9,0,0.0,1,1
upi://pay?pa=vendor.shop@axl&pn=Rahul%20Sharma&cu=INR,vendor.shop@axl,1,3.278,0.0,11,0,0.0,0,0
upi://pay?pa=uua8kscqcdwn@okaxis&pn=Cashback%20Desk&cu=INR&tn=suspend,uua8kscqcdwn@okaxis,1,3.252,0.083,12,0,0.0,1,1
upi://pay?pa=amit.kumar@okhdfcbank&pn=Sharma%20Kirana%20Store&cu=INR,amit.kumar@okhdfcbank,1,2.922,0.0,10,0,0.0,0,0
upi://pay?pa=merchant.4495@hdfcbank&pn=Om%20Traders&cu=INR,merchant.4495@hdfcbank,1,3.547,0.308,13,0,0.0,0,0
upi://pay?pa=9033574122@hdfcbank&pn=City%20Cafe&cu=INR,9033574122@hdfcbank,1,2.922,1.0,10,0,0.0,0,0
upi://pay?pa=merchant.9852@paytm&pn=Priya%20Singh&cu=INR&am=2096.21,merchant.9852@paytm,1,3.7,0.308,13,1,2096.21,0,0
upi://pay?pa=merchant.8930@oksbi&pn=Priya%20Singh&cu=INR&am=1949.7,merchant.8930@oksbi,1,3.7,0.308,13,1,1949.7,0,0
upi://pay?pa=90eqeihuo63@jio&pn=KYC%20Support&cu=INR&tn=winner,90eqeihuo63@jio,1,3.278,0.364,11,0,0.0,1,1
upi://pay?pa=merchant.9077@apl&pn=Priya%20Singh&cu=INR&am=3715.71,merchant.9077@apl,1,3.547,0.308,13,1,3715.71,0,0
upi://pay?pa=priya123@axl&pn=City%20Cafe&cu=INR&am=4960.81,priya123@axl,1,3.0,0.375,8,1,4960.81,0,0
upi://pay?pa=7348257414@upi&pn=Rahul%20Sharma&cu=INR&am=4243.12,7348257414@upi,1,2.646,1.0,10,1,4243.12,0,0
upi://pay?pa=goog1e-pay340@okaxis&pn=Prize%20Center&cu=INR&am=1.24&tn=refund,goog1e-pay340@okaxis,1,3.393,0.308,13,1,1.24,1,1
upi://pay?pa=refund28@xn--upi&pn=Refund%20Team&cu=INR&tn=blocked,refund28@xn--upi,0,3.0,0.25,8,0,0.0,1,1
upi://pay?pa=semuhjqmqu@hdfcbank&pn=KYC%20Support&cu=INR&tn=suspend,semuhjqmqu@hdfcbank,1,2.722,0.0,10,0,0.0,1,1
upi://pay?pa=9368870594@jio&pn=Auto%20Rickshaw%20Stand&cu=INR,9368870594@jio,1,2.922,1.0,10,0,0.0,0,0
upi://pay?pa=amit.kumar@oksbi&pn=Priya%20Singh&cu=INR,amit.kumar@oksbi,1,2.922,0.0,10,0,0.0,0,0
upi://pay?pa=merchant.5859@paytm&pn=Om%20Traders&cu=INR,merchant.5859@paytm,1,3.547,0.308,13,0,0.0,0,0
upi://pay?pa=mc69rsw8kbo2073o@kotak&pn=Refund%20Team&cu=INR&tn=refund,mc69rsw8kbo2073o@kotak,1,3.875,0.438,16,0,0.0,1,1
upi://pay?pa=6064485730@kotak&pn=Auto%20Rickshaw%20Stand&cu=INR,6064485730@kotak,1,2.722,1.0,10,0,0.0,0,0
upi://pay?pa=g0x4vsg9uegex2@ybl&pn=KYC%20Support&cu=INR,g0x4vsg9uegex2@ybl,1,3.182,0.286,14,0,0.0,0,1
upi://pay?pa=merchant.574@okicici&pn=Auto%20Rickshaw%20Stand&cu=INR,merchant.574@okicici,1,3.585,0.25,12,0,0.0,0,0
upi://pay?pa=priya123@idfcbank&pn=Om%20Traders&cu=INR,priya123@idfcbank,1,3.0,0.375,8,0,0.0,0,0
upi://pay?pa=phcnpe889@paytm&pn=Cashback%20Desk&cu=INR&tn=verify-now,phcnpe889@paytm,1,2.725,0.333,9,0,0.0,1,1
upi://pay?pa=paytrn668@ybl&pn=Cashback%20Desk&cu=INR&tn=verify-now,paytrn668@ybl,1,2.948,0.333,9,0,0.0,1,1
upi://pay?pa=amit.kumar@jio&pn=Om%20Traders&cu=INR,amit.kumar@jio,1,2.922,0.0,10,0,0.0,0,0
upi://pay?pa=9694387705@ybl&pn=Green%20Grocers&cu=INR,9694387705@ybl,1,2.922,1.0,10,0,0.0,0,0
upi://pay?pa=7002305548@kotak&pn=City%20Cafe&cu=INR,7002305548@kotak,1,2.646,1.0,10,0,0.0,0,0
upi://pay?pa=priya123@axl&pn=Auto%20Rickshaw%20Stand&cu=INR,priya123@axl,1,3.0,0.375,8,0,0.0,0,0
upi://pay?pa=amit.kumar@kotak&pn=Sharma%20Kirana%20Store&cu=INR,amit.kumar@kotak,1,2.922,0.0,10,0,0.0,0,0
upi://pay?pa=goog1e-pay375@okaxis&pn=Cashback%20Desk&cu=INR&am=3.92&tn=lottery,goog1e-pay375@okaxis,1,3.393,0.308,13,1,3.92,1,1
upi://pay?pa=merchant.4596@hdfcbank&pn=City%20Cafe&cu=INR,merchant.4596@hdfcbank,1,3.7,0.308,13,0,0.0,0,0
upi://pay?pa=8942691532@kotak&pn=Auto%20Rickshaw%20Stand&cu=INR,8942691532@kotak,1,2.922,1.0,10,0,0.0,0,0
upi://pay?pa=sunita.devi@kotak&pn=Green%20Grocers&cu=INR&am=1800.02,sunita.devi@kotak,1,3.278,0.0,11,1,1800.02,0,0
upi://pay?pa=o1mjm31pkz8@okicici&pn=Verify%20Account&cu=INR&tn=refund,o1mjm31pkz8@okicici,1,3.096,0.364,11,0,0.0,1,1
upi://pay?pa=1337653468@ibl&pn=Cashback%20Desk&cu=INR&tn=suspend,1337653468@ibl,1,2.646,1.0,10,0,0.0,1,1
upi://pay?pa=merchant.5674@axl&pn=Auto%20Rickshaw%20Stand&cu=INR,merchant.5674@axl,1,3.7,0.308,13,0,0.0,0,0
upi://pay?pa=sunita.devi@okhdfcbank&pn=Sharma%20Kirana%20Store&cu=INR&am=4962.58,sunita.devi@okhdfcbank,1,3.278,0.0,11,1,4962.58,0,0
upi://pay?pa=amit.kumar@ybl&pn=Priya%20Singh&cu=INR&am=1236.59,amit.kumar@ybl,1,2.922,0.0,10,1,1236.59,0,0
upi://pay?pa=2364097843@oksbi&pn=Refund%20Team&cu=INR&tn=suspend,2364097843@oksbi,1,2.922,1.0,10,0,0.0,1,1
upi://pay?pa=phcnpe622@oksbi&pn=Prize%20Center&cu=INR&tn=kyc,phcnpe622@oksbi,1,2.725,0.333,9,0,0.0,1,1
upi://pay?pa=6250693623@axl&pn=Auto%20Rickshaw%20Stand&cu=INR&am=4322.89,6250693623@axl,1,2.446,1.0,10,1,4322.89,0,0
upi://pay?pa=goog1e-pay9@okhdfcbank&pn=Prize%20Center&cu=INR&tn=suspend,goog1e-pay9@okhdfcbank,1,3.096,0.182,11,0,0.0,1,1
upi://pay?pa=support49@kyc-update&pn=Cashback%20Desk&cu=INR&am=1.27,support49@kyc-update,0,2.948,0.222,9,1,1.27,0,1
upi://pay?pa=9605117440@okhdfcbank&pn=Sharma%20Kirana%20Store&cu=INR,9605117440@okhdfcbank,1,2.722,1.0,10,0,0.0,0,0
upi://pay?pa=4812152243@apl&pn=Prize%20Center&cu=INR&tn=kyc,4812152243@apl,1,2.446,1.0,10,0,0.0,1,1
upi://pay?pa=6760690592@okicici&pn=Auto%20Rickshaw%20Stand&cu=INR,6760690592@okicici,1,2.446,1.0,10,0,0.0,0,0
upi://pay?pa=goog1e-pay935@ibl&pn=Verify%20Account&cu=INR&am=3.56&tn=kyc,goog1e-pay935@ibl,1,3.393,0.308,13,1,3.56,1,1
upi://pay?pa=5375123576@okhdfcbank&pn=Verify%20Account&cu=INR&am=3.89&tn=cashback,5375123576@okhdfcbank,1,2.446,1.0,10,1,3.89,1,1
upi://pay?pa=goog1e-pay307@jio&pn=Refund%20Team&cu=INR&tn=reward,goog1e-pay307@jio,1,3.393,0.308,13,0,0.0,1,1
upi://pay?pa=kyc-team86@refund-upi&pn=Verify%20Account&cu=INR&am=2.11&tn=reward,kyc-team86@refund-upi,0,3.322,0.2,10,1,2.11,1,1
upi://pay?pa=sunita.devi@axl&pn=Sharma%20Kirana%20Store&cu=INR&am=4785.15,sunita.devi@axl,1,3.278,0.0,11,1,4785.15,0,0
upi://pay?pa=paytrn290@ibl&pn=Refund%20Team&cu=INR&tn=lottery,paytrn290@ibl,1,3.17,0.333,9,0,0.0,1,1
upi://pay?pa=merchant.2157@jio&pn=Auto%20Rickshaw%20Stand&cu=INR,merchant.2157@jio,1,3.7,0.308,13,0,0.0,0,0
upi://pay?pa=h4iw9i9nfr72hn20@okhdfcbank&pn=Verify%20Account&cu=INR&am=2.77&tn=reward,h4iw9i9nfr72hn20@okhdfcbank,1,3.375,0.438,16,1,2.77,1,1
upi://pay?pa=6997208654@okicici&pn=Sharma%20Kirana%20Store&cu=INR,6997208654@okicici,1,2.922,1.0,10,0,0.0,0,0
upi://pay?pa=7654593298@okicici&pn=Verify%20Account&cu=INR&am=1.75&tn=winner,7654593298@okicici,1,2.922,1.0,10,1,1.75,1,1
upi://pay?pa=tq82327aqff@kotak&pn=KYC%20Support&cu=INR&tn=kyc,tq82327aqff@kotak,1,2.914,0.455,11,0,0.0,1,1
upi://pay?pa=paytrn75@okhdfcbank&pn=KYC%20Support&cu=INR&am=1.02&tn=winner,paytrn75@okhdfcbank,1,3.0,0.25,8,1,1.02,1,1
upi://pay?pa=sunita.devi@jio&pn=Auto%20Rickshaw%20Stand&cu=INR,sunita.devi@jio,1,3.278,0.0,11,0,0.0,0,0
upi://pay?pa=84l9yilzr015@ybl&pn=Verify%20Account&cu=INR,84l9yilzr015@ybl,1,3.418,0.5,12,0,0.0,0,1
upi://pay?pa=9407981184@oksbi&pn=Om%20Traders&cu=INR,9407981184@oksbi,1,2.522,1.0,10,0,0.0,0,0
upi://pay?pa=dzbgqox54k@jio&pn=KYC%20Support&cu=INR&tn=winner,dzbgqox54k@jio,1,3.322,0.2,10,0,0.0,1,1
upi://pay?pa=refund22@pay-verify&pn=Verify%20Account&cu=INR&tn=suspend,refund22@pay-verify,0,2.75,0.25,8,0,0.0,1,1
upi://pay?pa=support77@pay-verify&pn=Cashback%20Desk&cu=INR&am=4.69&tn=kyc,support77@pay-verify,0,2.725,0.222,9,1,4.69,1,1
upi://pay?pa=sunita.devi@paytm&pn=Green%20Grocers&cu=INR&am=4658.03,sunita.devi@paytm,1,3.278,0.0,11,1,4658.03,0,0
upi://pay?pa=cashback55@xn--upi&pn=Prize%20Center&cu=INR,cashback55@xn--upi,0,2.722,0.2,10,0,0.0,0,1
upi://pay?pa=6768823182@ibl&pn=Rahul%20Sharma&cu=INR,6768823182@ibl,1,2.446,1.0,10,0,0.0,0,0
upi://pay?pa=cashback93@refund-upi&pn=Prize%20Center&cu=INR&tn=suspend,cashback93@refund-upi,0,2.922,0.2,10,0,0.0,1,1
upi://pay?pa=paytrn760@axl&pn=Verify%20Account&cu=INR&tn=lottery,paytrn760@axl,1,3.17,0.333,9,0,0.0,1,1
upi://pay?pa=gnpyhrfozg@okhdfcbank&pn=Refund%20Team&cu=INR&tn=cashback,gnpyhrfozg@okhdfcbank,1,3.122,0.0,10,0,0.0,1,1
upi://pay?pa=sunita.devi@upi&pn=Om%20Traders&cu=INR&am=136.4,sunita.devi@upi,1,3.278,0.0,11,1,136.4,0,0
upi://pay?pa=7117306618@kotak&pn=KYC%20Support&cu=INR&tn=refund,7117306618@kotak,1,2.446,1.0,10,0,0.0,1,1
upi://pay?pa=7178199811@idfcbank&pn=Prize%20Center&cu=INR,7178199811@idfcbank,1,1.922,1.0,10,0,0.0,0,1
upi://pay?pa=merchant.4248@ibl&pn=Auto%20Rickshaw%20Stand&cu=INR,merchant.4248@ibl,1,3.547,0.308,13,0,0.0,0,0
upi://pay?pa=amit.kumar@jio&pn=Priya%20Singh&cu=INR&am=2950.16,amit.kumar@jio,1,2.922,0.0,10,1,2950.16,0,0
upi://pay?pa=6875988791@okhdfcbank&pn=Rahul%20Sharma&cu=INR,6875988791@okhdfcbank,1,2.446,1.0,10,0,0.0,0,0
upi://pay?pa=phcnpe318@hdfcbank&pn=Prize%20Center&cu=INR&tn=cashback,phcnpe318@hdfcbank,1,2.948,0.333,9,0,0.0,1,1
upi://pay?pa=vendor.shop@paytm&pn=Green%20Grocers&cu=INR,vendor.shop@paytm,1,3.278,0.0,11,0,0.0,0,0
upi://pay?pa=7725028544@upi&pn=Verify%20Account&cu=INR,7725028544@upi,1,2.522,1.0,10,0,0.0,0,1
upi://pay?pa=kyc-team86@refund-upi&pn=Verify%20Account&cu=INR&am=1.61,kyc-team86@refund-upi,0,3.322,0.2,10,1,1.61,0,1
upi://pay?pa=150515398@kotak&pn=KYC%20Support&cu=INR&tn=refund,150515398@kotak,1,2.419,1.0,9,0,0.0,1,1
upi://pay?pa=merchant.4377@okicici&pn=Green%20Grocers&cu=INR,merchant.4377@okicici,1,3.547,0.308,13,0,0.0,0,0
upi://pay?pa=sunita.devi@idfcbank&pn=Auto%20Rickshaw%20Stand&cu=INR&am=3237.12,sunita.devi@idfcbank,1,3.278,0.0,11,1,3237.12,0,0
upi://pay?pa=support91@refund-upi&pn=Cashback%20Desk&cu=INR&tn=verify-now,support91@refund-upi,0,2.948,0.222,9,0,0.0,1,1
upi://pay?pa=mjxmikwmvw9@ybl&pn=Cashback%20Desk&cu=INR&tn=refund,mjxmikwmvw9@ybl,1,2.845,0.091,11,0,0.0,1,1
upi://pay?pa=support96@pay-verify&pn=Verify%20Account&cu=INR&am=2.29&tn=urgent,support96@pay-verify,0,2.948,0.222,9,1,2.29,1,1
upi://pay?pa=rahul.sharma@idfcbank&pn=Sharma%20Kirana%20Store&cu=INR,rahul.sharma@idfcbank,1,2.855,0.0,12,0,0.0,0,0
upi://pay?pa=5974999707@jio&pn=Refund%20Team&cu=INR&tn=cashback,5974999707@jio,1,2.046,1.0,10,0,0.0,1,1
upi://pay?pa=3426467841@okaxis&pn=Verify%20Account&cu=INR&tn=verify-now,3426467841@okaxis,1,2.646,1.0,10,0,0.0,1,1
upi://pay?pa=merchant.6425@jio&pn=Auto%20Rickshaw%20Stand&cu=INR,merchant.6425@jio,1,3.7,0.308,13,0,0.0,0,0
upi://pay?pa=amit.kumar@hdfcbank&pn=Priya%20Singh&cu=INR,amit.kumar@hdfcbank,1,2.922,0.0,10,0,0.0,0,0
upi://pay?pa=kyc-team92@refund-upi&pn=Refund%20Team&cu=INR&am=4.83&tn=blocked,kyc-team92@refund-upi,0,3.322,0.2,10,1,4.83,1,1
upi://pay?pa=9358058432@upi&pn=Priya%20Singh&cu=INR,9358058432@upi,1,2.722,1.0,10,0,0.0,0,0
upi://pay?pa=goog1e-pay582@axl&pn=KYC%20Support&cu=INR&tn=lottery,goog1e-pay582@axl,1,3.393,0.308,13,0,0.0,1,1
upi://pay?pa=6962163813@okaxis&pn=Priya%20Singh&cu=INR,6962163813@okaxis,1,2.446,1.0,10,0,0.0,0,0
upi://pay?pa=paytrn35@okaxis&pn=Prize%20Center&cu=INR&am=4.86&tn=verify-now,paytrn35@okaxis,1,3.0,0.25,8,1,4.86,1,1
upi://pay?pa=cashback17@xn--upi&pn=Prize%20Center&cu=INR&am=1.02&tn=urgent,cashback17@xn--upi,0,2.922,0.2,10,1,1.02,1,1
upi://pay?pa=7493946566@upi&pn=Auto%20Rickshaw%20Stand&cu=INR&am=819.58,7493946566@upi,1,2.446,1.0,10,1,819.58,0,0
upi://pay?pa=8513450309@hdfcbank&pn=Auto%20Rickshaw%20Stand&cu=INR&am=2480.62,8513450309@hdfcbank,1,2.722,1.0,10,1,2480.62,0,0
upi://pay?pa=sunita.devi@hdfcbank&pn=Rahul%20Sharma&cu=INR,sunita.devi@hdfcbank,1,3.278,0.0,11,0,0.0,0,0
upi://pay?pa=paytrn514@axl&pn=Prize%20Center&cu=INR&tn=suspend,paytrn514@axl,1,3.17,0.333,9,0,0.0,1,1
upi://pay?pa=refund90@pay-verify&pn=KYC%20Support&cu=INR&tn=winner,refund90@pay-verify,0,3.0,0.25,8,0,0.0,1,1
upi://pay?pa=sunita.devi@ibl&pn=Om%20Traders&cu=INR&am=4341.94,sunita.devi@ibl,1,3.278,0.0,11,1,4341.94,0,0
upi://pay?pa=8111488438@hdfcbank&pn=Priya%20Singh&cu=INR,8111488438@hdfcbank,1,1.846,1.0,10,0,0.0,0,0
upi://pay?pa=merchant.539@okicici&pn=City%20Cafe&cu=INR,merchant.539@okicici,1,3.585,0.25,12,0,0.0,0,0
upi://pay?pa=3350661617@ybl&pn=Refund%20Team&cu=INR&tn=blocked,3350661617@ybl,1,2.446,1.0,10,0,0.0,1,1
upi://pay?pa=merchant.7345@hdfcbank&pn=Green%20Grocers&cu=INR,merchant.7345@hdfcbank,1,3.7,0.308,13,0,0.0,0,0
upi://pay?pa=d4sijzv07e@jio&pn=Prize%20Center&cu=INR&tn=refund,d4sijzv07e@jio,1,3.322,0.3,10,0,0.0,1,1
upi://pay?pa=1109533294@ibl&pn=Cashback%20Desk&cu=INR&tn=urgent,1109533294@ibl,1,2.722,1.0,10,0,0.0,1,1
upi://pay?pa=8334182468@ibl&pn=Rahul%20Sharma&cu=INR,8334182468@ibl,1,2.446,1.0,10,0,0.0,0,0
upi://pay?pa=ao1l9nypu87h0@axl&pn=KYC%20Support&cu=INR&am=2.6&tn=refund,ao1l9nypu87h0@axl,1,3.7,0.385,13,1,2.6,1,1
upi://pay?pa=sunita.devi@okicici&pn=Auto%20Rickshaw%20Stand&cu=INR,sunita.devi@okicici,1,3.278,0.0,11,0,0.0,0,0
upi://pay?pa=6011733978@axl&pn=Sharma%20Kirana%20Store&cu=INR,6011733978@axl,1,2.722,1.0,10,0,0.0,0,0
upi://pay?pa=sunita.devi@upi&pn=Om%20Traders&cu=INR&am=1240.33,sunita.devi@upi,1,3.278,0.0,11,1,1240.33,0,0
upi://pay?pa=goog1e-pay501@kotak&pn=Cashback%20Desk&cu=INR&am=3.53,goog1e-pay501@kotak,1,3.239,0.308,13,1,3.53,0,1
upi://pay?pa=3026062048@idfcbank&pn=Refund%20Team&cu=INR&tn=blocked,3026062048@idfcbank,1,2.446,1.0,10,0,0.0,1,1
upi://pay?pa=p1ktlvihn20bwd7@jio&pn=Prize%20Center&cu=INR&tn=lottery,p1ktlvihn20bwd7@jio,1,3.907,0.267,15,0,0.0,1,1
upi://pay?pa=goog1e-pay73@ybl&pn=Verify%20Account&cu=INR&tn=verify-now,goog1e-pay73@ybl,1,3.252,0.25,12,0,0.0,1,1
upi://pay?pa=jtqejppttxwgcuu@hdfcbank&pn=Refund%20Team&cu=INR&tn=kyc,jtqejppttxwgcuu@hdfcbank,1,3.19,0.0,15,0,0.0,1,1
upi://pay?pa=paytrn204@paytm&pn=Verify%20Account&cu=INR&tn=reward,paytrn204@paytm,1,3.17,0.333,9,0,0.0,1,1
upi://pay?pa=refund63@pay-verify&pn=Verify%20Account&cu=INR&tn=urgent,refund63@pay-verify,0,3.0,0.25,8,0,0.0,1,1
upi://pay?pa=amit.kumar@okhdfcbank&pn=Green%20Grocers&cu=INR&am=3172.72,amit.kumar@okhdfcbank,1,2.922,0.0,10,1,3172.72,0,0
upi://pay?pa=9497080404@okhdfcbank&pn=Rahul%20Sharma&cu=INR,9497080404@okhdfcbank,1,2.171,1.0,10,0,0.0,0,0
upi://pay?pa=merchant.5369@apl&pn=Om%20Traders&cu=INR,merchant.5369@apl,1,3.7,0.308,13,0,0.0,0,0
upi://pay?pa=priya123@apl&pn=Green%20Grocers&cu=INR,priya123@apl,1,3.0,0.375,8,0,0.0,0,0
upi://pay?pa=paytrn102@okaxis&pn=Prize%20Center&cu=INR&tn=refund,paytrn102@okaxis,1,3.17,0.333,9,0,0.0,1,1
upi://pay?pa=merchant.3633@oksbi&pn=Rahul%20Sharma&cu=INR&am=4441.27,merchant.3633@oksbi,1,3.335,0.308,13,1,4441.27,0,0
upi://pay?pa=merchant.2880@axl&pn=Priya%20Singh&cu=INR,merchant.2880@axl,1,3.547,0.308,13,0,0.0,0,0
upi://pay?pa=7775021744@jio&pn=City%20Cafe&cu=INR,7775021744@jio,1,2.322,1.0,10,0,0.0,0,0
upi://pay?pa=priya123@apl&pn=Sharma%20Kirana%20Store&cu=INR,priya123@apl,1,3.0,0.375,8,0,0.0,0,0
upi://pay?pa=8774110439@ybl&pn=Sharma%20Kirana%20Store&cu=INR,8774110439@ybl,1,2.722,1.0,10,0,0.0,0,0
upi://pay?pa=priya123@jio&pn=Om%20Traders&cu=INR,priya123@jio,1,3.0,0.375,8,0,0.0,0,0
upi://pay?pa=7328367510@apl&pn=Rahul%20Sharma&cu=INR,7328367510@apl,1,2.922,1.0,10,0,0.0,0,0
upi://pay?pa=sunita.devi@idfcbank&pn=Rahul%20Sharma&cu=INR,sunita.devi@idfcbank,1,3.278,0.0,11,0,0.0,0,0
upi://pay?pa=merchant.3912@okaxis&pn=Sharma%20Kirana%20Store&cu=INR,merchant.3912@okaxis,1,3.7,0.308,13,0,0.0,0,0
upi://pay?pa=goog1e-pay916@upi&pn=Refund%20Team&cu=INR,goog1e-pay916@upi,1,3.239,0.308,13,0,0.0,0,1
upi://pay?pa=paytrn469@okhdfcbank&pn=Prize%20Center&cu=INR&am=2.36&tn=kyc,paytrn469@okhdfcbank,1,3.17,0.333,9,1,2.36,1,1
upi://pay?pa=goog1e-pay468@ybl&pn=Prize%20Center&cu=INR&tn=reward,goog1e-pay468@ybl,1,3.393,0.308,13,0,0.0,1,1
upi://pay?pa=8730652275@hdfcbank&pn=Refund%20Team&cu=INR&tn=suspend,8730652275@hdfcbank,1,2.722,1.0,10,0,0.0,1,1
upi://pay?pa=support93@xn--upi&pn=Refund%20Team&cu=INR&tn=blocked,support93@xn--upi,0,2.948,0.222,9,0,0.0,1,1
upi://pay?pa=amit.kumar@kotak&pn=Priya%20Singh&cu=INR,amit.kumar@kotak,1,2.922,0.0,10,0,0.0,0,0
upi://pay?pa=rmk4af077gy3fy@hdfcbank&pn=KYC%20Support&cu=INR&am=2.95,rmk4af077gy3fy@hdfcbank,1,3.379,0.357,14,1,2.95,0,1
upi://pay?pa=6431466728@okhdfcbank&pn=Sharma%20Kirana%20Store&cu=INR&am=1436.56,6431466728@okhdfcbank,1,2.646,1.0,10,1,1436.56,0,0
upi://pay?pa=cashback50@pay-verify&pn=Prize%20Center&cu=INR&tn=kyc,cashback50@pay-verify,0,2.922,0.2,10,0,0.0,1,1
upi://pay?pa=719127469@axl&pn=Prize%20Center&cu=INR&am=1.65&tn=refund,719127469@axl,1,2.503,1.0,9,1,1.65,1,1
upi://pay?pa=merchant.5484@okhdfcbank&pn=Auto%20Rickshaw%20Stand&cu=INR&am=4474.75,merchant.5484@okhdfcbank,1,3.547,0.308,13,1,4474.75,0,0
upi://pay?pa=refund84@xn--upi&pn=KYC%20Support&cu=INR&am=4.52,refund84@xn--upi,0,3.0,0.25,8,1,4.52,0,1
upi://pay?pa=vendor.shop@oksbi&pn=Green%20Grocers&cu=INR,vendor.shop@oksbi,1,3.278,0.0,11,0,0.0,0,0
upi://pay?pa=merchant.9160@okicici&pn=Auto%20Rickshaw%20Stand&cu=INR&am=4644.21,merchant.9160@okicici,1,3.7,0.308,13,1,4644.21,0,0
upi://pay?pa=9805929053@axl&pn=Rahul%20Sharma&cu=INR&am=2886.84,9805929053@axl,1,2.446,1.0,10,1,2886.84,0,0
upi://pay?pa=rahul.sharma@okhdfcbank&pn=Rahul%20Sharma&cu=INR,rahul.sharma@okhdfcbank,1,2.855,0.0,12,0,0.0,0,0
upi://pay?pa=9211133477@upi&pn=Sharma%20Kirana%20Store&cu=INR&am=718.54,9211133477@upi,1,2.446,1.0,10,1,718.54,0,0
upi://pay?pa=zpgyboa763bupg@paytm&pn=Cashback%20Desk&cu=INR&tn=cashback,zpgyboa763bupg@paytm,1,3.379,0.214,14,0,0.0,1,1
upi://pay?pa=goog1e-pay157@oksbi&pn=KYC%20Support&cu=INR&am=1.35&tn=urgent,goog1e-pay157@oksbi,1,3.239,0.308,13,1,1.35,1,1
upi://pay?pa=merchant.7408@okicici&pn=Rahul%20Sharma&cu=INR,merchant.7408@okicici,1,3.7,0.308,13,0,0.0,0,0
upi://pay?pa=support47@pay-verify&pn=Refund%20Team&cu=INR&tn=lottery,support47@pay-verify,0,2.948,0.222,9,0,0.0,1,1
upi://pay?pa=paytrn819@hdfcbank&pn=Verify%20Account&cu=INR&tn=cashback,paytrn819@hdfcbank,1,3.17,0.333,9,0,0.0,1,1
upi://pay?pa=merchant.8602@apl&pn=Priya%20Singh&cu=INR,merchant.8602@apl,1,3.7,0.308,13,0,0.0,0,0
upi://pay?pa=7288646591@ybl&pn=Verify%20Account&cu=INR&am=2.26&tn=kyc,7288646591@ybl,1,2.922,1.0,10,1,2.26,1,1
upi://pay?pa=merchant.1463@kotak&pn=Sharma%20Kirana%20Store&cu=INR,merchant.1463@kotak,1,3.7,0.308,13,0,0.0,0,0
upi://pay?pa=kyc-team33@xn--upi&pn=Verify%20Account&cu=INR&tn=kyc,kyc-team33@xn--upi,0,3.122,0.2,10,0,0.0,1,1
upi://pay?pa=amit.kumar@ybl&pn=Om%20Traders&cu=INR&am=359.69,amit.kumar@ybl,1,2.922,0.0,10,1,359.69,0,0
upi://pay?pa=6910816645@axl&pn=City%20Cafe&cu=INR,6910816645@axl,1,2.646,1.0,10,0,0.0,0,0
upi://pay?pa=9033730286@hdfcbank&pn=Prize%20Center&cu=INR&tn=urgent,9033730286@hdfcbank,1,2.646,1.0,10,0,0.0,1,1
upi://pay?pa=refund19@secure-pay&pn=Cashback%20Desk&cu=INR,refund19@secure-pay,0,3.0,0.25,8,0,0.0,0,1
upi://pay?pa=merchant.9968@hdfcbank&pn=Sharma%20Kirana%20Store&cu=INR&am=3176.76,merchant.9968@hdfcbank,1,3.547,0.308,13,1,3176.76,0,0
upi://pay?pa=6386902139@okhdfcbank&pn=Priya%20Singh&cu=INR&am=2568.29,6386902139@okhdfcbank,1,2.722,1.0,10,1,2568.29,0,0
upi://pay?pa=merchant.9084@oksbi&pn=Om%20Traders&cu=INR&am=348.48,merchant.9084@oksbi,1,3.7,0.308,13,1,348.48,0,0
upi://pay?pa=sunita.devi@apl&pn=Om%20Traders&cu=INR,sunita.devi@apl,1,3.278,0.0,11,0,0.0,0,0
upi://pay?pa=amit.kumar@ibl&pn=Priya%20Singh&cu=INR,amit.kumar@ibl,1,2.922,0.0,10,0,0.0,0,0
upi://pay?pa=goog1e-pay305@idfcbank&pn=Refund%20Team&cu=INR&tn=lottery,goog1e-pay305@idfcbank,1,3.393,0.308,13,0,0.0,1,1
upi://pay?pa=vendor.shop@axl&pn=Auto%20Rickshaw%20Stand&cu=INR,vendor.shop@axl,1,3.278,0.0,11,0,0.0,0,0
upi://pay?pa=merchant.2949@paytm&pn=Om%20Traders&cu=INR,merchant.2949@paytm,1,3.547,0.308,13,0,0.0,0,0
upi://pay?pa=8310342450@okaxis&pn=Verify%20Account&cu=INR&tn=verify-now,8310342450@okaxis,1,2.722,1.0,10,0,0.0,1,1
upi://pay?pa=vendor.shop@okaxis&pn=Rahul%20Sharma&cu=INR,vendor.shop@okaxis,1,3.278,0.0,11,0,0.0,0,0
upi://pay?pa=refund14@secure-pay&pn=Prize%20Center&cu=INR&am=2.31&tn=kyc,refund14@secure-pay,0,3.0,0.25,8,1,2.31,1,1
upi://pay?pa=support36@xn--upi&pn=Verify%20Account&cu=INR&am=2.8&tn=lottery,support36@xn--upi,0,2.948,0.222,9,1,2.8,1,1
upi://pay?pa=merchant.6565@paytm&pn=Rahul%20Sharma&cu=INR&am=2911.7,merchant.6565@paytm,1,3.393,0.308,13,1,2911.7,0,0
upi://pay?pa=154262821@upi&pn=KYC%20Support&cu=INR&tn=cashback,154262821@upi,1,2.419,1.0,9,0,0.0,1,1
upi://pay?pa=merchant.2772@paytm&pn=Auto%20Rickshaw%20Stand&cu=INR,merchant.2772@paytm,1,3.393,0.308,13,0,0.0,0,0
upi://pay?pa=3902531804@ybl&pn=Prize%20Center&cu=INR&tn=suspend,3902531804@ybl,1,2.922,1.0,10,0,0.0,1,1
upi://pay?pa=refund48@refund-upi&pn=Refund%20Team&cu=INR&tn=cashback,refund48@refund-upi,0,3.0,0.25,8,0,0.0,1,1
upi://pay?pa=7676329121@upi&pn=Auto%20Rickshaw%20Stand&cu=INR,7676329121@upi,1,2.522,1.0,10,0,0.0,0,0
upi://pay?pa=merchant.6497@okaxis&pn=Priya%20Singh&cu=INR&am=2361.27,merchant.6497@okaxis,1,3.7,0.308,13,1,2361.27,0,0
upi://pay?pa=7431363517@hdfcbank&pn=Cashback%20Desk&cu=INR&tn=urgent,7431363517@hdfcbank,1,2.446,1.0,10,0,0.0,1,1
upi://pay?pa=phcnpe104@hdfcbank&pn=Cashback%20Desk&cu=INR&tn=urgent,phcnpe104@hdfcbank,1,2.948,0.333,9,0,0.0,1,1
upi://pay?pa=9837193818@okicici&pn=Prize%20Center&cu=INR&am=2.46&tn=suspend,9837193818@okicici,1,2.246,1.0,10,1,2.46,1,1
upi://pay?pa=m1kbw6giokoqs8@oksbi&pn=Verify%20Account&cu=INR&tn=reward,m1kbw6giokoqs8@oksbi,1,3.522,0.214,14,0,0.0,1,1
upi://pay?pa=3719547538@idfcbank&pn=Refund%20Team&cu=INR&tn=winner,3719547538@idfcbank,1,2.722,1.0,10,0,0.0,1,1
upi://pay?pa=goog1e-pay525@ybl&pn=Cashback%20Desk&cu=INR&tn=blocked,goog1e-pay525@ybl,1,3.239,0.308,13,0,0.0,1,1
upi://pay?pa=6120890371@okaxis&pn=Green%20Grocers&cu=INR,6120890371@okaxis,1,2.922,1.0,10,0,0.0,0,0
upi://pay?pa=8644397474@oksbi&pn=Auto%20Rickshaw%20Stand&cu=INR,8644397474@oksbi,1,2.322,1.0,10,0,0.0,0,0
upi://pay?pa=goog1e-pay814@okicici&pn=KYC%20Support&cu=INR&am=3.67&tn=winner,goog1e-pay814@okicici,1,3.239,0.308,13,1,3.67,1,1
upi://pay?pa=goog1e-pay96@okhdfcbank&pn=Refund%20Team&cu=INR&tn=kyc,goog1e-pay96@okhdfcbank,1,3.252,0.25,12,0,0.0,1,1
upi://pay?pa=6236701348@axl&pn=Prize%20Center&cu=INR&am=2.84&tn=kyc,6236701348@axl,1,2.922,1.0,10,1,2.84,1,1
upi://pay?pa=merchant.3288@okhdfcbank&pn=City%20Cafe&cu=INR,merchant.3288@okhdfcbank,1,3.547,0.308,13,0,0.0,0,0
upi://pay?pa=8901796894@paytm&pn=City%20Cafe&cu=INR&am=2565.65,8901796894@paytm,1,2.646,1.0,10,1,2565.65,0,0
upi://pay?pa=merchant.5243@idfcbank&pn=Priya%20Singh&cu=INR,merchant.5243@idfcbank,1,3.7,0.308,13,0,0.0,0,0
upi://pay?pa=goog1e-pay542@idfcbank&pn=Prize%20Center&cu=INR&tn=urgent,goog1e-pay542@idfcbank,1,3.393,0.308,13,0,0.0,1,1
upi://pay?pa=isuvyk28f7k@hdfcbank&pn=KYC%20Support&cu=INR&am=2.43&tn=urgent,isuvyk28f7k@hdfcbank,1,3.278,0.273,11,1,2.43,1,1
upi://pay?pa=8689293124@upi&pn=Prize%20Center&cu=INR&tn=cashback,8689293124@upi,1,2.722,1.0,10,0,0.0,1,1
upi://pay?pa=6872987473@hdfcbank&pn=Verify%20Account&cu=INR&am=2.69&tn=blocked,6872987473@hdfcbank,1,2.646,1.0,10,1,2.69,1,1
upi://pay?pa=cashback10@xn--upi&pn=Verify%20Account&cu=INR&tn=blocked,cashback10@xn--upi,0,2.922,0.2,10,0,0.0,1,1
upi://pay?pa=merchant.5109@idfcbank&pn=Auto%20Rickshaw%20Stand&cu=INR,merchant.5109@idfcbank,1,3.7,0.308,13,0,0.0,0,0
upi://pay?pa=4449721359@apl&pn=Verify%20Account&cu=INR&tn=reward,4449721359@apl,1,2.646,1.0,10,0,0.0,1,1
upi://pay?pa=aardqv9k6l7j4v9@oksbi&pn=Cashback%20Desk&cu=INR&tn=urgent,aardqv9k6l7j4v9@oksbi,1,3.507,0.333,15,0,0.0,1,1
upi://pay?pa=amit.kumar@axl&pn=Priya%20Singh&cu=INR,amit.kumar@axl,1,2.922,0.0,10,0,0.0,0,0
upi://pay?pa=merchant.8347@upi&pn=Sharma%20Kirana%20Store&cu=INR&am=3005.85,merchant.8347@upi,1,3.7,0.308,13,1,3005.85,0,0
upi://pay?pa=8292907935@ibl&pn=Refund%20Team&cu=INR&tn=verify-now,8292907935@ibl,1,2.646,1.0,10,0,0.0,1,1
upi://pay?pa=support85@xn--upi&pn=Refund%20Team&cu=INR&tn=blocked,support85@xn--upi,0,2.948,0.222,9,0,0.0,1,1
upi://pay?pa=7488672155@jio&pn=Cashback%20Desk&cu=INR&tn=urgent,7488672155@jio,1,2.722,1.0,10,0,0.0,1,1
upi://pay?pa=7337688858@axl&pn=Rahul%20Sharma&cu=INR,7337688858@axl,1,2.122,1.0,10,0,0.0,0,0
upi://pay?pa=sunita.devi@ybl&pn=Rahul%20Sharma&cu=INR,sunita.devi@ybl,1,3.278,0.0,11,0,0.0,0,0
upi://pay?pa=kyc-team98@xn--upi&pn=Prize%20Center&cu=INR&tn=reward,kyc-team98@xn--upi,0,3.322,0.2,10,0,0.0,1,1
upi://pay?pa=rahul.sharma@okicici&pn=Sharma%20Kirana%20Store&cu=INR,rahul.sharma@okicici,1,2.855,0.0,12,0,0.0,0,0
upi://pay?pa=7349891418@kotak&pn=Sharma%20Kirana%20Store&cu=INR&am=214.93,7349891418@kotak,1,2.522,1.0,10,1,214.93,0,0
upi://pay?pa=paytrn505@ybl&pn=Prize%20Center&cu=INR&tn=winner,paytrn505@ybl,1,2.948,0.333,9,0,0.0,1,1
upi://pay?pa=cashback91@kyc-update&pn=Cashback%20Desk&cu=INR&tn=winner,cashback91@kyc-update,0,2.922,0.2,10,0,0.0,1,1
upi://pay?pa=388531651@upi&pn=Refund%20Team&cu=INR,388531651@upi,1,2.281,1.0,9,0,0.0,0,1
upi://pay?pa=cashback35@refund-upi&pn=KYC%20Support&cu=INR,cashback35@refund-upi,0,2.922,0.2,10,0,0.0,0,1
upi://pay?pa=8558627008@apl&pn=Cashback%20Desk&cu=INR&am=3.85&tn=verify-now,8558627008@apl,1,2.446,1.0,10,1,3.85,1,1
upi://pay?pa=6454751828@paytm&pn=Cashback%20Desk&cu=INR&tn=reward,6454751828@paytm,1,2.722,1.0,10,0,0.0,1,1
upi://pay?pa=priya123@ibl&pn=City%20Cafe&cu=INR,priya123@ibl,1,3.0,0.375,8,0,0.0,0,0
upi://pay?pa=dsmiqacaaff0g@axl&pn=Verify%20Account&cu=INR&am=4.32&tn=kyc,dsmiqacaaff0g@axl,1,3.181,0.077,13,1,4.32,1,1
upi://pay?pa=amit.kumar@okaxis&pn=Auto%20Rickshaw%20Stand&cu=INR,amit.kumar@okaxis,1,2.922,0.0,10,0,0.0,0,0
upi://pay?pa=support39@xn--upi&pn=Verify%20Account&cu=INR&tn=cashback,support39@xn--upi,0,2.948,0.222,9,0,0.0,1,1
upi://pay?pa=merchant.2046@ybl&pn=Om%20Traders&cu=INR,merchant.2046@ybl,1,3.7,0.308,13,0,0.0,0,0
upi://pay?pa=merchant.4040@apl&pn=Green%20Grocers&cu=INR,merchant.4040@apl,1,3.393,0.308,13,0,0.0,0,0
upi://pay?pa=6344646146@jio&pn=Auto%20Rickshaw%20Stand&cu=INR,6344646146@jio,1,1.722,1.0,10,0,0.0,0,0
upi://pay?pa=refund63@kyc-update&pn=Cashback%20Desk&cu=INR&am=3.78&tn=cashback,refund63@kyc-update,0,3.0,0.25,8,1,3.78,1,1
upi://pay?pa=vendor.shop@hdfcbank&pn=Green%20Grocers&cu=INR&am=2037.57,vendor.shop@hdfcbank,1,3.278,0.0,11,1,2037.57,0,0
upi://pay?pa=fogevokqy9fl@upi&pn=Prize%20Center&cu=INR&tn=blocked,fogevokqy9fl@upi,1,3.252,0.083,12,0,0.0,1,1
upi://pay?pa=xdyq8d7wgxxas@okicici&pn=Prize%20Center&cu=INR&tn=cashback,xdyq8d7wgxxas@okicici,1,3.181,0.154,13,0,0.0,1,1
upi://pay?pa=merchant.8290@okhdfcbank&pn=Green%20Grocers&cu=INR&am=4752.48,merchant.8290@okhdfcbank,1,3.7,0.308,13,1,4752.48,0,0
upi://pay?pa=refund14@refund-upi&pn=Cashback%20Desk&cu=INR&tn=winner,refund14@refund-upi,0,3.0,0.25,8,0,0.0,1,1
upi://pay?pa=phcnpe222@hdfcbank&pn=Prize%20Center&cu=INR&am=1.2&tn=kyc,phcnpe222@hdfcbank,1,2.419,0.333,9,1,1.2,1,1
upi://pay?pa=goog1e-pay232@hdfcbank&pn=Cashback%20Desk&cu=INR&am=4.97,goog1e-pay232@hdfcbank,1,3.239,0.308,13,1,4.97,0,1
upi://pay?pa=merchant.4875@idfcbank&pn=Rahul%20Sharma&cu=INR&am=1250.2,merchant.4875@idfcbank,1,3.7,0.308,13,1,1250.2,0,0
upi://pay?pa=9216944250@okhdfcbank&pn=Priya%20Singh&cu=INR,9216944250@okhdfcbank,1,2.722,1.0,10,0,0.0,0,0
upi://pay?pa=merchant.6726@hdfcbank&pn=Priya%20Singh&cu=INR,merchant.6726@hdfcbank,1,3.547,0.308,13,0,0.0,0,0
upi://pay?pa=merchant.2744@upi&pn=Sharma%20Kirana%20Store&cu=INR,merchant.2744@upi,1,3.547,0.308,13,0,0.0,0,0
upi://pay?pa=goog1e-pay1@ybl&pn=Prize%20Center&cu=INR&tn=urgent,goog1e-pay1@ybl,1,2.914,0.182,11,0,0.0,1,1
upi://pay?pa=131bnmpmxjore@ibl&pn=Verify%20Account&cu=INR&am=1.8&tn=verify-now,131bnmpmxjore@ibl,1,3.393,0.231,13,1,1.8,1,1
upi://pay?pa=6606845456@kotak&pn=Priya%20Singh&cu=INR,6606845456@kotak,1,2.122,1.0,10,0,0.0,0,0
upi://pay?pa=vendor.shop@okaxis&pn=Sharma%20Kirana%20Store&cu=INR,vendor.shop@okaxis,1,3.278,0.0,11,0,0.0,0,0
upi://pay?pa=7583260877@oksbi&pn=Om%20Traders&cu=INR,7583260877@oksbi,1,2.646,1.0,10,0,0.0,0,0
upi://pay?pa=paytrn255@hdfcbank&pn=Verify%20Account&cu=INR&tn=cashback,paytrn255@hdfcbank,1,2.948,0.333,9,0,0.0,1,1
upi://pay?pa=8380313898@kotak&pn=Om%20Traders&cu=INR&am=3040.77,8380313898@kotak,1,2.046,1.0,10,1,3040.77,0,0
upi://pay?pa=8303015404@apl&pn=Priya%20Singh&cu=INR,8303015404@apl,1,2.446,1.0,10,0,0.0,0,0
upi://pay?pa=support45@kyc-update&pn=Verify%20Account&cu=INR&tn=cashback,support45@kyc-update,0,2.948,0.222,9,0,0.0,1,1
upi://pay?pa=rahul.sharma@oksbi&pn=Rahul%20Sharma&cu=INR,rahul.sharma@oksbi,1,2.855,0.0,12,0,0.0,0,0
upi://pay?pa=7394378770@apl&pn=Priya%20Singh&cu=INR&am=1871.16,7394378770@apl,1,2.322,1.0,10,1,1871.16,0,0
upi://pay?pa=6477210657@okhdfcbank&pn=Priya%20Singh&cu=INR,6477210657@okhdfcbank,1,2.646,1.0,10,0,0.0,0,0
upi://pay?pa=cashback75@kyc-update&pn=KYC%20Support&cu=INR&tn=lottery,cashback75@kyc-update,0,2.922,0.2,10,0,0.0,1,1
upi://pay?pa=phcnpe137@hdfcbank&pn=Cashback%20Desk&cu=INR&tn=cashback,phcnpe137@hdfcbank,1,2.948,0.333,9,0,0.0,1,1
upi://pay?pa=phcnpe823@ybl&pn=Verify%20Account&cu=INR&tn=blocked,phcnpe823@ybl,1,2.948,0.333,9,0,0.0,1,1
upi://pay?pa=cashback73@xn--upi&pn=KYC%20Support&cu=INR&am=1.45&tn=verify-now,cashback73@xn--upi,0,2.922,0.2,10,1,1.45,1,1
upi://pay?pa=9290251231@ibl&pn=KYC%20Support&cu=INR&tn=blocked,9290251231@ibl,1,2.446,1.0,10,0,0.0,1,1
upi://pay?pa=merchant.2266@ibl&pn=Green%20Grocers&cu=INR,merchant.2266@ibl,1,3.393,0.308,13,0,0.0,0,0
upi://pay?pa=6914363767@okicici&pn=KYC%20Support&cu=INR&tn=cashback,6914363767@okicici,1,2.446,1.0,10,0,0.0,1,1
upi://pay?pa=merchant.9745@okicici&pn=Priya%20Singh&cu=INR,merchant.9745@okicici,1,3.7,0.308,13,0,0.0,0,0
upi://pay?pa=merchant.8576@kotak&pn=Sharma%20Kirana%20Store&cu=INR,merchant.8576@kotak,1,3.7,0.308,13,0,0.0,0,0
upi://pay?pa=7970319532@ibl&pn=Sharma%20Kirana%20Store&cu=INR,7970319532@ibl,1,2.722,1.0,10,0,0.0,0,0
upi://pay?pa=cashback24@xn--upi&pn=Verify%20Account&cu=INR&tn=suspend,cashback24@xn--upi,0,2.922,0.2,10,0,0.0,1,1
upi://pay?pa=8639721259@okaxis&pn=KYC%20Support&cu=INR&am=2.46&tn=verify-now,8639721259@okaxis,1,2.922,1.0,10,1,2.46,1,1
upi://pay?pa=vendor.shop@okicici&pn=City%20Cafe&cu=INR&am=4395.75,vendor.shop@okicici,1,3.278,0.0,11,1,4395.75,0,0
upi://pay?pa=goog1e-pay242@oksbi&pn=KYC%20Support&cu=INR&tn=lottery,goog1e-pay242@oksbi,1,3.239,0.308,13,0,0.0,1,1
upi://pay?pa=rahul.sharma@ybl&pn=Rahul%20Sharma&cu=INR&am=4958.54,rahul.sharma@ybl,1,2.855,0.0,12,1,4958.54,0,0
upi://pay?pa=vtfhakrowx4k@ybl&pn=Prize%20Center&cu=INR&tn=reward,vtfhakrowx4k@ybl,1,3.418,0.083,12,0,0.0,1,1
upi://pay?pa=9369432855@upi&pn=Auto%20Rickshaw%20Stand&cu=INR,9369432855@upi,1,2.722,1.0,10,0,0.0,0,0
upi://pay?pa=rahul.sharma@oksbi&pn=Om%20Traders&cu=INR&am=3214.22,rahul.sharma@oksbi,1,2.855,0.0,12,1,3214.22,0,0
upi://pay?pa=9295809841@jio&pn=Cashback%20Desk&cu=INR&am=1.26&tn=lottery,9295809841@jio,1,2.646,1.0,10,1,1.26,1,1
upi://pay?pa=9843677566@apl&pn=Auto%20Rickshaw%20Stand&cu=INR,9843677566@apl,1,2.646,1.0,10,0,0.0,0,0
upi://pay?pa=merchant.9805@okicici&pn=Om%20Traders&cu=INR,merchant.9805@okicici,1,3.7,0.308,13,0,0.0,0,0
upi://pay?pa=7557395597@paytm&pn=Prize%20Center&cu=INR&tn=lottery,7557395597@paytm,1,1.846,1.0,10,0,0.0,1,1
upi://pay?pa=sunita.devi@upi&pn=Priya%20Singh&cu=INR,sunita.devi@upi,1,3.278,0.0,11,0,0.0,0,0
upi://pay?pa=merchant.7757@idfcbank&pn=Green%20Grocers&cu=INR&am=3468.22,merchant.7757@idfcbank,1,3.335,0.308,13,1,3468.22,0,0
upi://pay?pa=priya123@okaxis&pn=Rahul%20Sharma&cu=INR,priya123@okaxis,1,3.0,0.375,8,0,0.0,0,0
upi://pay?pa=goog1e-pay952@oksbi&pn=Prize%20Center&cu=INR&tn=suspend,goog1e-pay952@oksbi,1,3.393,0.308,13,0,0.0,1,1
upi://pay?pa=refund41@secure-pay&pn=KYC%20Support&cu=INR&am=4.19&tn=lottery,refund41@secure-pay,0,3.0,0.25,8,1,4.19,1,1
upi://pay?pa=support89@refund-upi&pn=Verify%20Account&cu=INR&tn=urgent,support89@refund-upi,0,2.948,0.222,9,0,0.0,1,1
upi://pay?pa=kyc-team19@refund-upi&pn=Prize%20Center&cu=INR&tn=reward,kyc-team19@refund-upi,0,3.322,0.2,10,0,0.0,1,1
upi://pay?pa=6661420341@jio&pn=Priya%20Singh&cu=INR,6661420341@jio,1,2.446,1.0,10,0,0.0,0,0
upi://pay?pa=merchant.7115@ibl&pn=City%20Cafe&cu=INR,merchant.7115@ibl,1,3.547,0.308,13,0,0.0,0,0
upi://pay?pa=amit.kumar@okaxis&pn=Priya%20Singh&cu=INR&am=649.76,amit.kumar@okaxis,1,2.922,0.0,10,1,649.76,0,0
upi://pay?pa=21unc7wwg08q@upi&pn=Refund%20Team&cu=INR&am=4.64&tn=winner,21unc7wwg08q@upi,1,3.418,0.417,12,1,4.64,1,1
upi://pay?pa=support82@xn--upi&pn=Refund%20Team&cu=INR&tn=kyc,support82@xn--upi,0,2.948,0.222,9,0,0.0,1,1
upi://pay?pa=vendor.shop@okhdfcbank&pn=Auto%20Rickshaw%20Stand&cu=INR,vendor.shop@okhdfcbank,1,3.278,0.0,11,0,0.0,0,0
upi://pay?pa=6858440538@apl&pn=Om%20Traders&cu=INR,6858440538@apl,1,2.446,1.0,10,0,0.0,0,0
upi://pay?pa=phcnpe276@kotak&pn=KYC%20Support&cu=INR&am=4.27,phcnpe276@kotak,1,2.948,0.333,9,1,4.27,0,1
upi://pay?pa=support59@secure-pay&pn=KYC%20Support&cu=INR&tn=urgent,support59@secure-pay,0,2.948,0.222,9,0,0.0,1,1
upi://pay?pa=8008705521@okicici&pn=Auto%20Rickshaw%20Stand&cu=INR,8008705521@okicici,1,2.446,1.0,10,0,0.0,0,0
upi://pay?pa=amit.kumar@kotak&pn=Om%20Traders&cu=INR,amit.kumar@kotak,1,2.922,0.0,10,0,0.0,0,0
upi://pay?pa=goog1e-pay927@okhdfcbank&pn=KYC%20Support&cu=INR&tn=reward,goog1e-pay927@okhdfcbank,1,3.393,0.308,13,0,0.0,1,1
upi://pay?pa=6370027143@hdfcbank&pn=Cashback%20Desk&cu=INR&am=3.04&tn=cashback,6370027143@hdfcbank,1,2.722,1.0,10,1,3.04,1,1
upi://pay?pa=tspp0lk5mvltm@jio&pn=Prize%20Center&cu=INR&tn=winner,tspp0lk5mvltm@jio,1,3.085,0.154,13,0,0.0,1,1
upi://pay?pa=merchant.8079@axl&pn=City%20Cafe&cu=INR&am=1415.11,merchant.8079@axl,1,3.7,0.308,13,1,1415.11,0,0
upi://pay?pa=merchant.4862@oksbi&pn=Om%20Traders&cu=INR,merchant.4862@oksbi,1,3.7,0.308,13,0,0.0,0,0
upi://pay?pa=8588146325@paytm&pn=Rahul%20Sharma&cu=INR,8588146325@paytm,1,2.646,1.0,10,0,0.0,0,0
upi://pay?pa=97ibfaqnc4429w1y@idfcbank&pn=Verify%20Account&cu=INR&am=1.97&tn=kyc,97ibfaqnc4429w1y@idfcbank,1,3.75,0.438,16,1,1.97,1,1
upi://pay?pa=m242yhfe5wmd9lae@oksbi&pn=Verify%20Account&cu=INR&tn=urgent,m242yhfe5wmd9lae@oksbi,1,3.625,0.312,16,0,0.0,1,1
upi://pay?pa=9714688406@okhdfcbank&pn=City%20Cafe&cu=INR&am=3839.04,9714688406@okhdfcbank,1,2.722,1.0,10,1,3839.04,0,0
upi://pay?pa=9286048106@oksbi&pn=Auto%20Rickshaw%20Stand&cu=INR&am=1561.27,9286048106@oksbi,1,2.722,1.0,10,1,1561.27,0,0
upi://pay?pa=merchant.961@oksbi&pn=City%20Cafe&cu=INR&am=803.9,merchant.961@oksbi,1,3.585,0.25,12,1,803.9,0,0
upi://pay?pa=kyc-team32@secure-pay&pn=KYC%20Support&cu=INR&tn=kyc,kyc-team32@secure-pay,0,3.322,0.2,10,0,0.0,1,1
upi://pay?pa=8621523224@jio&pn=Refund%20Team&cu=INR&am=4.18,8621523224@jio,1,2.522,1.0,10,1,4.18,0,1
upi://pay?pa=merchant.9919@axl&pn=Green%20Grocers&cu=INR&am=3195.36,merchant.9919@axl,1,3.335,0.308,13,1,3195.36,0,0
upi://pay?pa=paytrn862@idfcbank&pn=Verify%20Account&cu=INR&tn=refund,paytrn862@idfcbank,1,3.17,0.333,9,0,0.0,1,1
upi://pay?pa=og996jluly@ibl&pn=KYC%20Support&cu=INR&am=4.67,og996jluly@ibl,1,2.922,0.3,10,1,4.67,0,1
upi://pay?pa=paytrn457@apl&pn=KYC%20Support&cu=INR&am=3.5&tn=blocked,paytrn457@apl,1,3.17,0.333,9,1,3.5,1,1
upi://pay?pa=phcnpe665@oksbi&pn=Prize%20Center&cu=INR&tn=suspend,phcnpe665@oksbi,1,2.725,0.333,9,0,0.0,1,1
upi://pay?pa=y91qub7tuln@paytm&pn=Verify%20Account&cu=INR&tn=suspend,y91qub7tuln@paytm,1,3.278,0.273,11,0,0.0,1,1
upi://pay?pa=sunita.devi@ibl&pn=Om%20Traders&cu=INR,sunita.devi@ibl,1,3.278,0.0,11,0,0.0,0,0
upi://pay?pa=08t6rwarqcf@ybl&pn=Cashback%20Desk&cu=INR&tn=lottery,08t6rwarqcf@ybl,1,3.278,0.273,11,0,0.0,1,1
upi://pay?pa=4213942560@okaxis&pn=Cashback%20Desk&cu=INR&tn=lottery,4213942560@okaxis,1,2.922,1.0,10,0,0.0,1,1
upi://pay?pa=7848111880@okhdfcbank&pn=Verify%20Account&cu=INR&am=2.36&tn=refund,7848111880@okhdfcbank,1,2.046,1.0,10,1,2.36,1,1
upi://pay?pa=amit.kumar@upi&pn=Priya%20Singh&cu=INR&am=1506.24,amit.kumar@upi,1,2.922,0.0,10,1,1506.24,0,0
upi://pay?pa=paytrn336@idfcbank&pn=Cashback%20Desk&cu=INR&tn=reward,paytrn336@idfcbank,1,2.948,0.333,9,0,0.0,1,1
upi://pay?pa=paytrn158@ibl&pn=Cashback%20Desk&cu=INR&tn=kyc,paytrn158@ibl,1,3.17,0.333,9,0,0.0,1,1
upi://pay?pa=refund28@xn--upi&pn=Verify%20Account&cu=INR&tn=kyc,refund28@xn--upi,0,3.0,0.25,8,0,0.0,1,1
upi://pay?pa=merchant.8024@oksbi&pn=Rahul%20Sharma&cu=INR&am=3449.5,merchant.8024@oksbi,1,3.7,0.308,13,1,3449.5,0,0
upi://pay?pa=goog1e-pay828@hdfcbank&pn=Refund%20Team&cu=INR&tn=cashback,goog1e-pay828@hdfcbank,1,3.239,0.308,13,0,0.0,1,1
upi://pay?pa=9587238502@ybl&pn=KYC%20Support&cu=INR&am=3.81&tn=refund,9587238502@ybl,1,2.722,1.0,10,1,3.81,1,1
upi://pay?pa=goog1e-pay928@apl&pn=Cashback%20Desk&cu=INR&tn=verify-now,goog1e-pay928@apl,1,3.393,0.308,13,0,0.0,1,1
upi://pay?pa=3014038034@okicici&pn=Cashback%20Desk&cu=INR,3014038034@okicici,1,2.171,1.0,10,0,0.0,0,1
upi://pay?pa=vendor.shop@paytm&pn=Om%20Traders&cu=INR&am=2976.0,vendor.shop@paytm,1,3.278,0.0,11,1,2976.0,0,0
upi://pay?pa=merchant.7174@idfcbank&pn=Rahul%20Sharma&cu=INR,merchant.7174@idfcbank,1,3.547,0.308,13,0,0.0,0,0
upi://pay?pa=8889673699@paytm&pn=Priya%20Singh&cu=INR,8889673699@paytm,1,2.171,1.0,10,0,0.0,0,0
upi://pay?pa=priya123@okhdfcbank&pn=Sharma%20Kirana%20Store&cu=INR,priya123@okhdfcbank,1,3.0,0.375,8,0,0.0,0,0
upi://pay?pa=6786021326@okaxis&pn=Prize%20Center&cu=INR&am=2.68&tn=verify-now,6786021326@okaxis,1,2.646,1.0,10,1,2.68,1,1
upi://pay?pa=priya123@okhdfcbank&pn=Rahul%20Sharma&cu=INR,priya123@okhdfcbank,1,3.0,0.375,8,0,0.0,0,0
upi://pay?pa=cashback70@xn--upi&pn=Cashback%20Desk&cu=INR&am=1.1,cashback70@xn--upi,0,2.922,0.2,10,1,1.1,0,1
upi://pay?pa=8742548209@hdfcbank&pn=Auto%20Rickshaw%20Stand&cu=INR,8742548209@hdfcbank,1,2.722,1.0,10,0,0.0,0,0
upi://pay?pa=merchant.8245@paytm&pn=Green%20Grocers&cu=INR,merchant.8245@paytm,1,3.7,0.308,13,0,0.0,0,0
upi://pay?pa=refund15@kyc-update&pn=Cashback%20Desk&cu=INR&tn=blocked,refund15@kyc-update,0,3.0,0.25,8,0,0.0,1,1
upi://pay?pa=paytrn47@kotak&pn=KYC%20Support&cu=INR&tn=reward,paytrn47@kotak,1,3.0,0.25,8,0,0.0,1,1
upi://pay?pa=rahul.sharma@ybl&pn=Auto%20Rickshaw%20Stand&cu=INR,rahul.sharma@ybl,1,2.855,0.0,12,0,0.0,0,0
upi://pay?pa=sunita.devi@ybl&pn=Green%20Grocers&cu=INR,sunita.devi@ybl,1,3.278,0.0,11,0,0.0,0,0
upi://pay?pa=8371294660@oksbi&pn=Cashback%20Desk&cu=INR&tn=refund,8371294660@oksbi,1,3.122,1.0,10,0,0.0,1,1
upi://pay?pa=priya123@ybl&pn=Priya%20Singh&cu=INR,priya123@ybl,1,3.0,0.375,8,0,0.0,0,0
upi://pay?pa=kyc-team18@pay-verify&pn=Verify%20Account&cu=INR&tn=lottery,kyc-team18@pay-verify,0,3.322,0.2,10,0,0.0,1,1
upi://pay?pa=merchant.4572@upi&pn=Priya%20Singh&cu=INR&am=3951.67,merchant.4572@upi,1,3.7,0.308,13,1,3951.67,0,0
upi://pay?pa=goog1e-pay59@apl&pn=Prize%20Center&cu=INR&am=2.9&tn=cashback,goog1e-pay59@apl,1,3.252,0.25,12,1,2.9,1,1
upi://pay?pa=gfex6dcledo5@kotak&pn=KYC%20Support&cu=INR&tn=lottery,gfex6dcledo5@kotak,1,3.252,0.167,12,0,0.0,1,1
upi://pay?pa=7383082793@jio&pn=Sharma%20Kirana%20Store&cu=INR&am=499.36,7383082793@jio,1,2.446,1.0,10,1,499.36,0,0
upi://pay?pa=merchant.7232@paytm&pn=Om%20Traders&cu=INR&am=630.64,merchant.7232@paytm,1,3.547,0.308,13,1,630.64,0,0
upi://pay?pa=refund64@secure-pay&pn=Cashback%20Desk&cu=INR&am=1.09&tn=cashback,refund64@secure-pay,0,3.0,0.25,8,1,1.09,1,1
upi://pay?pa=rahul.sharma@okaxis&pn=Priya%20Singh&cu=INR,rahul.sharma@okaxis,1,2.855,0.0,12,0,0.0,0,0
upi://pay?pa=goog1e-pay427@idfcbank&pn=Prize%20Center&cu=INR&tn=cashback,goog1e-pay427@idfcbank,1,3.393,0.308,13,0,0.0,1,1
upi://pay?pa=merchant.679@upi&pn=Auto%20Rickshaw%20Stand&cu=INR,merchant.679@upi,1,3.585,0.25,12,0,0.0,0,0
upi://pay?pa=support62@secure-pay&pn=Refund%20Team&cu=INR&tn=blocked,support62@secure-pay,0,2.948,0.222,9,0,0.0,1,1
upi://pay?pa=8266427571@upi&pn=Green%20Grocers&cu=INR&am=3886.53,8266427571@upi,1,2.722,1.0,10,1,3886.53,0,0
upi://pay?pa=kyc-team58@pay-verify&pn=Verify%20Account&cu=INR&tn=suspend,kyc-team58@pay-verify,0,3.322,0.2,10,0,0.0,1,1
upi://pay?pa=1964303336@ibl&pn=Cashback%20Desk&cu=INR,1964303336@ibl,1,2.322,1.0,10,0,0.0,0,1
upi://pay?pa=0wvy2jkqqnj0roc@ibl&pn=Cashback%20Desk&cu=INR&am=2.84&tn=reward,0wvy2jkqqnj0roc@ibl,1,3.507,0.2,15,1,2.84,1,1
upi://pay?pa=amit.kumar@paytm&pn=Auto%20Rickshaw%20Stand&cu=INR,amit.kumar@paytm,1,2.922,0.0,10,0,0.0,0,0
upi://pay?pa=6dab4qi59s90hx@oksbi&pn=Verify%20Account&cu=INR&am=3.16&tn=kyc,6dab4qi59s90hx@oksbi,1,3.664,0.429,14,1,3.16,1,1
upi://pay?pa=merchant.9485@okaxis&pn=Om%20Traders&cu=INR&am=4256.77,merchant.9485@okaxis,1,3.7,0.308,13,1,4256.77,0,0
upi://pay?pa=6562890016@ybl&pn=Priya%20Singh&cu=INR,6562890016@ybl,1,2.646,1.0,10,0,0.0,0,0
upi://pay?pa=priya123@upi&pn=Green%20Grocers&cu=INR&am=3489.67,priya123@upi,1,3.0,0.375,8,1,3489.67,0,0
upi://pay?pa=kyc-team85@xn--upi&pn=Verify%20Account&cu=INR&tn=reward,kyc-team85@xn--upi,0,3.322,0.2,10,0,0.0,1,1
upi://pay?pa=cashback59@xn--upi&pn=KYC%20Support&cu=INR&am=3.02&tn=refund,cashback59@xn--upi,0,2.922,0.2,10,1,3.02,1,1
upi://pay?pa=merchant.2768@axl&pn=City%20Cafe&cu=INR,merchant.2768@axl,1,3.7,0.308,13,0,0.0,0,0
upi://pay?pa=support61@refund-upi&pn=Prize%20Center&cu=INR&am=4.83&tn=cashback,support61@refund-upi,0,2.948,0.222,9,1,4.83,1,1
upi://pay?pa=refund67@xn--upi&pn=Verify%20Account&cu=INR&tn=winner,refund67@xn--upi,0,3.0,0.25,8,0,0.0,1,1
upi://pay?pa=ldqlq1wmfpt0@idfcbank&pn=Cashback%20Desk&cu=INR&tn=refund,ldqlq1wmfpt0@idfcbank,1,3.252,0.167,12,0,0.0,1,1
upi://pay?pa=phcnpe927@okaxis&pn=Prize%20Center&cu=INR&tn=verify-now,phcnpe927@okaxis,1,2.948,0.333,9,0,0.0,1,1
upi://pay?pa=rahul.sharma@jio&pn=Sharma%20Kirana%20Store&cu=INR,rahul.sharma@jio,1,2.855,0.0,12,0,0.0,0,0
upi://pay?pa=paytrn285@ybl&pn=Cashback%20Desk&cu=INR&am=1.57&tn=urgent,paytrn285@ybl,1,3.17,0.333,9,1,1.57,1,1
upi://pay?pa=phcnpe791@ybl&pn=KYC%20Support&cu=INR&am=4.63&tn=winner,phcnpe791@ybl,1,2.948,0.333,9,1,4.63,1,1
upi://pay?pa=1586481307@kotak&pn=Refund%20Team&cu=INR&tn=blocked,1586481307@kotak,1,2.922,1.0,10,0,0.0,1,1
upi://pay?pa=6581863560@ibl&pn=Om%20Traders&cu=INR,6581863560@ibl,1,2.446,1.0,10,0,0.0,0,0
upi://pay?pa=paytrn338@oksbi&pn=Prize%20Center&cu=INR,paytrn338@oksbi,1,2.948,0.333,9,0,0.0,0,1
upi://pay?pa=kyc-team88@kyc-update&pn=Refund%20Team&cu=INR&am=4.77&tn=cashback,kyc-team88@kyc-update,0,3.122,0.2,10,1,4.77,1,1
upi://pay?pa=9289185246@kotak&pn=City%20Cafe&cu=INR,9289185246@kotak,1,2.722,1.0,10,0,0.0,0,0
upi://pay?pa=rahul.sharma@ibl&pn=Priya%20Singh&cu=INR,rahul.sharma@ibl,1,2.855,0.0,12,0,0.0,0,0
upi://pay?pa=merchant.7610@upi&pn=Sharma%20Kirana%20Store&cu=INR,merchant.7610@upi,1,3.7,0.308,13,0,0.0,0,0
upi://pay?pa=8614987459@upi&pn=Green%20Grocers&cu=INR&am=208.73,8614987459@upi,1,2.722,1.0,10,1,208.73,0,0
upi://pay?pa=8112123327@okaxis&pn=Rahul%20Sharma&cu=INR,8112123327@okaxis,1,2.171,1.0,10,0,0.0,0,0
upi://pay?pa=8404430111@paytm&pn=Om%20Traders&cu=INR,8404430111@paytm,1,2.171,1.0,10,0,0.0,0,0
upi://pay?pa=rahul.sharma@axl&pn=City%20Cafe&cu=INR,rahul.sharma@axl,1,2.855,0.0,12,0,0.0,0,0
upi://pay?pa=amit.kumar@jio&pn=City%20Cafe&cu=INR,amit.kumar@jio,1,2.922,0.0,10,0,0.0,0,0
upi://pay?pa=7cdzpbbwgd@ybl&pn=Cashback%20Desk&cu=INR&tn=winner,7cdzpbbwgd@ybl,1,2.922,0.1,10,0,0.0,1,1
upi://pay?pa=7239534867@apl&pn=Sharma%20Kirana%20Store&cu=INR,7239534867@apl,1,2.922,1.0,10,0,0.0,0,0
upi://pay?pa=merchant.9551@okicici&pn=Green%20Grocers&cu=INR&am=3256.33,merchant.9551@okicici,1,3.547,0.308,13,1,3256.33,0,0
upi://pay?pa=kyc-team84@xn--upi&pn=Prize%20Center&cu=INR,kyc-team84@xn--upi,0,3.322,0.2,10,0,0.0,0,1
upi://pay?pa=kyc-team85@pay-verify&pn=Refund%20Team&cu=INR&tn=winner,kyc-team85@pay-verify,0,3.322,0.2,10,0,0.0,1,1
upi://pay?pa=merchant.6089@okaxis&pn=Auto%20Rickshaw%20Stand&cu=INR&am=892.83,merchant.6089@okaxis,1,3.7,0.308,13,1,892.83,0,0
upi://pay?pa=jjac9onqyqpx17n@paytm&pn=KYC%20Support&cu=INR&am=3.9,jjac9onqyqpx17n@paytm,1,3.507,0.2,15,1,3.9,0,1
upi://pay?pa=merchant.9635@ibl&pn=City%20Cafe&cu=INR,merchant.9635@ibl,1,3.7,0.308,13,0,0.0,0,0
upi://pay?pa=ce9f1a2wyh@okaxis&pn=Prize%20Center&cu=INR,ce9f1a2wyh@okaxis,1,3.322,0.3,10,0,0.0,0,1
upi://pay?pa=amit.kumar@hdfcbank&pn=Om%20Traders&cu=INR&am=3280.08,amit.kumar@hdfcbank,1,2.922,0.0,10,1,3280.08,0,0
upi://pay?pa=sunita.devi@upi&pn=City%20Cafe&cu=INR&am=2963.6,sunita.devi@upi,1,3.278,0.0,11,1,2963.6,0,0
upi://pay?pa=6532205187@axl&pn=Cashback%20Desk&cu=INR&tn=winner,6532205187@axl,1,2.922,1.0,10,0,0.0,1,1
upi://pay?pa=2030648360@idfcbank&pn=Prize%20Center&cu=INR&tn=verify-now,2030648360@idfcbank,1,2.446,1.0,10,0,0.0,1,1
upi://pay?pa=merchant.4167@kotak&pn=Auto%20Rickshaw%20Stand&cu=INR,merchant.4167@kotak,1,3.7,0.308,13,0,0.0,0,0
upi://pay?pa=vendor.shop@apl&pn=Om%20Traders&cu=INR,vendor.shop@apl,1,3.278,0.0,11,0,0.0,0,0
upi://pay?pa=goog1e-pay323@hdfcbank&pn=Cashback%20Desk&cu=INR&am=2.44&tn=blocked,goog1e-pay323@hdfcbank,1,3.239,0.308,13,1,2.44,1,1
upi://pay?pa=sh1fye7lft25h@oksbi&pn=KYC%20Support&cu=INR&tn=blocked,sh1fye7lft25h@oksbi,1,3.393,0.308,13,0,0.0,1,1
upi://pay?pa=6463390201@hdfcbank&pn=Sharma%20Kirana%20Store&cu=INR&am=1476.63,6463390201@hdfcbank,1,2.722,1.0,10,1,1476.63,0,0
upi://pay?pa=vendor.shop@apl&pn=Rahul%20Sharma&cu=INR,vendor.shop@apl,1,3.278,0.0,11,0,0.0,0,0
upi://pay?pa=amit.kumar@ibl&pn=Rahul%20Sharma&cu=INR&am=3100.03,amit.kumar@ibl,1,2.922,0.0,10,1,3100.03,0,0
upi://pay?pa=phcnpe349@hdfcbank&pn=Cashback%20Desk&cu=INR&tn=reward,phcnpe349@hdfcbank,1,2.948,0.333,9,0,0.0,1,1
upi://pay?pa=6171529759@okicici&pn=Rahul%20Sharma&cu=INR,6171529759@okicici,1,2.522,1.0,10,0,0.0,0,0
upi://pay?pa=support52@xn--upi&pn=Cashback%20Desk&cu=INR&tn=lottery,support52@xn--upi,0,2.948,0.222,9,0,0.0,1,1
upi://pay?pa=goog1e-pay64@ibl&pn=KYC%20Support&cu=INR&tn=refund,goog1e-pay64@ibl,1,3.252,0.25,12,0,0.0,1,1
upi://pay?pa=priya123@okaxis&pn=Sharma%20Kirana%20Store&cu=INR,priya123@okaxis,1,3.0,0.375,8,0,0.0,0,0
upi://pay?pa=merchant.3037@ibl&pn=Sharma%20Kirana%20Store&cu=INR,merchant.3037@ibl,1,3.547,0.308,13,0,0.0,0,0
upi://pay?pa=kyc-team83@secure-pay&pn=KYC%20Support&cu=INR&am=3.53&tn=kyc,kyc-team83@secure-pay,0,3.322,0.2,10,1,3.53,1,1
upi://pay?pa=phcnpe888@okaxis&pn=KYC%20Support&cu=INR&tn=blocked,phcnpe888@okaxis,1,2.419,0.333,9,0,0.0,1,1
upi://pay?pa=6121146276@upi&pn=Rahul%20Sharma&cu=INR&am=3508.79,6121146276@upi,1,2.171,1.0,10,1,3508.79,0,0
upi://pay?pa=merchant.8689@upi&pn=City%20Cafe&cu=INR,merchant.8689@upi,1,3.547,0.308,13,0,0.0,0,0
upi://pay?pa=merchant.1591@paytm&pn=Priya%20Singh&cu=INR&am=2915.38,merchant.1591@paytm,1,3.547,0.308,13,1,2915.38,0,0
upi://pay?pa=merchant.4776@jio&pn=City%20Cafe&cu=INR,merchant.4776@jio,1,3.547,0.308,13,0,0.0,0,0
upi://pay?pa=paytrn242@idfcbank&pn=Prize%20Center&cu=INR&tn=urgent,paytrn242@idfcbank,1,2.948,0.333,9,0,0.0,1,1
upi://pay?pa=6683832465@jio&pn=Sharma%20Kirana%20Store&cu=INR&am=4960.91,6683832465@jio,1,2.446,1.0,10,1,4960.91,0,0
upi://pay?pa=merchant.1590@paytm&pn=Auto%20Rickshaw%20Stand&cu=INR&am=133.14,merchant.1590@paytm,1,3.7,0.308,13,1,133.14,0,0
upi://pay?pa=phcnpe261@jio&pn=Verify%20Account&cu=INR&am=4.8&tn=verify-now,phcnpe261@jio,1,2.948,0.333,9,1,4.8,1,1
upi://pay?pa=9366007978@paytm&pn=Sharma%20Kirana%20Store&cu=INR&am=1636.07,9366007978@paytm,1,2.522,1.0,10,1,1636.07,0,0
upi://pay?pa=priya123@axl&pn=Auto%20Rickshaw%20Stand&cu=INR,priya123@axl,1,3.0,0.375,8,0,0.0,0,0
upi://pay?pa=6574621243@jio&pn=Auto%20Rickshaw%20Stand&cu=INR,6574621243@jio,1,2.722,1.0,10,0,0.0,0,0
upi://pay?pa=paytrn209@okicici&pn=Verify%20Account&cu=INR&tn=lottery,paytrn209@okicici,1,3.17,0.333,9,0,0.0,1,1
upi://pay?pa=merchant.3290@ybl&pn=Sharma%20Kirana%20Store&cu=INR&am=3924.12,merchant.3290@ybl,1,3.7,0.308,13,1,3924.12,0,0
upi://pay?pa=merchant.562@idfcbank&pn=Rahul%20Sharma&cu=INR,merchant.562@idfcbank,1,3.585,0.25,12,0,0.0,0,0
upi://pay?pa=7260294288@okaxis&pn=Refund%20Team&cu=INR&tn=blocked,7260294288@okaxis,1,2.646,1.0,10,0,0.0,1,1
upi://pay?pa=paytrn763@hdfcbank&pn=Prize%20Center&cu=INR&am=1.41&tn=lottery,paytrn763@hdfcbank,1,3.17,0.333,9,1,1.41,1,1
upi://pay?pa=6950578005@oksbi&pn=City%20Cafe&cu=INR,6950578005@oksbi,1,2.371,1.0,10,0,0.0,0,0
upi://pay?pa=merchant.566@okicici&pn=Sharma%20Kirana%20Store&cu=INR,merchant.566@okicici,1,3.418,0.25,12,0,0.0,0,0
upi://pay?pa=8770207149@paytm&pn=Rahul%20Sharma&cu=INR,8770207149@paytm,1,2.646,1.0,10,0,0.0,0,0
upi://pay?pa=9279342571@jio&pn=Prize%20Center&cu=INR&tn=suspend,9279342571@jio,1,2.722,1.0,10,0,0.0,1,1
upi://pay?pa=refund90@kyc-update&pn=Refund%20Team&cu=INR&tn=verify-now,refund90@kyc-update,0,3.0,0.25,8,0,0.0,1,1
upi://pay?pa=316uf1tia2mcz@apl&pn=Prize%20Center&cu=INR&am=2.47&tn=cashback,316uf1tia2mcz@apl,1,3.547,0.385,13,1,2.47,1,1
upi://pay?pa=3896891075@ybl&pn=Refund%20Team&cu=INR&tn=suspend,3896891075@ybl,1,2.922,1.0,10,0,0.0,1,1
upi://pay?pa=paytrn407@upi&pn=Refund%20Team&cu=INR&tn=kyc,paytrn407@upi,1,3.17,0.333,9,0,0.0,1,1
upi://pay?pa=merchant.2632@okaxis&pn=Priya%20Singh&cu=INR,merchant.2632@okaxis,1,3.547,0.308,13,0,0.0,0,0
upi://pay?pa=8137238456@ybl&pn=Priya%20Singh&cu=INR&am=3858.29,8137238456@ybl,1,2.922,1.0,10,1,3858.29,0,0
upi://pay?pa=support22@refund-upi&pn=Verify%20Account&cu=INR&tn=winner,support22@refund-upi,0,2.725,0.222,9,0,0.0,1,1
upi://pay?pa=jh706lglguqdv@okhdfcbank&pn=Refund%20Team&cu=INR&am=2.08,jh706lglguqdv@okhdfcbank,1,3.393,0.231,13,1,2.08,0,1
upi://pay?pa=merchant.9714@okhdfcbank&pn=Rahul%20Sharma&cu=INR&am=4722.62,merchant.9714@okhdfcbank,1,3.7,0.308,13,1,4722.62,0,0
upi://pay?pa=phcnpe955@ibl&pn=Refund%20Team&cu=INR&tn=lottery,phcnpe955@ibl,1,2.725,0.333,9,0,0.0,1,1
upi://pay?pa=7709098221@upi&pn=Om%20Traders&cu=INR,7709098221@upi,1,2.522,1.0,10,0,0.0,0,0
upi://pay?pa=9403871369@upi&pn=Priya%20Singh&cu=INR,9403871369@upi,1,2.922,1.0,10,0,0.0,0,0
upi://pay?pa=refund42@xn--upi&pn=Prize%20Center&cu=INR&tn=suspend,refund42@xn--upi,0,3.0,0.25,8,0,0.0,1,1
upi://pay?pa=merchant.3573@ibl&pn=Auto%20Rickshaw%20Stand&cu=INR&am=2370.85,merchant.3573@ibl,1,3.547,0.308,13,1,2370.85,0,0
upi://pay?pa=b2oxebpbbqhtxp0s@okicici&pn=Refund%20Team&cu=INR&am=1.91&tn=winner,b2oxebpbbqhtxp0s@okicici,1,3.25,0.125,16,1,1.91,1,1
upi://pay?pa=8v0igbv7u2aja7ha@upi&pn=Refund%20Team&cu=INR,8v0igbv7u2aja7ha@upi,1,3.453,0.312,16,0,0.0,0,1
upi://pay?pa=priya123@okicici&pn=Sharma%20Kirana%20Store&cu=INR&am=4336.32,priya123@okicici,1,3.0,0.375,8,1,4336.32,0,0
upi://pay?pa=8506472495@apl&pn=Priya%20Singh&cu=INR&am=1399.92,8506472495@apl,1,2.922,1.0,10,1,1399.92,0,0
upi://pay?pa=kyc-team23@pay-verify&pn=Cashback%20Desk&cu=INR,kyc-team23@pay-verify,0,3.322,0.2,10,0,0.0,0,1
upi://pay?pa=817312982@okhdfcbank&pn=Prize%20Center&cu=INR&tn=winner,817312982@okhdfcbank,1,2.503,1.0,9,0,0.0,1,1
upi://pay?pa=rahul.sharma@okicici&pn=City%20Cafe&cu=INR,rahul.sharma@okicici,1,2.855,0.0,12,0,0.0,0,0
upi://pay?pa=246569993@jio&pn=Refund%20Team&cu=INR&tn=reward,246569993@jio,1,2.419,1.0,9,0,0.0,1,1
upi://pay?pa=support58@pay-verify&pn=KYC%20Support&cu=INR,support58@pay-verify,0,2.948,0.222,9,0,0.0,0,1
upi://pay?pa=goog1e-pay223@axl&pn=Refund%20Team&cu=INR&tn=winner,goog1e-pay223@axl,1,3.239,0.308,13,0,0.0,1,1
upi://pay?pa=3161089133@oksbi&pn=KYC%20Support&cu=INR&tn=lottery,3161089133@oksbi,1,2.371,1.0,10,0,0.0,1,1
upi://pay?pa=merchant.6118@paytm&pn=Priya%20Singh&cu=INR,merchant.6118@paytm,1,3.547,0.308,13,0,0.0,0,0
upi://pay?pa=v6loi5yrce3sem@idfcbank&pn=KYC%20Support&cu=INR&tn=verify-now,v6loi5yrce3sem@idfcbank,1,3.664,0.214,14,0,0.0,1,1
upi://pay?pa=rahul.sharma@okicici&pn=Rahul%20Sharma&cu=INR,rahul.sharma@okicici,1,2.855,0.0,12,0,0.0,0,0
upi://pay?pa=jijnlp2s07@ybl&pn=Refund%20Team&cu=INR&tn=refund,jijnlp2s07@ybl,1,3.122,0.3,10,0,0.0,1,1
upi://pay?pa=7074095288@oksbi&pn=Auto%20Rickshaw%20Stand&cu=INR&am=3464.75,7074095288@oksbi,1,2.722,1.0,10,1,3464.75,0,0
upi://pay?pa=trvxoi41ug82@idfcbank&pn=Verify%20Account&cu=INR&am=1.45&tn=reward,trvxoi41ug82@idfcbank,1,3.585,0.333,12,1,1.45,1,1
upi://pay?pa=3648775110@ibl&pn=Refund%20Team&cu=INR&tn=winner,3648775110@ibl,1,2.922,1.0,10,0,0.0,1,1
upi://pay?pa=merchant.5228@paytm&pn=Rahul%20Sharma&cu=INR,merchant.5228@paytm,1,3.547,0.308,13,0,0.0,0,0
upi://pay?pa=sunita.devi@upi&pn=City%20Cafe&cu=INR&am=827.99,sunita.devi@upi,1,3.278,0.0,11,1,827.99,0,0
upi://pay?pa=wzzv7w23436opq@upi&pn=Verify%20Account&cu=INR&tn=kyc,wzzv7w23436opq@upi,1,3.379,0.429,14,0,0.0,1,1
upi://pay?pa=merchant.9474@okaxis&pn=Priya%20Singh&cu=INR&am=171.52,merchant.9474@okaxis,1,3.547,0.308,13,1,171.52,0,0
upi://pay?pa=7155130718@hdfcbank&pn=Cashback%20Desk&cu=INR&tn=cashback,7155130718@hdfcbank,1,2.446,1.0,10,0,0.0,1,1
upi://pay?pa=goog1e-pay920@kotak&pn=Refund%20Team&cu=INR&am=1.09&tn=verify-now,goog1e-pay920@kotak,1,3.393,0.308,13,1,1.09,1,1
upi://pay?pa=cashback30@pay-verify&pn=Verify%20Account&cu=INR&am=2.57&tn=cashback,cashback30@pay-verify,0,2.922,0.2,10,1,2.57,1,1
upi://pay?pa=5879800057@jio&pn=KYC%20Support&cu=INR&tn=reward,5879800057@jio,1,2.246,1.0,10,0,0.0,1,1
upi://pay?pa=vendor.shop@jio&pn=Auto%20Rickshaw%20Stand&cu=INR,vendor.shop@jio,1,3.278,0.0,11,0,0.0,0,0
upi://pay?pa=499069498@okaxis&pn=Cashback%20Desk&cu=INR&tn=kyc,499069498@okaxis,1,2.059,1.0,9,0,0.0,1,1
upi://pay?pa=4949462521@jio&pn=Verify%20Account&cu=INR&am=2.67&tn=refund,4949462521@jio,1,2.446,1.0,10,1,2.67,1,1
upi://pay?pa=kyc-team23@xn--upi&pn=Prize%20Center&cu=INR&tn=winner,kyc-team23@xn--upi,0,3.322,0.2,10,0,0.0,1,1
upi://pay?pa=paytrn566@jio&pn=Cashback%20Desk&cu=INR&am=1.98,paytrn566@jio,1,2.948,0.333,9,1,1.98,0,1
upi://pay?pa=4595479635@ybl&pn=Cashback%20Desk&cu=INR&tn=suspend,4595479635@ybl,1,2.446,1.0,10,0,0.0,1,1
upi://pay?pa=phcnpe250@ibl&pn=Refund%20Team&cu=INR&tn=suspend,phcnpe250@ibl,1,2.948,0.333,9,0,0.0,1,1
upi://pay?pa=paytrn982@oksbi&pn=Prize%20Center&cu=INR&tn=suspend,paytrn982@oksbi,1,3.17,0.333,9,0,0.0,1,1
upi://pay?pa=7523322159@okhdfcbank&pn=Priya%20Singh&cu=INR,7523322159@okhdfcbank,1,2.446,1.0,10,0,0.0,0,0
upi://pay?pa=vendor.shop@paytm&pn=Sharma%20Kirana%20Store&cu=INR&am=3999.15,vendor.shop@paytm,1,3.278,0.0,11,1,3999.15,0,0
upi://pay?pa=rahul.sharma@upi&pn=Auto%20Rickshaw%20Stand&cu=INR&am=1833.53,rahul.sharma@upi,1,2.855,0.0,12,1,1833.53,0,0
upi://pay?pa=4921861595@okhdfcbank&pn=Cashback%20Desk&cu=INR&am=2.56&tn=cashback,4921861595@okhdfcbank,1,2.722,1.0,10,1,2.56,1,1
upi://pay?pa=7ycs1kedjm@axl&pn=Cashback%20Desk&cu=INR&tn=reward,7ycs1kedjm@axl,1,3.322,0.2,10,0,0.0,1,1
upi://pay?pa=merchant.5614@axl&pn=Auto%20Rickshaw%20Stand&cu=INR,merchant.5614@axl,1,3.7,0.308,13,0,0.0,0,0
upi://pay?pa=refund89@secure-pay&pn=Cashback%20Desk&cu=INR&tn=blocked,refund89@secure-pay,0,3.0,0.25,8,0,0.0,1,1
upi://pay?pa=kcmg2k87bstrmz@paytm&pn=Cashback%20Desk&cu=INR&am=2.36&tn=winner,kcmg2k87bstrmz@paytm,1,3.522,0.214,14,1,2.36,1,1
upi://pay?pa=kyc-team59@pay-verify&pn=Cashback%20Desk&cu=INR&tn=winner,kyc-team59@pay-verify,0,3.322,0.2,10,0,0.0,1,1
upi://pay?pa=merchant.5022@okhdfcbank&pn=Auto%20Rickshaw%20Stand&cu=INR&am=3023.99,merchant.5022@okhdfcbank,1,3.547,0.308,13,1,3023.99,0,0
upi://pay?pa=9644779085@axl&pn=Om%20Traders&cu=INR&am=3690.65,9644779085@axl,1,2.722,1.0,10,1,3690.65,0,0
upi://pay?pa=8568313839@okhdfcbank&pn=Auto%20Rickshaw%20Stand&cu=INR,8568313839@okhdfcbank,1,2.371,1.0,10,0,0.0,0,0
upi://pay?pa=priya123@paytm&pn=Auto%20Rickshaw%20Stand&cu=INR,priya123@paytm,1,3.0,0.375,8,0,0.0,0,0
upi://pay?pa=7820126903@apl&pn=Om%20Traders&cu=INR,7820126903@apl,1,2.922,1.0,10,0,0.0,0,0
upi://pay?pa=4paiiucuigm2t@jio&pn=Prize%20Center&cu=INR&tn=reward,4paiiucuigm2t@jio,1,3.181,0.154,13,0,0.0,1,1
upi://pay?pa=2096502412@jio&pn=Prize%20Center&cu=INR&am=1.08&tn=refund,2096502412@jio,1,2.646,1.0,10,1,1.08,1,1
upi://pay?pa=y1t5g72mf4srn6m6@jio&pn=Prize%20Center&cu=INR&tn=urgent,y1t5g72mf4srn6m6@jio,1,3.75,0.438,16,0,0.0,1,1
upi://pay?pa=9969212295@jio&pn=Green%20Grocers&cu=INR&am=3222.1,9969212295@jio,1,2.046,1.0,10,1,3222.1,0,0
upi://pay?pa=kyc-team31@refund-upi&pn=Refund%20Team&cu=INR&tn=lottery,kyc-team31@refund-upi,0,3.322,0.2,10,0,0.0,1,1
upi://pay?pa=8379894770@idfcbank&pn=Rahul%20Sharma&cu=INR&am=4629.36,8379894770@idfcbank,1,2.446,1.0,10,1,4629.36,0,0
upi://pay?pa=merchant.7571@oksbi&pn=City%20Cafe&cu=INR,merchant.7571@oksbi,1,3.547,0.308,13,0,0.0,0,0
upi://pay?pa=6940684569@upi&pn=Sharma%20Kirana%20Store&cu=INR,6940684569@upi,1,2.446,1.0,10,0,0.0,0,0
upi://pay?pa=kyc-team72@kyc-update&pn=Verify%20Account&cu=INR&tn=urgent,kyc-team72@kyc-update,0,3.322,0.2,10,0,0.0,1,1
upi://pay?pa=e1p5ei7k8e@upi&pn=Refund%20Team&cu=INR,e1p5ei7k8e@upi,1,2.846,0.4,10,0,0.0,0,1
upi://pay?pa=sunita.devi@okaxis&pn=Priya%20Singh&cu=INR,sunita.devi@okaxis,1,3.278,0.0,11,0,0.0,0,0
upi://pay?pa=rahul.sharma@hdfcbank&pn=Auto%20Rickshaw%20Stand&cu=INR&am=4708.73,rahul.sharma@hdfcbank,1,2.855,0.0,12,1,4708.73,0,0
upi://pay?pa=rahul.sharma@oksbi&pn=Green%20Grocers&cu=INR&am=3616.12,rahul.sharma@oksbi,1,2.855,0.0,12,1,3616.12,0,0
upi://pay?pa=7429056776@kotak&pn=Rahul%20Sharma&cu=INR,7429056776@kotak,1,2.646,1.0,10,0,0.0,0,0
upi://pay?pa=vendor.shop@okaxis&pn=Sharma%20Kirana%20Store&cu=INR&am=4800.09,vendor.shop@okaxis,1,3.278,0.0,11,1,4800.09,0,0
upi://pay?pa=8289344965@okaxis&pn=City%20Cafe&cu=INR,8289344965@okaxis,1,2.722,1.0,10,0,0.0,0,0
upi://pay?pa=merchant.2092@ybl&pn=City%20Cafe&cu=INR&am=3038.43,merchant.2092@ybl,1,3.547,0.308,13,1,3038.43,0,0
upi://pay?pa=9082889804@axl&pn=Auto%20Rickshaw%20Stand&cu=INR&am=4951.64,9082889804@axl,1,2.122,1.0,10,1,4951.64,0,0
upi://pay?pa=qdb2pc3q1d05aqrj@apl&pn=Cashback%20Desk&cu=INR&tn=blocked,qdb2pc3q1d05aqrj@apl,1,3.578,0.312,16,0,0.0,1,1
upi://pay?pa=cashback94@kyc-update&pn=Verify%20Account&cu=INR&tn=refund,cashback94@kyc-update,0,2.922,0.2,10,0,0.0,1,1
upi://pay?pa=merchant.4523@apl&pn=Green%20Grocers&cu=INR,merchant.4523@apl,1,3.7,0.308,13,0,0.0,0,0
upi://pay?pa=du2el88yfkruyhcb@ybl&pn=Refund%20Team&cu=INR&tn=refund,du2el88yfkruyhcb@ybl,1,3.625,0.188,16,0,0.0,1,1
upi://pay?pa=vngblcqzj82zqy@ybl&pn=Verify%20Account&cu=INR&tn=verify-now,vngblcqzj82zqy@ybl,1,3.522,0.143,14,0,0.0,1,1
upi://pay?pa=9404909045@apl&pn=KYC%20Support&cu=INR&tn=suspend,9404909045@apl,1,1.895,1.0,10,0,0.0,1,1
upi://pay?pa=d3bmyu8tn8@okhdfcbank&pn=KYC%20Support&cu=INR&tn=kyc,d3bmyu8tn8@okhdfcbank,1,3.122,0.3,10,0,0.0,1,1
upi://pay?pa=1577876364@okicici&pn=Prize%20Center&cu=INR&am=3.66&tn=winner,1577876364@okicici,1,2.646,1.0,10,1,3.66,1,1
upi://pay?pa=merchant.6287@okhdfcbank&pn=Green%20Grocers&cu=INR,merchant.6287@okhdfcbank,1,3.7,0.308,13,0,0.0,0,0
upi://pay?pa=ur4lmy2cxn52@apl&pn=Prize%20Center&cu=INR&tn=reward,ur4lmy2cxn52@apl,1,3.418,0.333,12,0,0.0,1,1
upi://pay?pa=6381007356@oksbi&pn=Green%20Grocers&cu=INR&am=2922.74,6381007356@oksbi,1,2.722,1.0,10,1,2922.74,0,0
upi://pay?pa=merchant.5983@oksbi&pn=Sharma%20Kirana%20Store&cu=INR&am=1486.7,merchant.5983@oksbi,1,3.7,0.308,13,1,1486.7,0,0
upi://pay?pa=8056493243@jio&pn=Om%20Traders&cu=INR,8056493243@jio,1,2.922,1.0,10,0,0.0,0,0
upi://pay?pa=t8zeh3rprgygo@kotak&pn=KYC%20Support&cu=INR&tn=cashback,t8zeh3rprgygo@kotak,1,3.393,0.154,13,0,0.0,1,1
upi://pay?pa=merchant.997@apl&pn=Om%20Traders&cu=INR,merchant.997@apl,1,3.418,0.25,12,0,0.0,0,0
upi://pay?pa=vendor.shop@kotak&pn=Om%20Traders&cu=INR,vendor.shop@kotak,1,3.278,0.0,11,0,0.0,0,0
upi://pay?pa=354661851@idfcbank&pn=Cashback%20Desk&cu=INR&tn=suspend,354661851@idfcbank,1,2.503,1.0,9,0,0.0,1,1
upi://pay?pa=8790736347@axl&pn=City%20Cafe&cu=INR,8790736347@axl,1,2.646,1.0,10,0,0.0,0,0
upi://pay?pa=7488774628@hdfcbank&pn=Priya%20Singh&cu=INR,7488774628@hdfcbank,1,2.171,1.0,10,0,0.0,0,0
upi://pay?pa=4niv12dkz49foef@okhdfcbank&pn=Verify%20Account&cu=INR&tn=lottery,4niv12dkz49foef@okhdfcbank,1,3.64,0.333,15,0,0.0,1,1
upi://pay?pa=pmvi1v0i8gpw@hdfcbank&pn=Verify%20Account&cu=INR&am=2.66&tn=refund,pmvi1v0i8gpw@hdfcbank,1,3.085,0.25,12,1,2.66,1,1
upi://pay?pa=7378035387@paytm&pn=Auto%20Rickshaw%20Stand&cu=INR,7378035387@paytm,1,2.171,1.0,10,0,0.0,0,0
upi://pay?pa=cgrph3qvpskzq@okicici&pn=KYC%20Support&cu=INR&am=3.57&tn=refund,cgrph3qvpskzq@okicici,1,3.393,0.077,13,1,3.57,1,1
upi://pay?pa=pl2uee4ljafz5k@ybl&pn=KYC%20Support&cu=INR&am=3.24&tn=suspend,pl2uee4ljafz5k@ybl,1,3.522,0.214,14,1,3.24,1,1
upi://pay?pa=paytrn275@ybl&pn=Cashback%20Desk&cu=INR&tn=refund,paytrn275@ybl,1,3.17,0.333,9,0,0.0,1,1
upi://pay?pa=rahul.sharma@ybl&pn=Green%20Grocers&cu=INR&am=526.73,rahul.sharma@ybl,1,2.855,0.0,12,1,526.73,0,0
upi://pay?pa=kyc-team39@refund-upi&pn=Prize%20Center&cu=INR&am=4.99&tn=winner,kyc-team39@refund-upi,0,3.322,0.2,10,1,4.99,1,1
upi://pay?pa=kyc-team70@kyc-update&pn=Prize%20Center&cu=INR&am=2.13&tn=cashback,kyc-team70@kyc-update,0,3.322,0.2,10,1,2.13,1,1
upi://pay?pa=kjegcaeq5s222j0c@paytm&pn=Verify%20Account&cu=INR&am=2.3&tn=suspend,kjegcaeq5s222j0c@paytm,1,3.328,0.312,16,1,2.3,1,1
upi://pay?pa=merchant.3800@okaxis&pn=Rahul%20Sharma&cu=INR,merchant.3800@okaxis,1,3.547,0.308,13,0,0.0,0,0
upi://pay?pa=6837019144@apl&pn=Auto%20Rickshaw%20Stand&cu=INR&am=3764.17,6837019144@apl,1,2.922,1.0,10,1,3764.17,0,0
upi://pay?pa=8767848828@idfcbank&pn=Verify%20Account&cu=INR&tn=reward,8767848828@idfcbank,1,1.961,1.0,10,0,0.0,1,1
upi://pay?pa=3226994797@ibl&pn=Verify%20Account&cu=INR&tn=refund,3226994797@ibl,1,2.446,1.0,10,0,0.0,1,1
upi://pay?pa=refund85@refund-upi&pn=Prize%20Center&cu=INR&am=1.51&tn=cashback,refund85@refund-upi,0,3.0,0.25,8,1,1.51,1,1
upi://pay?pa=388939216@axl&pn=Verify%20Account&cu=INR&am=3.37,388939216@axl,1,2.503,1.0,9,1,3.37,0,1
upi://pay?pa=amit.kumar@idfcbank&pn=Om%20Traders&cu=INR&am=2881.71,amit.kumar@idfcbank,1,2.922,0.0,10,1,2881.71,0,0
upi://pay?pa=3697484134@okhdfcbank&pn=Prize%20Center&cu=INR&am=4.4&tn=kyc,3697484134@okhdfcbank,1,2.646,1.0,10,1,4.4,1,1
upi://pay?pa=merchant.4431@jio&pn=Green%20Grocers&cu=INR,merchant.4431@jio,1,3.547,0.308,13,0,0.0,0,0
upi://pay?pa=goog1e-pay406@axl&pn=Cashback%20Desk&cu=INR&am=1.2&tn=cashback,goog1e-pay406@axl,1,3.393,0.308,13,1,1.2,1,1
upi://pay?pa=rahul.sharma@idfcbank&pn=City%20Cafe&cu=INR,rahul.sharma@idfcbank,1,2.855,0.0,12,0,0.0,0,0
upi://pay?pa=sunita.devi@upi&pn=Sharma%20Kirana%20Store&cu=INR&am=2122.17,sunita.devi@upi,1,3.278,0.0,11,1,2122.17,0,0
upi://pay?pa=fimddx13tffr8co@axl&pn=Prize%20Center&cu=INR&tn=suspend,fimddx13tffr8co@axl,1,3.457,0.2,15,0,0.0,1,1
upi://pay?pa=809183658@okicici&pn=Verify%20Account&cu=INR&tn=refund,809183658@okicici,1,2.642,1.0,9,0,0.0,1,1
upi://pay?pa=ybrxodhs6jhb@idfcbank&pn=Prize%20Center&cu=INR,ybrxodhs6jhb@idfcbank,1,3.252,0.083,12,0,0.0,0,1
upi://pay?pa=goog1e-pay819@jio&pn=Refund%20Team&cu=INR&tn=cashback,goog1e-pay819@jio,1,3.239,0.308,13,0,0.0,1,1
upi://pay?pa=2617743052@kotak&pn=Prize%20Center&cu=INR&am=4.09&tn=suspend,2617743052@kotak,1,2.922,1.0,10,1,4.09,1,1
upi://pay?pa=rahul.sharma@ybl&pn=Priya%20Singh&cu=INR&am=1332.38,rahul.sharma@ybl,1,2.855,0.0,12,1,1332.38,0,0
upi://pay?pa=j2w6p54wsxq9s7lk@apl&pn=Cashback%20Desk&cu=INR&tn=refund,j2w6p54wsxq9s7lk@apl,1,3.75,0.375,16,0,0.0,1,1
upi://pay?pa=merchant.5362@ybl&pn=Sharma%20Kirana%20Store&cu=INR&am=418.74,merchant.5362@ybl,1,3.7,0.308,13,1,418.74,0,0
upi://pay?pa=6p5qdhngeo@jio&pn=Prize%20Center&cu=INR,6p5qdhngeo@jio,1,3.322,0.2,10,0,0.0,0,1
upi://pay?pa=6108643570@okhdfcbank&pn=Priya%20Singh&cu=INR,6108643570@okhdfcbank,1,2.922,1.0,10,0,0.0,0,0
upi://pay?pa=200i2zrhvyp@okhdfcbank&pn=Prize%20Center&cu=INR&tn=refund,200i2zrhvyp@okhdfcbank,1,3.096,0.364,11,0,0.0,1,1
upi://pay?pa=7947382419@ybl&pn=Rahul%20Sharma&cu=INR,7947382419@ybl,1,2.722,1.0,10,0,0.0,0,0
upi://pay?pa=cgzdn5v38n2uiziw@ibl&pn=Cashback%20Desk&cu=INR&am=3.12&tn=verify-now,cgzdn5v38n2uiziw@ibl,1,3.625,0.25,16,1,3.12,1,1
upi://pay?pa=qef0s9kai1x@kotak&pn=KYC%20Support&cu=INR,qef0s9kai1x@kotak,1,3.459,0.273,11,0,0.0,0,1
upi://pay?pa=merchant.2219@paytm&pn=Rahul%20Sharma&cu=INR&am=2575.66,merchant.2219@paytm,1,3.547,0.308,13,1,2575.66,0,0
upi://pay?pa=paytrn397@oksbi&pn=KYC%20Support&cu=INR&tn=refund,paytrn397@oksbi,1,3.17,0.333,9,0,0.0,1,1
upi://pay?pa=8543321283@oksbi&pn=Green%20Grocers&cu=INR&am=2325.28,8543321283@oksbi,1,2.446,1.0,10,1,2325.28,0,0
upi://pay?pa=5818111996@okaxis&pn=Prize%20Center&cu=INR,5818111996@okaxis,1,2.122,1.0,10,0,0.0,0,1
upi://pay?pa=merchant.2792@kotak&pn=Rahul%20Sharma&cu=INR,merchant.2792@kotak,1,3.547,0.308,13,0,0.0,0,0
upi://pay?pa=paytrn831@oksbi&pn=Cashback%20Desk&cu=INR&tn=lottery,paytrn831@oksbi,1,3.17,0.333,9,0,0.0,1,1
upi://pay?pa=6544510497@axl&pn=Refund%20Team&cu=INR&am=1.69&tn=suspend,6544510497@axl,1,2.646,1.0,10,1,1.69,1,1
upi://pay?pa=rahul.sharma@apl&pn=City%20Cafe&cu=INR&am=1131.46,rahul.sharma@apl,1,2.855,0.0,12,1,1131.46,0,0
upi://pay?pa=7367882278@apl&pn=Auto%20Rickshaw%20Stand&cu=INR&am=724.95,7367882278@apl,1,2.171,1.0,10,1,724.95,0,0
upi://pay?pa=merchant.8712@paytm&pn=Om%20Traders&cu=INR&am=3850.44,merchant.8712@paytm,1,3.7,0.308,13,1,3850.44,0,0
upi://pay?pa=amit.kumar@jio&pn=Om%20Traders&cu=INR&am=2855.77,amit.kumar@jio,1,2.922,0.0,10,1,2855.77,0,0
upi://pay?pa=cashback26@kyc-update&pn=Verify%20Account&cu=INR&am=1.33&tn=refund,cashback26@kyc-update,0,2.922,0.2,10,1,1.33,1,1
upi://pay?pa=luc2jkm0fnld33z0@upi&pn=Refund%20Team&cu=INR&tn=verify-now,luc2jkm0fnld33z0@upi,1,3.625,0.312,16,0,0.0,1,1
upi://pay?pa=9887426493@apl&pn=Refund%20Team&cu=INR&tn=kyc,9887426493@apl,1,2.722,1.0,10,0,0.0,1,1
upi://pay?pa=priya123@oksbi&pn=City%20Cafe&cu=INR,priya123@oksbi,1,3.0,0.375,8,0,0.0,0,0
upi://pay?pa=da1k3re8hcx0@okicici&pn=Cashback%20Desk&cu=INR&am=4.59&tn=cashback,da1k3re8hcx0@okicici,1,3.585,0.333,12,1,4.59,1,1
upi://pay?pa=support98@pay-verify&pn=Verify%20Account&cu=INR&tn=winner,support98@pay-verify,0,2.948,0.222,9,0,0.0,1,1
upi://pay?pa=8692081959@ibl&pn=Rahul%20Sharma&cu=INR,8692081959@ibl,1,2.646,1.0,10,0,0.0,0,0
upi://pay?pa=kyc-team3@refund-upi&pn=Verify%20Account&cu=INR&tn=suspend,kyc-team3@refund-upi,0,3.17,0.111,9,0,0.0,1,1
upi://pay?pa=vendor.shop@hdfcbank&pn=Priya%20Singh&cu=INR&am=4287.85,vendor.shop@hdfcbank,1,3.278,0.0,11,1,4287.85,0,0
upi://pay?pa=goog1e-pay247@paytm&pn=Verify%20Account&cu=INR&am=2.04&tn=verify-now,goog1e-pay247@paytm,1,3.393,0.308,13,1,2.04,1,1
upi://pay?pa=836973831@okicici&pn=Cashback%20Desk&cu=INR&tn=urgent,836973831@okicici,1,2.419,1.0,9,0,0.0,1,1
upi://pay?pa=merchant.5704@kotak&pn=City%20Cafe&cu=INR,merchant.5704@kotak,1,3.7,0.308,13,0,0.0,0,0
upi://pay?pa=11pj1gev8cznq8@oksbi&pn=Prize%20Center&cu=INR&tn=winner,11pj1gev8cznq8@oksbi,1,3.325,0.357,14,0,0.0,1,1
upi://pay?pa=paytrn667@okaxis&pn=Prize%20Center&cu=INR&am=4.02&tn=winner,paytrn667@okaxis,1,2.948,0.333,9,1,4.02,1,1
upi://pay?pa=8457400192@idfcbank&pn=Priya%20Singh&cu=INR,8457400192@idfcbank,1,2.922,1.0,10,0,0.0,0,0
upi://pay?pa=7629699818@okicici&pn=Green%20Grocers&cu=INR,7629699818@okicici,1,2.446,1.0,10,0,0.0,0,0
upi://pay?pa=goog1e-pay653@okaxis&pn=Prize%20Center&cu=INR&tn=lottery,goog1e-pay653@okaxis,1,3.393,0.308,13,0,0.0,1,1
upi://pay?pa=vendor.shop@axl&pn=Auto%20Rickshaw%20Stand&cu=INR,vendor.shop@axl,1,3.278,0.0,11,0,0.0,0,0
upi://pay?pa=6825868589@okicici&pn=Priya%20Singh&cu=INR&am=2541.98,6825868589@okicici,1,2.122,1.0,10,1,2541.98,0,0
upi://pay?pa=wrn4uiyxe4swfs5z@upi&pn=Verify%20Account&cu=INR&am=2.58&tn=refund,wrn4uiyxe4swfs5z@upi,1,3.625,0.188,16,1,2.58,1,1
upi://pay?pa=9653520580@apl&pn=Cashback%20Desk&cu=INR,9653520580@apl,1,2.646,1.0,10,0,0.0,0,1
upi://pay?pa=kyc-team1@refund-upi&pn=Cashback%20Desk&cu=INR&am=2.37&tn=cashback,kyc-team1@refund-upi,0,3.17,0.111,9,1,2.37,1,1
upi://pay?pa=8183453264@idfcbank&pn=Green%20Grocers&cu=INR&am=4249.12,8183453264@idfcbank,1,2.722,1.0,10,1,4249.12,0,0
upi://pay?pa=vendor.shop@okaxis&pn=Green%20Grocers&cu=INR&am=1026.74,vendor.shop@okaxis,1,3.278,0.0,11,1,1026.74,0,0
upi://pay?pa=cashback53@secure-pay&pn=Verify%20Account&cu=INR&am=2.73&tn=winner,cashback53@secure-pay,0,2.922,0.2,10,1,2.73,1,1
upi://pay?pa=6561387824@jio&pn=City%20Cafe&cu=INR,6561387824@jio,1,2.922,1.0,10,0,0.0,0,0
upi://pay?pa=sunita.devi@kotak&pn=Sharma%20Kirana%20Store&cu=INR,sunita.devi@kotak,1,3.278,0.0,11,0,0.0,0,0
upi://pay?pa=merchant.1996@hdfcbank&pn=Priya%20Singh&cu=INR,merchant.1996@hdfcbank,1,3.547,0.308,13,0,0.0,0,0
upi://pay?pa=rahul.sharma@ibl&pn=Auto%20Rickshaw%20Stand&cu=INR,rahul.sharma@ibl,1,2.855,0.0,12,0,0.0,0,0
upi://pay?pa=q1gt7dht8d610@okicici&pn=Verify%20Account&cu=INR&tn=urgent,q1gt7dht8d610@okicici,1,3.239,0.462,13,0,0.0,1,1
upi://pay?pa=8433411951@axl&pn=Auto%20Rickshaw%20Stand&cu=INR,8433411951@axl,1,2.446,1.0,10,0,0.0,0,0
upi://pay?pa=amit.kumar@axl&pn=Rahul%20Sharma&cu=INR,amit.kumar@axl,1,2.922,0.0,10,0,0.0,0,0
upi://pay?pa=merchant.4768@upi&pn=Priya%20Singh&cu=INR,merchant.4768@upi,1,3.7,0.308,13,0,0.0,0,0
upi://pay?pa=7658077786@okaxis&pn=KYC%20Support&cu=INR&am=1.54&tn=cashback,7658077786@okaxis,1,2.122,1.0,10,1,1.54,1,1
upi://pay?pa=9919408017@okaxis&pn=Green%20Grocers&cu=INR,9919408017@okaxis,1,2.446,1.0,10,0,0.0,0,0
upi://pay?pa=merchant.3116@oksbi&pn=Auto%20Rickshaw%20Stand&cu=INR,merchant.3116@oksbi,1,3.547,0.308,13,0,0.0,0,0
upi://pay?pa=4518370448@kotak&pn=Refund%20Team&cu=INR&am=2.47&tn=verify-now,4518370448@kotak,1,2.646,1.0,10,1,2.47,1,1
upi://pay?pa=refund23@kyc-update&pn=Refund%20Team&cu=INR&tn=reward,refund23@kyc-update,0,3.0,0.25,8,0,0.0,1,1
upi://pay?pa=8625273807@oksbi&pn=Verify%20Account&cu=INR&am=2.21,8625273807@oksbi,1,2.722,1.0,10,1,2.21,0,1
upi://pay?pa=merchant.4744@jio&pn=Sharma%20Kirana%20Store&cu=INR&am=1098.64,merchant.4744@jio,1,3.335,0.308,13,1,1098.64,0,0
upi://pay?pa=sunita.devi@idfcbank&pn=Priya%20Singh&cu=INR&am=2860.5,sunita.devi@idfcbank,1,3.278,0.0,11,1,2860.5,0,0
upi://pay?pa=goog1e-pay428@apl&pn=Prize%20Center&cu=INR&tn=kyc,goog1e-pay428@apl,1,3.393,0.308,13,0,0.0,1,1
upi://pay?pa=refund41@pay-verify&pn=Prize%20Center&cu=INR&tn=lottery,refund41@pay-verify,0,3.0,0.25,8,0,0.0,1,1
upi://pay?pa=rahul.sharma@kotak&pn=Priya%20Singh&cu=INR,rahul.sharma@kotak,1,2.855,0.0,12,0,0.0,0,0
upi://pay?pa=8989118886@okaxis&pn=Om%20Traders&cu=INR,8989118886@okaxis,1,1.761,1.0,10,0,0.0,0,0
upi://pay?pa=merchant.7969@upi&pn=City%20Cafe&cu=INR,merchant.7969@upi,1,3.547,0.308,13,0,0.0,0,0
upi://pay?pa=merchant.8663@ibl&pn=Auto%20Rickshaw%20Stand&cu=INR&am=3038.74,merchant.8663@ibl,1,3.547,0.308,13,1,3038.74,0,0
upi://pay?pa=xpgwjx3bid6@upi&pn=KYC%20Support&cu=INR&tn=verify-now,xpgwjx3bid6@upi,1,3.278,0.182,11,0,0.0,1,1
upi://pay?pa=paytrn112@kotak&pn=Verify%20Account&cu=INR&tn=winner,paytrn112@kotak,1,2.948,0.333,9,0,0.0,1,1
upi://pay?pa=merchant.1801@hdfcbank&pn=Rahul%20Sharma&cu=INR,merchant.1801@hdfcbank,1,3.547,0.308,13,0,0.0,0,0
upi://pay?pa=sunita.devi@paytm&pn=Rahul%20Sharma&cu=INR,sunita.devi@paytm,1,3.278,0.0,11,0,0.0,0,0
upi://pay?pa=9781521071@paytm&pn=City%20Cafe&cu=INR,9781521071@paytm,1,2.646,1.0,10,0,0.0,0,0
upi://pay?pa=merchant.6196@idfcbank&pn=Priya%20Singh&cu=INR,merchant.6196@idfcbank,1,3.547,0.308,13,0,0.0,0,0
upi://pay?pa=paytrn651@okaxis&pn=KYC%20Support&cu=INR&am=3.85&tn=winner,paytrn651@okaxis,1,3.17,0.333,9,1,3.85,1,1
upi://pay?pa=7754563663@apl&pn=Auto%20Rickshaw%20Stand&cu=INR,7754563663@apl,1,2.246,1.0,10,0,0.0,0,0
upi://pay?pa=merchant.662@hdfcbank&pn=Green%20Grocers&cu=INR&am=1614.29,merchant.662@hdfcbank,1,3.418,0.25,12,1,1614.29,0,0
upi://pay?pa=bw5qqb5i92wmsj9@upi&pn=Cashback%20Desk&cu=INR&tn=urgent,bw5qqb5i92wmsj9@upi,1,3.24,0.333,15,0,0.0,1,1
upi://pay?pa=vendor.shop@paytm&pn=Priya%20Singh&cu=INR,vendor.shop@paytm,1,3.278,0.0,11,0,0.0,0,0
upi://pay?pa=2545802407@jio&pn=KYC%20Support&cu=INR&tn=suspend,2545802407@jio,1,2.522,1.0,10,0,0.0,1,1
upi://pay?pa=9511404401@upi&pn=Auto%20Rickshaw%20Stand&cu=INR,9511404401@upi,1,2.171,1.0,10,0,0.0,0,0
upi://pay?pa=2131157501@paytm&pn=Refund%20Team&cu=INR&tn=kyc,2131157501@paytm,1,2.322,1.0,10,0,0.0,1,1
upi://pay?pa=merchant.6045@idfcbank&pn=Priya%20Singh&cu=INR&am=3432.54,merchant.6045@idfcbank,1,3.7,0.308,13,1,3432.54,0,0
upi://pay?pa=7758025662@okaxis&pn=Verify%20Account&cu=INR&tn=blocked,7758025662@okaxis,1,2.522,1.0,10,0,0.0,1,1
upi://pay?pa=468724308@upi&pn=Cashback%20Desk&cu=INR&tn=suspend,468724308@upi,1,2.725,1.0,9,0,0.0,1,1
upi://pay?pa=l6rhzfojvyc2@jio&pn=Verify%20Account&cu=INR&tn=blocked,l6rhzfojvyc2@jio,1,3.585,0.167,12,0,0.0,1,1
upi://pay?pa=rahul.sharma@jio&pn=Sharma%20Kirana%20Store&cu=INR&am=4179.46,rahul.sharma@jio,1,2.855,0.0,12,1,4179.46,0,0
upi://pay?pa=paytrn919@okhdfcbank&pn=Refund%20Team&cu=INR&tn=refund,paytrn919@okhdfcbank,1,2.948,0.333,9,0,0.0,1,1
upi://pay?pa=7838081369@hdfcbank&pn=City%20Cafe&cu=INR,7838081369@hdfcbank,1,2.646,1.0,10,0,0.0,0,0
upi://pay?pa=ieopts2q4ehv1wn@paytm&pn=Prize%20Center&cu=INR&am=4.1&tn=cashback,ieopts2q4ehv1wn@paytm,1,3.774,0.2,15,1,4.1,1,1
upi://pay?pa=support51@secure-pay&pn=Prize%20Center&cu=INR&tn=blocked,support51@secure-pay,0,2.948,0.222,9,0,0.0,1,1
upi://pay?pa=9322524511@axl&pn=KYC%20Support&cu=INR&tn=blocked,9322524511@axl,1,2.446,1.0,10,0,0.0,1,1
upi://pay?pa=vendor.shop@ybl&pn=City%20Cafe&cu=INR,vendor.shop@ybl,1,3.278,0.0,11,0,0.0,0,0
upi://pay?pa=rahul.sharma@axl&pn=Rahul%20Sharma&cu=INR,rahul.sharma@axl,1,2.855,0.0,12,0,0.0,0,0
upi://pay?pa=7671937168@hdfcbank&pn=Priya%20Singh&cu=INR,7671937168@hdfcbank,1,2.446,1.0,10,0,0.0,0,0
upi://pay?pa=refund28@refund-upi&pn=KYC%20Support&cu=INR&am=1.71&tn=lottery,refund28@refund-upi,0,3.0,0.25,8,1,1.71,1,1
upi://pay?pa=bikpdxkiziypi1@jio&pn=Refund%20Team&cu=INR&tn=suspend,bikpdxkiziypi1@jio,1,2.95,0.071,14,0,0.0,1,1
upi://pay?pa=merchant.8873@axl&pn=Rahul%20Sharma&cu=INR,merchant.8873@axl,1,3.547,0.308,13,0,0.0,0,0
upi://pay?pa=kyc-team80@kyc-update&pn=Verify%20Account&cu=INR&am=3.41&tn=winner,kyc-team80@kyc-update,0,3.322,0.2,10,1,3.41,1,1
upi://pay?pa=merchant.574@ybl&pn=City%20Cafe&cu=INR,merchant.574@ybl,1,3.585,0.25,12,0,0.0,0,0
upi://pay?pa=kyc-team24@pay-verify&pn=Refund%20Team&cu=INR&tn=reward,kyc-team24@pay-verify,0,3.322,0.2,10,0,0.0,1,1
upi://pay?pa=7912797925@paytm&pn=Auto%20Rickshaw%20Stand&cu=INR,7912797925@paytm,1,2.171,1.0,10,0,0.0,0,0
upi://pay?pa=amit.kumar@idfcbank&pn=City%20Cafe&cu=INR,amit.kumar@idfcbank,1,2.922,0.0,10,0,0.0,0,0
upi://pay?pa=8374711080@hdfcbank&pn=City%20Cafe&cu=INR,8374711080@hdfcbank,1,2.522,1.0,10,0,0.0,0,0
upi://pay?pa=refund19@pay-verify&pn=Refund%20Team&cu=INR&am=4.84&tn=blocked,refund19@pay-verify,0,3.0,0.25,8,1,4.84,1,1
upi://pay?pa=rahul.sharma@hdfcbank&pn=Auto%20Rickshaw%20Stand&cu=INR,rahul.sharma@hdfcbank,1,2.855,0.0,12,0,0.0,0,0
upi://pay?pa=1710637116@axl&pn=KYC%20Support&cu=INR&am=1.38&tn=blocked,1710637116@axl,1,2.122,1.0,10,1,1.38,1,1
upi://pay?pa=merchant.9226@upi&pn=City%20Cafe&cu=INR,merchant.9226@upi,1,3.547,0.308,13,0,0.0,0,0
upi://pay?pa=9370280232@axl&pn=Cashback%20Desk&cu=INR&am=2.51&tn=blocked,9370280232@axl,1,2.446,1.0,10,1,2.51,1,1
upi://pay?pa=goog1e-pay530@idfcbank&pn=Cashback%20Desk&cu=INR&tn=urgent,goog1e-pay530@idfcbank,1,3.393,0.308,13,0,0.0,1,1
upi://pay?pa=cashback6@refund-upi&pn=KYC%20Support&cu=INR&tn=kyc,cashback6@refund-upi,0,2.725,0.111,9,0,0.0,1,1
upi://pay?pa=8923284290@idfcbank&pn=Green%20Grocers&cu=INR&am=3850.82,8923284290@idfcbank,1,2.446,1.0,10,1,3850.82,0,0
upi://pay?pa=5or6m072hun@paytm&pn=KYC%20Support&cu=INR&am=4.61&tn=suspend,5or6m072hun@paytm,1,3.459,0.455,11,1,4.61,1,1
upi://pay?pa=merchant.8615@axl&pn=Om%20Traders&cu=INR,merchant.8615@axl,1,3.7,0.308,13,0,0.0,0,0
upi://pay?pa=priya123@hdfcbank&pn=Green%20Grocers&cu=INR&am=598.6,priya123@hdfcbank,1,3.0,0.375,8,1,598.6,0,0
upi://pay?pa=refund93@kyc-update&pn=Prize%20Center&cu=INR&am=2.11&tn=urgent,refund93@kyc-update,0,3.0,0.25,8,1,2.11,1,1
upi://pay?pa=merchant.4421@hdfcbank&pn=Green%20Grocers&cu=INR,merchant.4421@hdfcbank,1,3.547,0.308,13,0,0.0,0,0
upi://pay?pa=cashback16@secure-pay&pn=Prize%20Center&cu=INR&am=1.69,cashback16@secure-pay,0,2.922,0.2,10,1,1.69,0,1
upi://pay?pa=merchant.1093@oksbi&pn=Om%20Traders&cu=INR,merchant.1093@oksbi,1,3.7,0.308,13,0,0.0,0,0
upi://pay?pa=8209050101@jio&pn=Auto%20Rickshaw%20Stand&cu=INR&am=939.59,8209050101@jio,1,2.322,1.0,10,1,939.59,0,0
upi://pay?pa=refund83@refund-upi&pn=Refund%20Team&cu=INR&tn=refund,refund83@refund-upi,0,3.0,0.25,8,0,0.0,1,1
upi://pay?pa=m1vl7uo4g4iq9enz@oksbi&pn=Cashback%20Desk&cu=INR&tn=lottery,m1vl7uo4g4iq9enz@oksbi,1,3.875,0.312,16,0,0.0,1,1
upi://pay?pa=9gf2fxx9xjue6ih@paytm&pn=Verify%20Account&cu=INR&tn=urgent,9gf2fxx9xjue6ih@paytm,1,3.323,0.267,15,0,0.0,1,1
upi://pay?pa=priya123@kotak&pn=Green%20Grocers&cu=INR,priya123@kotak,1,3.0,0.375,8,0,0.0,0,0
upi://pay?pa=7cyamnj8pl3@ibl&pn=KYC%20Support&cu=INR&am=4.8&tn=suspend,7cyamnj8pl3@ibl,1,3.459,0.273,11,1,4.8,1,1
upi://pay?pa=merchant.9521@jio&pn=Auto%20Rickshaw%20Stand&cu=INR,merchant.9521@jio,1,3.7,0.308,13,0,0.0,0,0
upi://pay?pa=merchant.8620@apl&pn=Rahul%20Sharma&cu=INR,merchant.8620@apl,1,3.7,0.308,13,0,0.0,0,0
upi://pay?pa=7145711176@okhdfcbank&pn=Sharma%20Kirana%20Store&cu=INR&am=2391.68,7145711176@okhdfcbank,1,2.046,1.0,10,1,2391.68,0,0
upi://pay?pa=4631726024@axl&pn=Verify%20Account&cu=INR&tn=urgent,4631726024@axl,1,2.722,1.0,10,0,0.0,1,1
upi://pay?pa=1350510710@jio&pn=Refund%20Team&cu=INR&tn=blocked,1350510710@jio,1,2.171,1.0,10,0,0.0,1,1
upi://pay?pa=sunita.devi@ybl&pn=City%20Cafe&cu=INR&am=3757.37,sunita.devi@ybl,1,3.278,0.0,11,1,3757.37,0,0
upi://pay?pa=merchant.7877@hdfcbank&pn=Om%20Traders&cu=INR,merchant.7877@hdfcbank,1,3.335,0.308,13,0,0.0,0,0
upi://pay?pa=amit.kumar@okicici&pn=Om%20Traders&cu=INR&am=532.42,amit.kumar@okicici,1,2.922,0.0,10,1,532.42,0,0
upi://pay?pa=b61pdbhf3s@apl&pn=Refund%20Team&cu=INR&tn=kyc,b61pdbhf3s@apl,1,3.122,0.3,10,0,0.0,1,1
upi://pay?pa=o9gf5rxe78d@kotak&pn=Verify%20Account&cu=INR&tn=urgent,o9gf5rxe78d@kotak,1,3.459,0.364,11,0,0.0,1,1
upi://pay?pa=phcnpe189@axl&pn=Prize%20Center&cu=INR&tn=winner,phcnpe189@axl,1,2.948,0.333,9,0,0.0,1,1
upi://pay?pa=phcnpe128@okaxis&pn=Refund%20Team&cu=INR&tn=winner,phcnpe128@okaxis,1,2.948,0.333,9,0,0.0,1,1
upi://pay?pa=9137896054@apl&pn=Cashback%20Desk&cu=INR&am=4.72&tn=reward,9137896054@apl,1,3.122,1.0,10,1,4.72,1,1
upi://pay?pa=merchant.3341@kotak&pn=Om%20Traders&cu=INR,merchant.3341@kotak,1,3.547,0.308,13,0,0.0,0,0
upi://pay?pa=pkx52td2qyu@axl&pn=KYC%20Support&cu=INR&tn=winner,pkx52td2qyu@axl,1,3.278,0.273,11,0,0.0,1,1
upi://pay?pa=8305760425@paytm&pn=KYC%20Support&cu=INR&tn=suspend,8305760425@paytm,1,2.922,1.0,10,0,0.0,1,1
upi://pay?pa=merchant.2665@axl&pn=Priya%20Singh&cu=INR,merchant.2665@axl,1,3.547,0.308,13,0,0.0,0,0
upi://pay?pa=merchant.6318@kotak&pn=Auto%20Rickshaw%20Stand&cu=INR,merchant.6318@kotak,1,3.7,0.308,13,0,0.0,0,0
upi://pay?pa=merchant.7282@oksbi&pn=Priya%20Singh&cu=INR&am=2447.83,merchant.7282@oksbi,1,3.547,0.308,13,1,2447.83,0,0
upi://pay?pa=7416983348@axl&pn=Verify%20Account&cu=INR&tn=urgent,7416983348@axl,1,2.722,1.0,10,0,0.0,1,1
upi://pay?pa=7179896787@okaxis&pn=Rahul%20Sharma&cu=INR,7179896787@okaxis,1,2.122,1.0,10,0,0.0,0,0
upi://pay?pa=goog1e-pay500@okaxis&pn=Prize%20Center&cu=INR&tn=blocked,goog1e-pay500@okaxis,1,3.239,0.308,13,0,0.0,1,1
upi://pay?pa=merchant.5367@okicici&pn=Green%20Grocers&cu=INR,merchant.5367@okicici,1,3.7,0.308,13,0,0.0,0,0
upi://pay?pa=7814135645@hdfcbank&pn=Priya%20Singh&cu=INR,7814135645@hdfcbank,1,2.722,1.0,10,0,0.0,0,0
upi://pay?pa=8389386297@axl&pn=Green%20Grocers&cu=INR,8389386297@axl,1,2.446,1.0,10,0,0.0,0,0
upi://pay?pa=merchant.8692@paytm&pn=Green%20Grocers&cu=INR,merchant.8692@paytm,1,3.7,0.308,13,0,0.0,0,0
upi://pay?pa=6121064582@okicici&pn=Auto%20Rickshaw%20Stand&cu=INR&am=4655.51,6121064582@okicici,1,2.722,1.0,10,1,4655.51,0,0
upi://pay?pa=paytrn433@hdfcbank&pn=Refund%20Team&cu=INR&tn=suspend,paytrn433@hdfcbank,1,2.948,0.333,9,0,0.0,1,1
upi://pay?pa=4681327699@ybl&pn=KYC%20Support&cu=INR&am=1.08&tn=lottery,4681327699@ybl,1,2.922,1.0,10,1,1.08,1,1
upi://pay?pa=9964570811@jio&pn=Sharma%20Kirana%20Store&cu=INR,9964570811@jio,1,2.922,1.0,10,0,0.0,0,0
upi://pay?pa=vendor.shop@jio&pn=City%20Cafe&cu=INR,vendor.shop@jio,1,3.278,0.0,11,0,0.0,0,0
upi://pay?pa=9608353838@okhdfcbank&pn=Rahul%20Sharma&cu=INR,9608353838@okhdfcbank,1,2.371,1.0,10,0,0.0,0,0
upi://pay?pa=cashback26@xn--upi&pn=Prize%20Center&cu=INR&tn=verify-now,cashback26@xn--upi,0,2.922,0.2,10,0,0.0,1,1
upi://pay?pa=82cudld5cxbbl@ibl&pn=Refund%20Team&cu=INR&tn=urgent,82cudld5cxbbl@ibl,1,3.085,0.231,13,0,0.0,1,1
upi://pay?pa=9467148415@okhdfcbank&pn=Verify%20Account&cu=INR&tn=cashback,9467148415@okhdfcbank,1,2.646,1.0,10,0,0.0,1,1
upi://pay?pa=4273031695@axl&pn=KYC%20Support&cu=INR&tn=verify-now,4273031695@axl,1,3.122,1.0,10,0,0.0,1,1
upi://pay?pa=5t7p9qwgr4b8jq@apl&pn=Prize%20Center&cu=INR&tn=urgent,5t7p9qwgr4b8jq@apl,1,3.664,0.357,14,0,0.0,1,1
upi://pay?pa=cashback13@pay-verify&pn=Refund%20Team&cu=INR&am=2.84,cashback13@pay-verify,0,2.922,0.2,10,1,2.84,0,1
upi://pay?pa=merchant.7294@jio&pn=Priya%20Singh&cu=INR,merchant.7294@jio,1,3.7,0.308,13,0,0.0,0,0
upi://pay?pa=merchant.4943@paytm&pn=Auto%20Rickshaw%20Stand&cu=INR,merchant.4943@paytm,1,3.547,0.308,13,0,0.0,0,0
upi://pay?pa=goog1e-pay20@apl&pn=Verify%20Account&cu=INR&tn=kyc,goog1e-pay20@apl,1,3.252,0.25,12,0,0.0,1,1
upi://pay?pa=phcnpe721@kotak&pn=Prize%20Center&cu=INR&am=4.74&tn=urgent,phcnpe721@kotak,1,2.948,0.333,9,1,4.74,1,1
upi://pay?pa=54puihtmme@apl&pn=Prize%20Center&cu=INR,54puihtmme@apl,1,3.122,0.2,10,0,0.0,0,1
upi://pay?pa=paytrn267@upi&pn=Verify%20Account&cu=INR,paytrn267@upi,1,3.17,0.333,9,0,0.0,0,1
upi://pay?pa=rahul.sharma@jio&pn=Rahul%20Sharma&cu=INR,rahul.sharma@jio,1,2.855,0.0,12,0,0.0,0,0
upi://pay?pa=2105377336@axl&pn=Prize%20Center&cu=INR&tn=lottery,2105377336@axl,1,2.646,1.0,10,0,0.0,1,1
upi://pay?pa=support46@secure-pay&pn=Cashback%20Desk&cu=INR&tn=verify-now,support46@secure-pay,0,2.948,0.222,9,0,0.0,1,1
upi://pay?pa=1762607832@ybl&pn=Refund%20Team&cu=INR&am=2.99&tn=refund,1762607832@ybl,1,2.722,1.0,10,1,2.99,1,1
upi://pay?pa=paytrn328@paytm&pn=KYC%20Support&cu=INR&tn=refund,paytrn328@paytm,1,3.17,0.333,9,0,0.0,1,1
upi://pay?pa=goog1e-pay591@ibl&pn=Refund%20Team&cu=INR&tn=kyc,goog1e-pay591@ibl,1,3.239,0.308,13,0,0.0,1,1
upi://pay?pa=rahul.sharma@ybl&pn=City%20Cafe&cu=INR&am=988.58,rahul.sharma@ybl,1,2.855,0.0,12,1,988.58,0,0
upi://pay?pa=4707818575@okicici&pn=Prize%20Center&cu=INR&tn=urgent,4707818575@okicici,1,2.446,1.0,10,0,0.0,1,1
upi://pay?pa=rahul.sharma@oksbi&pn=Om%20Traders&cu=INR,rahul.sharma@oksbi,1,2.855,0.0,12,0,0.0,0,0
upi://pay?pa=merchant.170@paytm&pn=Sharma%20Kirana%20Store&cu=INR,merchant.170@paytm,1,3.585,0.25,12,0,0.0,0,0
upi://pay?pa=9477552498@okhdfcbank&pn=Rahul%20Sharma&cu=INR,9477552498@okhdfcbank,1,2.522,1.0,10,0,0.0,0,0
upi://pay?pa=8991079901@axl&pn=Om%20Traders&cu=INR,8991079901@axl,1,2.122,1.0,10,0,0.0,0,0
upi://pay?pa=merchant.3992@axl&pn=Green%20Grocers&cu=INR&am=3925.85,merchant.3992@axl,1,3.547,0.308,13,1,3925.85,0,0
upi://pay?pa=6994433399@kotak&pn=Priya%20Singh&cu=INR&am=4046.61,6994433399@kotak,1,1.846,1.0,10,1,4046.61,0,0
upi://pay?pa=2951791730@ybl&pn=Prize%20Center&cu=INR,2951791730@ybl,1,2.722,1.0,10,0,0.0,0,1
upi://pay?pa=kyc-team88@refund-upi&pn=KYC%20Support&cu=INR&tn=verify-now,kyc-team88@refund-upi,0,3.122,0.2,10,0,0.0,1,1
upi://pay?pa=rahul.sharma@hdfcbank&pn=Om%20Traders&cu=INR&am=4559.35,rahul.sharma@hdfcbank,1,2.855,0.0,12,1,4559.35,0,0
upi://pay?pa=rahul.sharma@ibl&pn=Om%20Traders&cu=INR&am=1248.0,rahul.sharma@ibl,1,2.855,0.0,12,1,1248.0,0,0
upi://pay?pa=goog1e-pay638@jio&pn=Refund%20Team&cu=INR&tn=lottery,goog1e-pay638@jio,1,3.393,0.308,13,0,0.0,1,1
upi://pay?pa=merchant.9819@okicici&pn=Priya%20Singh&cu=INR,merchant.9819@okicici,1,3.547,0.308,13,0,0.0,0,0
upi://pay?pa=merchant.5114@okaxis&pn=Auto%20Rickshaw%20Stand&cu=INR&am=2416.58,merchant.5114@okaxis,1,3.547,0.308,13,1,2416.58,0,0
upi://pay?pa=merchant.1497@ibl&pn=Green%20Grocers&cu=INR&am=3542.25,merchant.1497@ibl,1,3.7,0.308,13,1,3542.25,0,0
upi://pay?pa=eqerftnvijzx4xvq@okaxis&pn=KYC%20Support&cu=INR&tn=urgent,eqerftnvijzx4xvq@okaxis,1,3.5,0.062,16,0,0.0,1,1
upi://pay?pa=6439470206@upi&pn=City%20Cafe&cu=INR&am=3988.48,6439470206@upi,1,2.722,1.0,10,1,3988.48,0,0
upi://pay?pa=8025889163@jio&pn=Auto%20Rickshaw%20Stand&cu=INR,8025889163@jio,1,2.846,1.0,10,0,0.0,0,0
upi://pay?pa=amit.kumar@kotak&pn=Green%20Grocers&cu=INR&am=3749.81,amit.kumar@kotak,1,2.922,0.0,10,1,3749.81,0,0
upi://pay?pa=vendor.shop@ibl&pn=Om%20Traders&cu=INR,vendor.shop@ibl,1,3.278,0.0,11,0,0.0,0,0
upi://pay?pa=refund50@pay-verify&pn=Cashback%20Desk&cu=INR&tn=blocked,refund50@pay-verify,0,3.0,0.25,8,0,0.0,1,1
upi://pay?pa=amit.kumar@oksbi&pn=Priya%20Singh&cu=INR,amit.kumar@oksbi,1,2.922,0.0,10,0,0.0,0,0
upi://pay?pa=4aakhin8qkbr@okhdfcbank&pn=KYC%20Support&cu=INR&am=3.72&tn=winner,4aakhin8qkbr@okhdfcbank,1,3.252,0.167,12,1,3.72,1,1
upi://pay?pa=support97@xn--upi&pn=Verify%20Account&cu=INR&tn=verify-now,support97@xn--upi,0,2.948,0.222,9,0,0.0,1,1
upi://pay?pa=cashback49@kyc-update&pn=Prize%20Center&cu=INR&tn=winner,cashback49@kyc-update,0,2.922,0.2,10,0,0.0,1,1
upi://pay?pa=9275485246@kotak&pn=Green%20Grocers&cu=INR,9275485246@kotak,1,2.722,1.0,10,0,0.0,0,0
upi://pay?pa=merchant.7937@ibl&pn=Green%20Grocers&cu=INR,merchant.7937@ibl,1,3.547,0.308,13,0,0.0,0,0
upi://pay?pa=7230455714@apl&pn=Rahul%20Sharma&cu=INR,7230455714@apl,1,2.722,1.0,10,0,0.0,0,0
upi://pay?pa=5996248738@ybl&pn=Cashback%20Desk&cu=INR&tn=cashback,5996248738@ybl,1,2.922,1.0,10,0,0.0,1,1
upi://pay?pa=8898792805@axl&pn=Prize%20Center&cu=INR&tn=verify-now,8898792805@axl,1,2.322,1.0,10,0,0.0,1,1
upi://pay?pa=7543980627@hdfcbank&pn=City%20Cafe&cu=INR,7543980627@hdfcbank,1,3.122,1.0,10,0,0.0,0,0
upi://pay?pa=5063439734@okicici&pn=Verify%20Account&cu=INR,5063439734@okicici,1,2.646,1.0,10,0,0.0,0,1
upi://pay?pa=ugqv2x2h8v2wv@kotak&pn=Refund%20Team&cu=INR&am=1.36&tn=reward,ugqv2x2h8v2wv@kotak,1,2.969,0.308,13,1,1.36,1,1
upi://pay?pa=merchant.1737@okicici&pn=City%20Cafe&cu=INR,merchant.1737@okicici,1,3.547,0.308,13,0,0.0,0,0
upi://pay?pa=merchant.2900@hdfcbank&pn=City%20Cafe&cu=INR,merchant.2900@hdfcbank,1,3.547,0.308,13,0,0.0,0,0
upi://pay?pa=1257552961@ibl&pn=Prize%20Center&cu=INR&tn=verify-now,1257552961@ibl,1,2.446,1.0,10,0,0.0,1,1
upi://pay?pa=sunita.devi@axl&pn=Om%20Traders&cu=INR,sunita.devi@axl,1,3.278,0.0,11,0,0.0,0,0
upi://pay?pa=kyc-team37@pay-verify&pn=KYC%20Support&cu=INR&tn=verify-now,kyc-team37@pay-verify,0,3.322,0.2,10,0,0.0,1,1
upi://pay?pa=amit.kumar@apl&pn=Rahul%20Sharma&cu=INR&am=4152.23,amit.kumar@apl,1,2.922,0.0,10,1,4152.23,0,0
upi://pay?pa=vendor.shop@oksbi&pn=Om%20Traders&cu=INR,vendor.shop@oksbi,1,3.278,0.0,11,0,0.0,0,0
upi://pay?pa=support42@kyc-update&pn=Verify%20Account&cu=INR&tn=blocked,support42@kyc-update,0,2.948,0.222,9,0,0.0,1,1
upi://pay?pa=merchant.5948@hdfcbank&pn=Priya%20Singh&cu=INR&am=1117.03,merchant.5948@hdfcbank,1,3.7,0.308,13,1,1117.03,0,0
upi://pay?pa=phcnpe364@axl&pn=Cashback%20Desk&cu=INR&tn=suspend,phcnpe364@axl,1,2.948,0.333,9,0,0.0,1,1
upi://pay?pa=refund69@secure-pay&pn=Cashback%20Desk&cu=INR&tn=cashback,refund69@secure-pay,0,3.0,0.25,8,0,0.0,1,1
upi://pay?pa=6071838242@okaxis&pn=Green%20Grocers&cu=INR&am=3616.52,6071838242@okaxis,1,2.922,1.0,10,1,3616.52,0,0
upi://pay?pa=6034780500@ybl&pn=Green%20Grocers&cu=INR&am=4328.04,6034780500@ybl,1,2.522,1.0,10,1,4328.04,0,0
upi://pay?pa=7586770646@apl&pn=Om%20Traders&cu=INR,7586770646@apl,1,2.371,1.0,10,0,0.0,0,0
upi://pay?pa=6420678544@okaxis&pn=Om%20Traders&cu=INR,6420678544@okaxis,1,2.646,1.0,10,0,0.0,0,0
upi://pay?pa=9591046313@upi&pn=Rahul%20Sharma&cu=INR,9591046313@upi,1,2.722,1.0,10,0,0.0,0,0
upi://pay?pa=merchant.4920@okicici&pn=Green%20Grocers&cu=INR&am=721.32,merchant.4920@okicici,1,3.7,0.308,13,1,721.32,0,0
upi://pay?pa=phcnpe850@ybl&pn=Verify%20Account&cu=INR&tn=kyc,phcnpe850@ybl,1,2.948,0.333,9,0,0.0,1,1
upi://pay?pa=csc876h282epcg@axl&pn=KYC%20Support&cu=INR&tn=refund,csc876h282epcg@axl,1,3.182,0.429,14,0,0.0,1,1
upi://pay?pa=5533060587@paytm&pn=Cashback%20Desk&cu=INR&tn=verify-now,5533060587@paytm,1,2.446,1.0,10,0,0.0,1,1
upi://pay?pa=kyc-team21@pay-verify&pn=Prize%20Center&cu=INR&tn=kyc,kyc-team21@pay-verify,0,3.322,0.2,10,0,0.0,1,1
upi://pay?pa=kyc-team11@kyc-update&pn=Verify%20Account&cu=INR,kyc-team11@kyc-update,0,3.122,0.2,10,0,0.0,0,1
upi://pay?pa=6638092809@axl&pn=Prize%20Center&cu=INR&tn=urgent,6638092809@axl,1,2.522,1.0,10,0,0.0,1,1
upi://pay?pa=3743651624@ibl&pn=Refund%20Team&cu=INR&tn=kyc,3743651624@ibl,1,2.722,1.0,10,0,0.0,1,1
upi://pay?pa=merchant.2051@okhdfcbank&pn=Rahul%20Sharma&cu=INR&am=1164.26,merchant.2051@okhdfcbank,1,3.7,0.308,13,1,1164.26,0,0
upi://pay?pa=x28906qnx0of7swu@paytm&pn=Cashback%20Desk&cu=INR&am=2.93&tn=reward,x28906qnx0of7swu@paytm,1,3.75,0.438,16,1,2.93,1,1
upi://pay?pa=paytrn271@hdfcbank&pn=Prize%20Center&cu=INR,paytrn271@hdfcbank,1,3.17,0.333,9,0,0.0,0,1
upi://pay?pa=merchant.4337@idfcbank&pn=Priya%20Singh&cu=INR&am=3226.01,merchant.4337@idfcbank,1,3.547,0.308,13,1,3226.01,0,0
upi://pay?pa=9210405862@ibl&pn=Om%20Traders&cu=INR,9210405862@ibl,1,2.922,1.0,10,0,0.0,0,0
upi://pay?pa=6270444539@okaxis&pn=Green%20Grocers&cu=INR,6270444539@okaxis,1,2.846,1.0,10,0,0.0,0,0
upi://pay?pa=kyc-team66@secure-pay&pn=Verify%20Account&cu=INR,kyc-team66@secure-pay,0,3.122,0.2,10,0,0.0,0,1
upi://pay?pa=9410631499@okhdfcbank&pn=City%20Cafe&cu=INR,9410631499@okhdfcbank,1,2.446,1.0,10,0,0.0,0,0
upi://pay?pa=merchant.7239@okicici&pn=Priya%20Singh&cu=INR&am=3137.77,merchant.7239@okicici,1,3.7,0.308,13,1,3137.77,0,0
upi://pay?pa=vendor.shop@ybl&pn=Priya%20Singh&cu=INR,vendor.shop@ybl,1,3.278,0.0,11,0,0.0,0,0
upi://pay?pa=merchant.740@apl&pn=Auto%20Rickshaw%20Stand&cu=INR,merchant.740@apl,1,3.585,0.25,12,0,0.0,0,0
upi://pay?pa=refund4@pay-verify&pn=KYC%20Support&cu=INR&tn=winner,refund4@pay-verify,0,2.807,0.143,7,0,0.0,1,1
upi://pay?pa=7724932977@hdfcbank&pn=Om%20Traders&cu=INR,7724932977@hdfcbank,1,2.122,1.0,10,0,0.0,0,0
upi://pay?pa=1626339725@hdfcbank&pn=Prize%20Center&cu=INR&tn=suspend,1626339725@hdfcbank,1,2.722,1.0,10,0,0.0,1,1
upi://pay?pa=rahul.sharma@paytm&pn=Auto%20Rickshaw%20Stand&cu=INR,rahul.sharma@paytm,1,2.855,0.0,12,0,0.0,0,0
upi://pay?pa=refund72@pay-verify&pn=Refund%20Team&cu=INR&am=3.74&tn=blocked,refund72@pay-verify,0,3.0,0.25,8,1,3.74,1,1
upi://pay?pa=7571027407@ybl&pn=Om%20Traders&cu=INR,7571027407@ybl,1,2.322,1.0,10,0,0.0,0,0
upi://pay?pa=cashback14@refund-upi&pn=Prize%20Center&cu=INR&am=2.61&tn=blocked,cashback14@refund-upi,0,2.922,0.2,10,1,2.61,1,1
upi://pay?pa=5363046475@kotak&pn=Prize%20Center&cu=INR&am=2.61&tn=lottery,5363046475@kotak,1,2.522,1.0,10,1,2.61,1,1
upi://pay?pa=paytrn607@kotak&pn=KYC%20Support&cu=INR&tn=winner,paytrn607@kotak,1,3.17,0.333,9,0,0.0,1,1
upi://pay?pa=merchant.6328@kotak&pn=Sharma%20Kirana%20Store&cu=INR,merchant.6328@kotak,1,3.7,0.308,13,0,0.0,0,0
upi://pay?pa=merchant.5497@okaxis&pn=Sharma%20Kirana%20Store&cu=INR,merchant.5497@okaxis,1,3.7,0.308,13,0,0.0,0,0
upi://pay?pa=6uypv2jrcht1tp@okicici&pn=Prize%20Center&cu=INR&tn=urgent,6uypv2jrcht1tp@okicici,1,3.522,0.214,14,0,0.0,1,1
upi://pay?pa=545k5q5goeiot@idfcbank&pn=Refund%20Team&cu=INR&am=3.04&tn=verify-now,545k5q5goeiot@idfcbank,1,2.931,0.385,13,1,3.04,1,1
upi://pay?pa=rahul.sharma@apl&pn=City%20Cafe&cu=INR&am=4361.61,rahul.sharma@apl,1,2.855,0.0,12,1,4361.61,0,0
upi://pay?pa=merchant.9996@oksbi&pn=Priya%20Singh&cu=INR,merchant.9996@oksbi,1,3.335,0.308,13,0,0.0,0,0
upi://pay?pa=nrgcl0kgdveyxfu@upi&pn=Cashback%20Desk&cu=INR&tn=refund,nrgcl0kgdveyxfu@upi,1,3.774,0.067,15,0,0.0,1,1
upi://pay?pa=merchant.7165@kotak&pn=City%20Cafe&cu=INR,merchant.7165@kotak,1,3.7,0.308,13,0,0.0,0,0
upi://pay?pa=vendor.shop@oksbi&pn=City%20Cafe&cu=INR,vendor.shop@oksbi,1,3.278,0.0,11,0,0.0,0,0
upi://pay?pa=8023640408@upi&pn=Cashback%20Desk&cu=INR&tn=cashback,8023640408@upi,1,2.446,1.0,10,0,0.0,1,1
upi://pay?pa=7222564030@okaxis&pn=Auto%20Rickshaw%20Stand&cu=INR,7222564030@okaxis,1,2.646,1.0,10,0,0.0,0,0
upi://pay?pa=7xp2kugeorl0@jio&pn=KYC%20Support&cu=INR&tn=refund,7xp2kugeorl0@jio,1,3.585,0.25,12,0,0.0,1,1
upi://pay?pa=vendor.shop@paytm&pn=Om%20Traders&cu=INR,vendor.shop@paytm,1,3.278,0.0,11,0,0.0,0,0
upi://pay?pa=wj1irva0y0wliwl@okaxis&pn=KYC%20Support&cu=INR&tn=lottery,wj1irva0y0wliwl@okaxis,1,3.19,0.2,15,0,0.0,1,1
upi://pay?pa=paytrn679@okhdfcbank&pn=Verify%20Account&cu=INR&tn=winner,paytrn679@okhdfcbank,1,3.17,0.333,9,0,0.0,1,1
upi://pay?pa=merchant.2110@apl&pn=Om%20Traders&cu=INR&am=3554.93,merchant.2110@apl,1,3.547,0.308,13,1,3554.93,0,0
upi://pay?pa=7422955284@idfcbank&pn=Priya%20Singh&cu=INR&am=323.11,7422955284@idfcbank,1,2.446,1.0,10,1,323.11,0,0
upi://pay?pa=merchant.9421@paytm&pn=Rahul%20Sharma&cu=INR&am=2202.05,merchant.9421@paytm,1,3.7,0.308,13,1,2202.05,0,0
upi://pay?pa=cashback31@kyc-update&pn=KYC%20Support&cu=INR&tn=reward,cashback31@kyc-update,0,2.922,0.2,10,0,0.0,1,1
upi://pay?pa=merchant.9028@idfcbank&pn=Om%20Traders&cu=INR&am=1117.79,merchant.9028@idfcbank,1,3.7,0.308,13,1,1117.79,0,0
upi://pay?pa=9901129102@jio&pn=Om%20Traders&cu=INR,9901129102@jio,1,1.971,1.0,10,0,0.0,0,0
upi://pay?pa=rahul.sharma@ybl&pn=City%20Cafe&cu=INR,rahul.sharma@ybl,1,2.855,0.0,12,0,0.0,0,0
upi://pay?pa=kyc-team79@kyc-update&pn=KYC%20Support&cu=INR&tn=cashback,kyc-team79@kyc-update,0,3.322,0.2,10,0,0.0,1,1
upi://pay?pa=support95@secure-pay&pn=Cashback%20Desk&cu=INR&tn=winner,support95@secure-pay,0,2.948,0.222,9,0,0.0,1,1
upi://pay?pa=vendor.shop@paytm&pn=Priya%20Singh&cu=INR,vendor.shop@paytm,1,3.278,0.0,11,0,0.0,0,0
upi://pay?pa=merchant.536@jio&pn=Green%20Grocers&cu=INR&am=2383.46,merchant.536@jio,1,3.585,0.25,12,1,2383.46,0,0
upi://pay?pa=priya123@idfcbank&pn=Om%20Traders&cu=INR,priya123@idfcbank,1,3.0,0.375,8,0,0.0,0,0
upi://pay?pa=priya123@jio&pn=City%20Cafe&cu=INR,priya123@jio,1,3.0,0.375,8,0,0.0,0,0
upi://pay?pa=7139089120@okhdfcbank&pn=Cashback%20Desk&cu=INR&tn=winner,7139089120@okhdfcbank,1,2.722,1.0,10,0,0.0,1,1
upi://pay?pa=vendor.shop@okhdfcbank&pn=Rahul%20Sharma&cu=INR&am=916.09,vendor.shop@okhdfcbank,1,3.278,0.0,11,1,916.09,0,0
upi://pay?pa=kyc-team87@xn--upi&pn=Cashback%20Desk&cu=INR&tn=refund,kyc-team87@xn--upi,0,3.322,0.2,10,0,0.0,1,1
upi://pay?pa=merchant.3869@ibl&pn=Priya%20Singh&cu=INR,merchant.3869@ibl,1,3.7,0.308,13,0,0.0,0,0
upi://pay?pa=merchant.8099@hdfcbank&pn=Sharma%20Kirana%20Store&cu=INR&am=1791.61,merchant.8099@hdfcbank,1,3.547,0.308,13,1,1791.61,0,0
upi://pay?pa=priya123@jio&pn=Rahul%20Sharma&cu=INR,priya123@jio,1,3.0,0.375,8,0,0.0,0,0
upi://pay?pa=goog1e-pay191@ibl&pn=Cashback%20Desk&cu=INR&tn=refund,goog1e-pay191@ibl,1,3.027,0.308,13,0,0.0,1,1
upi://pay?pa=4801419947@okaxis&pn=Prize%20Center&cu=INR&am=3.3&tn=cashback,4801419947@okaxis,1,2.446,1.0,10,1,3.3,1,1
upi://pay?pa=priya123@idfcbank&pn=City%20Cafe&cu=INR,priya123@idfcbank,1,3.0,0.375,8,0,0.0,0,0
upi://pay?pa=8993553086@okicici&pn=Om%20Traders&cu=INR,8993553086@okicici,1,2.522,1.0,10,0,0.0,0,0
upi://pay?pa=rahul.sharma@apl&pn=Om%20Traders&cu=INR,rahul.sharma@apl,1,2.855,0.0,12,0,0.0,0,0
upi://pay?pa=rahul.sharma@idfcbank&pn=Om%20Traders&cu=INR&am=4892.12,rahul.sharma@idfcbank,1,2.855,0.0,12,1,4892.12,0,0
upi://pay?pa=8567361844@ybl&pn=Om%20Traders&cu=INR,8567361844@ybl,1,2.722,1.0,10,0,0.0,0,0
upi://pay?pa=7448749090@axl&pn=City%20Cafe&cu=INR&am=2690.02,7448749090@axl,1,2.246,1.0,10,1,2690.02,0,0
upi://pay?pa=amit.kumar@paytm&pn=Rahul%20Sharma&cu=INR&am=2833.95,amit.kumar@paytm,1,2.922,0.0,10,1,2833.95,0,0
upi://pay?pa=phcnpe969@hdfcbank&pn=Prize%20Center&cu=INR&am=4.0&tn=refund,phcnpe969@hdfcbank,1,2.725,0.333,9,1,4.0,1,1
upi://pay?pa=2001895466@axl&pn=Cashback%20Desk&cu=INR&tn=urgent,2001895466@axl,1,2.922,1.0,10,0,0.0,1,1
upi://pay?pa=9918424026@kotak&pn=KYC%20Support&cu=INR&tn=suspend,9918424026@kotak,1,2.722,1.0,10,0,0.0,1,1
upi://pay?pa=9115565294@apl&pn=Sharma%20Kirana%20Store&cu=INR&am=1702.11,9115565294@apl,1,2.446,1.0,10,1,1702.11,0,0
upi://pay?pa=cashback26@refund-upi&pn=Prize%20Center&cu=INR&tn=cashback,cashback26@refund-upi,0,2.922,0.2,10,0,0.0,1,1
upi://pay?pa=rahul.sharma@idfcbank&pn=City%20Cafe&cu=INR&am=1312.93,rahul.sharma@idfcbank,1,2.855,0.0,12,1,1312.93,0,0
upi://pay?pa=7861968817@oksbi&pn=Auto%20Rickshaw%20Stand&cu=INR,7861968817@oksbi,1,2.246,1.0,10,0,0.0,0,0
upi://pay?pa=6054183542@idfcbank&pn=Rahul%20Sharma&cu=INR,6054183542@idfcbank,1,2.922,1.0,10,0,0.0,0,0
upi://pay?pa=merchant.6899@kotak&pn=Auto%20Rickshaw%20Stand&cu=INR,merchant.6899@kotak,1,3.547,0.308,13,0,0.0,0,0
upi://pay?pa=amit.kumar@jio&pn=Priya%20Singh&cu=INR,amit.kumar@jio,1,2.922,0.0,10,0,0.0,0,0
upi://pay?pa=merchant.6883@axl&pn=Sharma%20Kirana%20Store&cu=INR&am=1682.29,merchant.6883@axl,1,3.547,0.308,13,1,1682.29,0,0
upi://pay?pa=refund68@pay-verify&pn=Refund%20Team&cu=INR&tn=blocked,refund68@pay-verify,0,3.0,0.25,8,0,0.0,1,1
upi://pay?pa=4629579825@okhdfcbank&pn=Prize%20Center&cu=INR&tn=lottery,4629579825@okhdfcbank,1,2.722,1.0,10,0,0.0,1,1
upi://pay?pa=q3w6bdj7h7redy@idfcbank&pn=Refund%20Team&cu=INR,q3w6bdj7h7redy@idfcbank,1,3.522,0.286,14,0,0.0,0,1
upi://pay?pa=vendor.shop@ybl&pn=Green%20Grocers&cu=INR,vendor.shop@ybl,1,3.278,0.0,11,0,0.0,0,0
upi://pay?pa=4681375360@oksbi&pn=Verify%20Account&cu=INR&tn=kyc,4681375360@oksbi,1,2.922,1.0,10,0,0.0,1,1
upi://pay?pa=goog1e-pay66@okhdfcbank&pn=Refund%20Team&cu=INR&am=1.88&tn=lottery,goog1e-pay66@okhdfcbank,1,3.085,0.25,12,1,1.88,1,1
upi://pay?pa=vendor.shop@okaxis&pn=Auto%20Rickshaw%20Stand&cu=INR,vendor.shop@okaxis,1,3.278,0.0,11,0,0.0,0,0
upi://pay?pa=amit.kumar@kotak&pn=Auto%20Rickshaw%20Stand&cu=INR,amit.kumar@kotak,1,2.922,0.0,10,0,0.0,0,0
upi://pay?pa=7715554644@kotak&pn=Auto%20Rickshaw%20Stand&cu=INR,7715554644@kotak,1,2.171,1.0,10,0,0.0,0,0
upi://pay?pa=6776083520@jio&pn=Sharma%20Kirana%20Store&cu=INR,6776083520@jio,1,2.722,1.0,10,0,0.0,0,0
upi://pay?pa=goog1e-pay497@upi&pn=KYC%20Support&cu=INR&tn=kyc,goog1e-pay497@upi,1,3.393,0.308,13,0,0.0,1,1
upi://pay?pa=7077559866@upi&pn=Priya%20Singh&cu=INR,7077559866@upi,1,2.446,1.0,10,0,0.0,0,0
upi://pay?pa=merchant.8072@ibl&pn=Auto%20Rickshaw%20Stand&cu=INR&am=1269.85,merchant.8072@ibl,1,3.7,0.308,13,1,1269.85,0,0
upi://pay?pa=kyc-team4@xn--upi&pn=KYC%20Support&cu=INR,kyc-team4@xn--upi,0,3.17,0.111,9,0,0.0,0,1
upi://pay?pa=goog1e-pay499@hdfcbank&pn=Verify%20Account&cu=INR&tn=kyc,goog1e-pay499@hdfcbank,1,3.239,0.308,13,0,0.0,1,1
upi://pay?pa=4065815153@apl&pn=Refund%20Team&cu=INR&tn=reward,4065815153@apl,1,2.646,1.0,10,0,0.0,1,1
upi://pay?pa=7773597623@kotak&pn=Priya%20Singh&cu=INR&am=1928.17,7773597623@kotak,1,2.322,1.0,10,1,1928.17,0,0
upi://pay?pa=6845327002@oksbi&pn=Refund%20Team&cu=INR&tn=reward,6845327002@oksbi,1,2.922,1.0,10,0,0.0,1,1
upi://pay?pa=phcnpe378@idfcbank&pn=Prize%20Center&cu=INR&tn=verify-now,phcnpe378@idfcbank,1,2.948,0.333,9,0,0.0,1,1
upi://pay?pa=5802775414@apl&pn=Prize%20Center&cu=INR&tn=suspend,5802775414@apl,1,2.722,1.0,10,0,0.0,1,1
upi://pay?pa=7390395730@kotak&pn=Om%20Traders&cu=INR,7390395730@kotak,1,2.246,1.0,10,0,0.0,0,0
upi://pay?pa=merchant.2693@axl&pn=Green%20Grocers&cu=INR,merchant.2693@axl,1,3.7,0.308,13,0,0.0,0,0
upi://pay?pa=refund61@secure-pay&pn=Verify%20Account&cu=INR&tn=suspend,refund61@secure-pay,0,3.0,0.25,8,0,0.0,1,1
upi://pay?pa=8708479630@oksbi&pn=Rahul%20Sharma&cu=INR,8708479630@oksbi,1,2.722,1.0,10,0,0.0,0,0
upi://pay?pa=phcnpe61@hdfcbank&pn=Prize%20Center&cu=INR&am=4.19&tn=lottery,phcnpe61@hdfcbank,1,2.75,0.25,8,1,4.19,1,1
upi://pay?pa=refund34@xn--upi&pn=KYC%20Support&cu=INR&am=2.0&tn=urgent,refund34@xn--upi,0,3.0,0.25,8,1,2.0,1,1
upi://pay?pa=vendor.shop@oksbi&pn=City%20Cafe&cu=INR&am=1892.27,vendor.shop@oksbi,1,3.278,0.0,11,1,1892.27,0,0
upi://pay?pa=6013195150@hdfcbank&pn=Auto%20Rickshaw%20Stand&cu=INR&am=4800.9,6013195150@hdfcbank,1,2.446,1.0,10,1,4800.9,0,0
upi://pay?pa=7112380464@idfcbank&pn=Sharma%20Kirana%20Store&cu=INR,7112380464@idfcbank,1,2.922,1.0,10,0,0.0,0,0
upi://pay?pa=6320780067@okicici&pn=City%20Cafe&cu=INR&am=697.84,6320780067@okicici,1,2.446,1.0,10,1,697.84,0,0
upi://pay?pa=merchant.8164@kotak&pn=Priya%20Singh&cu=INR,merchant.8164@kotak,1,3.7,0.308,13,0,0.0,0,0
upi://pay?pa=amit.kumar@apl&pn=Sharma%20Kirana%20Store&cu=INR,amit.kumar@apl,1,2.922,0.0,10,0,0.0,0,0
upi://pay?pa=goog1e-pay989@okicici&pn=Prize%20Center&cu=INR&tn=refund,goog1e-pay989@okicici,1,3.239,0.308,13,0,0.0,1,1
upi://pay?pa=kyc-team17@secure-pay&pn=Prize%20Center&cu=INR&tn=reward,kyc-team17@secure-pay,0,3.322,0.2,10,0,0.0,1,1
upi://pay?pa=9612454812@jio&pn=Om%20Traders&cu=INR,9612454812@jio,1,2.722,1.0,10,0,0.0,0,0
upi://pay?pa=cashback71@secure-pay&pn=Prize%20Center&cu=INR&am=4.92&tn=reward,cashback71@secure-pay,0,2.922,0.2,10,1,4.92,1,1
upi://pay?pa=9038499343@hdfcbank&pn=Sharma%20Kirana%20Store&cu=INR,9038499343@hdfcbank,1,2.171,1.0,10,0,0.0,0,0
upi://pay?pa=merchant.5523@okicici&pn=Priya%20Singh&cu=INR,merchant.5523@okicici,1,3.547,0.308,13,0,0.0,0,0
upi://pay?pa=merchant.8505@axl&pn=Sharma%20Kirana%20Store&cu=INR,merchant.8505@axl,1,3.547,0.308,13,0,0.0,0,0
upi://pay?pa=merchant.5788@ybl&pn=Om%20Traders&cu=INR,merchant.5788@ybl,1,3.547,0.308,13,0,0.0,0,0
upi://pay?pa=merchant.6397@idfcbank&pn=Om%20Traders&cu=INR,merchant.6397@idfcbank,1,3.7,0.308,13,0,0.0,0,0
upi://pay?pa=p1fxkyjjz858@axl&pn=Refund%20Team&cu=INR,p1fxkyjjz858@axl,1,3.252,0.333,12,0,0.0,0,1
upi://pay?pa=8652628333@okicici&pn=City%20Cafe&cu=INR,8652628333@okicici,1,2.246,1.0,10,0,0.0,0,0
upi://pay?pa=amit.kumar@kotak&pn=Auto%20Rickshaw%20Stand&cu=INR,amit.kumar@kotak,1,2.922,0.0,10,0,0.0,0,0
upi://pay?pa=bcvf6fovk2h@paytm&pn=Refund%20Team&cu=INR&tn=cashback,bcvf6fovk2h@paytm,1,3.096,0.182,11,0,0.0,1,1
upi://pay?pa=sunita.devi@axl&pn=Auto%20Rickshaw%20Stand&cu=INR&am=3242.9,sunita.devi@axl,1,3.278,0.0,11,1,3242.9,0,0
upi://pay?pa=support90@kyc-update&pn=Prize%20Center&cu=INR,support90@kyc-update,0,2.948,0.222,9,0,0.0,0,1
upi://pay?pa=merchant.4506@kotak&pn=Sharma%20Kirana%20Store&cu=INR,merchant.4506@kotak,1,3.7,0.308,13,0,0.0,0,0
upi://pay?pa=refund78@kyc-update&pn=KYC%20Support&cu=INR&tn=reward,refund78@kyc-update,0,3.0,0.25,8,0,0.0,1,1
upi://pay?pa=7837237045@ybl&pn=Green%20Grocers&cu=INR,7837237045@ybl,1,2.646,1.0,10,0,0.0,0,0
upi://pay?pa=refund7@xn--upi&pn=Cashback%20Desk&cu=INR&tn=reward,refund7@xn--upi,0,2.807,0.143,7,0,0.0,1,1
upi://pay?pa=paytrn393@ibl&pn=Verify%20Account&cu=INR&tn=kyc,paytrn393@ibl,1,2.948,0.333,9,0,0.0,1,1
upi://pay?pa=8839659270@okhdfcbank&pn=KYC%20Support&cu=INR&am=1.87&tn=lottery,8839659270@okhdfcbank,1,2.922,1.0,10,1,1.87,1,1
upi://pay?pa=9196786163@idfcbank&pn=Sharma%20Kirana%20Store&cu=INR,9196786163@idfcbank,1,2.446,1.0,10,0,0.0,0,0
upi://pay?pa=6462889778@ybl&pn=Auto%20Rickshaw%20Stand&cu=INR&am=3421.5,6462889778@ybl,1,2.446,1.0,10,1,3421.5,0,0
upi://pay?pa=priya123@jio&pn=Auto%20Rickshaw%20Stand&cu=INR,priya123@jio,1,3.0,0.375,8,0,0.0,0,0
upi://pay?pa=5hdfub4rc05zj8t@okaxis&pn=Cashback%20Desk&cu=INR&am=1.59&tn=cashback,5hdfub4rc05zj8t@okaxis,1,3.774,0.333,15,1,1.59,1,1
upi://pay?pa=priya123@idfcbank&pn=Rahul%20Sharma&cu=INR,priya123@idfcbank,1,3.0,0.375,8,0,0.0,0,0
upi://pay?pa=2458574417@ibl&pn=KYC%20Support&cu=INR&am=2.42&tn=lottery,2458574417@ibl,1,2.446,1.0,10,1,2.42,1,1
upi://pay?pa=8604624980@paytm&pn=Priya%20Singh&cu=INR&am=4337.34,8604624980@paytm,1,2.522,1.0,10,1,4337.34,0,0
upi://pay?pa=phcnpe374@apl&pn=Prize%20Center&cu=INR&am=1.02&tn=verify-now,phcnpe374@apl,1,2.948,0.333,9,1,1.02,1,1
upi://pay?pa=goog1e-pay653@kotak&pn=Refund%20Team&cu=INR&tn=urgent,goog1e-pay653@kotak,1,3.393,0.308,13,0,0.0,1,1
upi://pay?pa=6488303833@oksbi&pn=Cashback%20Desk&cu=INR&am=4.11&tn=reward,6488303833@oksbi,1,2.046,1.0,10,1,4.11,1,1
upi://pay?pa=support62@pay-verify&pn=KYC%20Support&cu=INR&tn=urgent,support62@pay-verify,0,2.948,0.222,9,0,0.0,1,1
upi://pay?pa=6495661785@idfcbank&pn=Priya%20Singh&cu=INR,6495661785@idfcbank,1,2.646,1.0,10,0,0.0,0,0
upi://pay?pa=paytrn710@oksbi&pn=Verify%20Account&cu=INR&am=3.46&tn=refund,paytrn710@oksbi,1,3.17,0.333,9,1,3.46,1,1
upi://pay?pa=kyc-team15@xn--upi&pn=Prize%20Center&cu=INR&tn=urgent,kyc-team15@xn--upi,0,3.322,0.2,10,0,0.0,1,1
upi://pay?pa=rahul.sharma@upi&pn=City%20Cafe&cu=INR,rahul.sharma@upi,1,2.855,0.0,12,0,0.0,0,0
upi://pay?pa=priya123@kotak&pn=Rahul%20Sharma&cu=INR,priya123@kotak,1,3.0,0.375,8,0,0.0,0,0
upi://pay?pa=7991366906@axl&pn=Auto%20Rickshaw%20Stand&cu=INR,7991366906@axl,1,2.371,1.0,10,0,0.0,0,0
upi://pay?pa=6804443920@oksbi&pn=Verify%20Account&cu=INR&am=2.57&tn=kyc,6804443920@oksbi,1,2.646,1.0,10,1,2.57,1,1
upi://pay?pa=rahul.sharma@okhdfcbank&pn=Sharma%20Kirana%20Store&cu=INR&am=680.85,rahul.sharma@okhdfcbank,1,2.855,0.0,12,1,680.85,0,0
upi://pay?pa=merchant.2173@idfcbank&pn=Auto%20Rickshaw%20Stand&cu=INR,merchant.2173@idfcbank,1,3.7,0.308,13,0,0.0,0,0
upi://pay?pa=s5xrga3l71029dg@kotak&pn=Refund%20Team&cu=INR&tn=blocked,s5xrga3l71029dg@kotak,1,3.774,0.467,15,0,0.0,1,1
upi://pay?pa=1jusshu1bacxf6r@axl&pn=KYC%20Support&cu=INR&am=3.12&tn=refund,1jusshu1bacxf6r@axl,1,3.507,0.2,15,1,3.12,1,1
upi://pay?pa=goog1e-pay888@apl&pn=Prize%20Center&cu=INR&am=4.82&tn=suspend,goog1e-pay888@apl,1,3.027,0.308,13,1,4.82,1,1
upi://pay?pa=6527274853@axl&pn=Cashback%20Desk&cu=INR&am=2.47&tn=reward,6527274853@axl,1,2.722,1.0,10,1,2.47,1,1
upi://pay?pa=phcnpe610@ibl&pn=Cashback%20Desk&cu=INR&am=4.14&tn=cashback,phcnpe610@ibl,1,2.948,0.333,9,1,4.14,1,1
upi://pay?pa=388812998@axl&pn=Verify%20Account&cu=INR&tn=lottery,388812998@axl,1,2.059,1.0,9,0,0.0,1,1
upi://pay?pa=7446770400@upi&pn=Priya%20Singh&cu=INR,7446770400@upi,1,1.895,1.0,10,0,0.0,0,0
upi://pay?pa=1073411472@ybl&pn=Prize%20Center&cu=INR&tn=kyc,1073411472@ybl,1,2.446,1.0,10,0,0.0,1,1
upi://pay?pa=rahul.sharma@jio&pn=Priya%20Singh&cu=INR&am=3550.65,rahul.sharma@jio,1,2.855,0.0,12,1,3550.65,0,0
upi://pay?pa=merchant.6299@axl&pn=City%20Cafe&cu=INR,merchant.6299@axl,1,3.547,0.308,13,0,0.0,0,0
upi://pay?pa=paytrn962@apl&pn=Verify%20Account&cu=INR&am=2.79&tn=blocked,paytrn962@apl,1,3.17,0.333,9,1,2.79,1,1
upi://pay?pa=refund14@pay-verify&pn=Refund%20Team&cu=INR,refund14@pay-verify,0,3.0,0.25,8,0,0.0,0,1
upi://pay?pa=merchant.8824@axl&pn=Sharma%20Kirana%20Store&cu=INR,merchant.8824@axl,1,3.547,0.308,13,0,0.0,0,0
upi://pay?pa=phcnpe908@ybl&pn=KYC%20Support&cu=INR&am=3.44&tn=cashback,phcnpe908@ybl,1,2.948,0.333,9,1,3.44,1,1
upi://pay?pa=merchant.2946@okaxis&pn=City%20Cafe&cu=INR,merchant.2946@okaxis,1,3.7,0.308,13,0,0.0,0,0
upi://pay?pa=priya123@ybl&pn=Green%20Grocers&cu=INR&am=3739.33,priya123@ybl,1,3.0,0.375,8,1,3739.33,0,0
upi://pay?pa=refund64@refund-upi&pn=Prize%20Center&cu=INR&tn=kyc,refund64@refund-upi,0,3.0,0.25,8,0,0.0,1,1
upi://pay?pa=paytrn190@okhdfcbank&pn=Refund%20Team&cu=INR&tn=cashback,paytrn190@okhdfcbank,1,3.17,0.333,9,0,0.0,1,1
upi://pay?pa=kyc-team11@kyc-update&pn=KYC%20Support&cu=INR&am=2.37&tn=kyc,kyc-team11@kyc-update,0,3.122,0.2,10,1,2.37,1,1
upi://pay?pa=phcnpe440@apl&pn=Cashback%20Desk&cu=INR,phcnpe440@apl,1,2.725,0.333,9,0,0.0,0,1
upi://pay?pa=paytrn607@oksbi&pn=Refund%20Team&cu=INR&tn=lottery,paytrn607@oksbi,1,3.17,0.333,9,0,0.0,1,1
upi://pay?pa=support88@pay-verify&pn=Verify%20Account&cu=INR&tn=winner,support88@pay-verify,0,2.725,0.222,9,0,0.0,1,1
upi://pay?pa=cashback34@pay-verify&pn=Cashback%20Desk&cu=INR&tn=refund,cashback34@pay-verify,0,2.922,0.2,10,0,0.0,1,1
upi://pay?pa=8450223707@oksbi&pn=Om%20Traders&cu=INR,8450223707@oksbi,1,2.722,1.0,10,0,0.0,0,0
upi://pay?pa=9794427097@axl&pn=Cashback%20Desk&cu=INR&tn=blocked,9794427097@axl,1,2.171,1.0,10,0,0.0,1,1
upi://pay?pa=8459309237@axl&pn=Rahul%20Sharma&cu=INR&am=2850.15,8459309237@axl,1,2.922,1.0,10,1,2850.15,0,0
upi://pay?pa=refund3@secure-pay&pn=Refund%20Team&cu=INR&tn=winner,refund3@secure-pay,0,2.807,0.143,7,0,0.0,1,1
upi://pay?pa=8656925857@kotak&pn=Om%20Traders&cu=INR&am=228.95,8656925857@kotak,1,2.446,1.0,10,1,228.95,0,0
upi://pay?pa=7300041971@paytm&pn=Rahul%20Sharma&cu=INR,7300041971@paytm,1,2.446,1.0,10,0,0.0,0,0
upi://pay?pa=mrcpht102f2ld52@hdfcbank&pn=Verify%20Account&cu=INR&tn=suspend,mrcpht102f2ld52@hdfcbank,1,3.59,0.4,15,0,0.0,1,1
upi://pay?pa=27f57u59y61f42@paytm&pn=Verify%20Account&cu=INR&tn=winner,27f57u59y61f42@paytm,1,3.236,0.714,14,0,0.0,1,1
upi://pay?pa=phcnpe428@idfcbank&pn=KYC%20Support&cu=INR&tn=cashback,phcnpe428@idfcbank,1,2.948,0.333,9,0,0.0,1,1
upi://pay?pa=a1l1cegoynry@ybl&pn=Refund%20Team&cu=INR&tn=lottery,a1l1cegoynry@ybl,1,3.252,0.167,12,0,0.0,1,1
upi://pay?pa=paytrn333@jio&pn=Prize%20Center&cu=INR&am=4.28&tn=verify-now,paytrn333@jio,1,2.642,0.333,9,1,4.28,1,1
upi://pay?pa=9421940259@jio&pn=Sharma%20Kirana%20Store&cu=INR,9421940259@jio,1,2.446,1.0,10,0,0.0,0,0
upi://pay?pa=merchant.8640@ybl&pn=Om%20Traders&cu=INR,merchant.8640@ybl,1,3.7,0.308,13,0,0.0,0,0
upi://pay?pa=merchant.9003@ibl&pn=Om%20Traders&cu=INR,merchant.9003@ibl,1,3.547,0.308,13,0,0.0,0,0
upi://pay?pa=6801367625@ibl&pn=Om%20Traders&cu=INR,6801367625@ibl,1,2.846,1.0,10,0,0.0,0,0
upi://pay?pa=6223561937@ibl&pn=Priya%20Singh&cu=INR&am=2160.37,6223561937@ibl,1,2.722,1.0,10,1,2160.37,0,0
upi://pay?pa=1145814756@kotak&pn=Prize%20Center&cu=INR&tn=blocked,1145814756@kotak,1,2.446,1.0,10,0,0.0,1,1
upi://pay?pa=6684802523@kotak&pn=Rahul%20Sharma&cu=INR&am=2106.67,6684802523@kotak,1,2.722,1.0,10,1,2106.67,0,0
upi://pay?pa=merchant.3377@apl&pn=Priya%20Singh&cu=INR,merchant.3377@apl,1,3.393,0.308,13,0,0.0,0,0
upi://pay?pa=rahul.sharma@ybl&pn=Sharma%20Kirana%20Store&cu=INR&am=1207.43,rahul.sharma@ybl,1,2.855,0.0,12,1,1207.43,0,0
upi://pay?pa=6965081954@oksbi&pn=Priya%20Singh&cu=INR,6965081954@oksbi,1,2.722,1.0,10,0,0.0,0,0
upi://pay?pa=5751169125@ibl&pn=Refund%20Team&cu=INR&tn=verify-now,5751169125@ibl,1,2.371,1.0,10,0,0.0,1,1
upi://pay?pa=7582993601@ibl&pn=Om%20Traders&cu=INR,7582993601@ibl,1,3.122,1.0,10,0,0.0,0,0
upi://pay?pa=5529688784@idfcbank&pn=Prize%20Center&cu=INR&tn=cashback,5529688784@idfcbank,1,2.646,1.0,10,0,0.0,1,1
upi://pay?pa=2647602031@idfcbank&pn=Refund%20Team&cu=INR&tn=verify-now,2647602031@idfcbank,1,2.722,1.0,10,0,0.0,1,1
upi://pay?pa=merchant.4199@upi&pn=City%20Cafe&cu=INR,merchant.4199@upi,1,3.547,0.308,13,0,0.0,0,0
upi://pay?pa=8399533390@hdfcbank&pn=Auto%20Rickshaw%20Stand&cu=INR,8399533390@hdfcbank,1,2.046,1.0,10,0,0.0,0,0
upi://pay?pa=sunita.devi@idfcbank&pn=Sharma%20Kirana%20Store&cu=INR,sunita.devi@idfcbank,1,3.278,0.0,11,0,0.0,0,0
upi://pay?pa=priya123@upi&pn=Sharma%20Kirana%20Store&cu=INR,priya123@upi,1,3.0,0.375,8,0,0.0,0,0
upi://pay?pa=merchant.6594@oksbi&pn=Om%20Traders&cu=INR&am=2622.86,merchant.6594@oksbi,1,3.7,0.308,13,1,2622.86,0,0
upi://pay?pa=sunita.devi@ibl&pn=Om%20Traders&cu=INR,sunita.devi@ibl,1,3.278,0.0,11,0,0.0,0,0
upi://pay?pa=merchant.8302@ybl&pn=Green%20Grocers&cu=INR,merchant.8302@ybl,1,3.7,0.308,13,0,0.0,0,0
upi://pay?pa=merchant.4446@okhdfcbank&pn=Rahul%20Sharma&cu=INR,merchant.4446@okhdfcbank,1,3.335,0.308,13,0,0.0,0,0
upi://pay?pa=8cx9xscnkl4@idfcbank&pn=Prize%20Center&cu=INR&tn=cashback,8cx9xscnkl4@idfcbank,1,3.096,0.273,11,0,0.0,1,1
upi://pay?pa=kyc-team23@secure-pay&pn=Cashback%20Desk&cu=INR&am=2.65&tn=winner,kyc-team23@secure-pay,0,3.322,0.2,10,1,2.65,1,1
upi://pay?pa=goog1e-pay268@axl&pn=Refund%20Team&cu=INR&am=1.9&tn=winner,goog1e-pay268@axl,1,3.393,0.308,13,1,1.9,1,1
upi://pay?pa=792923716@idfcbank&pn=Prize%20Center&cu=INR&tn=winner,792923716@idfcbank,1,2.503,1.0,9,0,0.0,1,1
upi://pay?pa=6009669982@kotak&pn=Om%20Traders&cu=INR,6009669982@kotak,1,2.171,1.0,10,0,0.0,0,0
upi://pay?pa=7309034704@okaxis&pn=Green%20Grocers&cu=INR&am=225.09,7309034704@okaxis,1,2.246,1.0,10,1,225.09,0,0
upi://pay?pa=1u5w2k2ub5zr83@hdfcbank&pn=KYC%20Support&cu=INR&tn=blocked,1u5w2k2ub5zr83@hdfcbank,1,3.379,0.5,14,0,0.0,1,1
upi://pay?pa=merchant.3865@idfcbank&pn=Rahul%20Sharma&cu=INR,merchant.3865@idfcbank,1,3.7,0.308,13,0,0.0,0,0
upi://pay?pa=rahul.sharma@upi&pn=Rahul%20Sharma&cu=INR,rahul.sharma@upi,1,2.855,0.0,12,0,0.0,0,0
upi://pay?pa=support70@refund-upi&pn=Cashback%20Desk&cu=INR,support70@refund-upi,0,2.948,0.222,9,0,0.0,0,1
upi://pay?pa=4831343699@okaxis&pn=KYC%20Support&cu=INR&tn=urgent,4831343699@okaxis,1,2.446,1.0,10,0,0.0,1,1
upi://pay?pa=3634880956@hdfcbank&pn=Refund%20Team&cu=INR&tn=urgent,3634880956@hdfcbank,1,2.722,1.0,10,0,0.0,1,1
upi://pay?pa=fqa2xawggg1ia@upi&pn=Cashback%20Desk&cu=INR&tn=reward,fqa2xawggg1ia@upi,1,2.969,0.154,13,0,0.0,1,1
upi://pay?pa=vendor.shop@okicici&pn=Sharma%20Kirana%20Store&cu=INR,vendor.shop@okicici,1,3.278,0.0,11,0,0.0,0,0
upi://pay?pa=9910752537@kotak&pn=Sharma%20Kirana%20Store&cu=INR,9910752537@kotak,1,2.722,1.0,10,0,0.0,0,0
upi://pay?pa=7323963739@kotak&pn=Green%20Grocers&cu=INR,7323963739@kotak,1,2.122,1.0,10,0,0.0,0,0
upi://pay?pa=cashback81@secure-pay&pn=Refund%20Team&cu=INR&tn=kyc,cashback81@secure-pay,0,2.922,0.2,10,0,0.0,1,1
upi://pay?pa=vendor.shop@okaxis&pn=Green%20Grocers&cu=INR&am=1861.97,vendor.shop@okaxis,1,3.278,0.0,11,1,1861.97,0,0
upi://pay?pa=support95@secure-pay&pn=Cashback%20Desk&cu=INR&tn=blocked,support95@secure-pay,0,2.948,0.222,9,0,0.0,1,1
upi://pay?pa=paytrn424@okaxis&pn=Refund%20Team&cu=INR&tn=verify-now,paytrn424@okaxis,1,2.948,0.333,9,0,0.0,1,1
upi://pay?pa=cashback23@pay-verify&pn=Refund%20Team&cu=INR&tn=refund,cashback23@pay-verify,0,2.922,0.2,10,0,0.0,1,1
upi://pay?pa=refund72@xn--upi&pn=Cashback%20Desk&cu=INR&am=4.13&tn=cashback,refund72@xn--upi,0,3.0,0.25,8,1,4.13,1,1
upi://pay?pa=paytrn521@kotak&pn=Refund%20Team&cu=INR&tn=verify-now,paytrn521@kotak,1,3.17,0.333,9,0,0.0,1,1
upi://pay?pa=merchant.8528@paytm&pn=Green%20Grocers&cu=INR&am=4296.09,merchant.8528@paytm,1,3.547,0.308,13,1,4296.09,0,0
upi://pay?pa=goog1e-pay166@paytm&pn=Prize%20Center&cu=INR&tn=reward,goog1e-pay166@paytm,1,3.085,0.308,13,0,0.0,1,1
upi://pay?pa=8299599426@okicici&pn=Priya%20Singh&cu=INR,8299599426@okicici,1,2.322,1.0,10,0,0.0,0,0
upi://pay?pa=9716467404@okicici&pn=City%20Cafe&cu=INR&am=4071.12,9716467404@okicici,1,2.446,1.0,10,1,4071.12,0,0
upi://pay?pa=sunita.devi@ybl&pn=Sharma%20Kirana%20Store&cu=INR,sunita.devi@ybl,1,3.278,0.0,11,0,0.0,0,0
upi://pay?pa=goog1e-pay67@ybl&pn=Verify%20Account&cu=INR&am=3.54&tn=verify-now,goog1e-pay67@ybl,1,3.252,0.25,12,1,3.54,1,1
upi://pay?pa=goog1e-pay663@okaxis&pn=Prize%20Center&cu=INR&am=3.77&tn=refund,goog1e-pay663@okaxis,1,3.239,0.308,13,1,3.77,1,1
upi://pay?pa=7720484983@okaxis&pn=Sharma%20Kirana%20Store&cu=INR,7720484983@okaxis,1,2.722,1.0,10,0,0.0,0,0
upi://pay?pa=merchant.960@okaxis&pn=Auto%20Rickshaw%20Stand&cu=INR,merchant.960@okaxis,1,3.585,0.25,12,0,0.0,0,0
upi://pay?pa=refund60@secure-pay&pn=KYC%20Support&cu=INR&tn=refund,refund60@secure-pay,0,3.0,0.25,8,0,0.0,1,1
upi://pay?pa=goog1e-pay320@hdfcbank&pn=Verify%20Account&cu=INR&am=3.39&tn=kyc,goog1e-pay320@hdfcbank,1,3.393,0.308,13,1,3.39,1,1
upi://pay?pa=paytrn391@axl&pn=Prize%20Center&cu=INR&am=3.42&tn=suspend,paytrn391@axl,1,3.17,0.333,9,1,3.42,1,1
upi://pay?pa=merchant.4570@paytm&pn=City%20Cafe&cu=INR,merchant.4570@paytm,1,3.7,0.308,13,0,0.0,0,0
upi://pay?pa=merchant.6791@ibl&pn=Sharma%20Kirana%20Store&cu=INR&am=1705.59,merchant.6791@ibl,1,3.7,0.308,13,1,1705.59,0,0
upi://pay?pa=1605256851@paytm&pn=Verify%20Account&cu=INR&tn=urgent,1605256851@paytm,1,2.446,1.0,10,0,0.0,1,1
upi://pay?pa=9187144944@ybl&pn=Rahul%20Sharma&cu=INR,9187144944@ybl,1,2.122,1.0,10,0,0.0,0,0
upi://pay?pa=8457912746@apl&pn=Auto%20Rickshaw%20Stand&cu=INR&am=2347.68,8457912746@apl,1,2.922,1.0,10,1,2347.68,0,0
upi://pay?pa=merchant.2897@okicici&pn=Green%20Grocers&cu=INR&am=3713.49,merchant.2897@okicici,1,3.7,0.308,13,1,3713.49,0,0
upi://pay?pa=cashback77@secure-pay&pn=Prize%20Center&cu=INR&am=1.96,cashback77@secure-pay,0,2.722,0.2,10,1,1.96,0,1
upi://pay?pa=5763284712@jio&pn=KYC%20Support&cu=INR&tn=kyc,5763284712@jio,1,2.922,1.0,10,0,0.0,1,1
upi://pay?pa=goog1e-pay125@idfcbank&pn=Prize%20Center&cu=INR&tn=cashback,goog1e-pay125@idfcbank,1,3.239,0.308,13,0,0.0,1,1
upi://pay?pa=rahul.sharma@upi&pn=Priya%20Singh&cu=INR,rahul.sharma@upi,1,2.855,0.0,12,0,0.0,0,0
upi://pay?pa=merchant.7756@axl&pn=Sharma%20Kirana%20Store&cu=INR,merchant.7756@axl,1,3.547,0.308,13,0,0.0,0,0
upi://pay?pa=okr7phni2mlw2@okhdfcbank&pn=Cashback%20Desk&cu=INR,okr7phni2mlw2@okhdfcbank,1,3.547,0.231,13,0,0.0,0,1
upi://pay?pa=rvkdxt3u6ok@okicici&pn=Prize%20Center&cu=INR&tn=winner,rvkdxt3u6ok@okicici,1,3.278,0.182,11,0,0.0,1,1
upi://pay?pa=2295332367@upi&pn=Refund%20Team&cu=INR&tn=suspend,2295332367@upi,1,2.371,1.0,10,0,0.0,1,1
upi://pay?pa=amit.kumar@oksbi&pn=Sharma%20Kirana%20Store&cu=INR,amit.kumar@oksbi,1,2.922,0.0,10,0,0.0,0,0
upi://pay?pa=kyc-team63@kyc-update&pn=Refund%20Team&cu=INR&tn=cashback,kyc-team63@kyc-update,0,3.322,0.2,10,0,0.0,1,1
upi://pay?pa=support3@pay-verify&pn=Prize%20Center&cu=INR&tn=refund,support3@pay-verify,0,2.75,0.125,8,0,0.0,1,1
upi://pay?pa=8036051787@okhdfcbank&pn=KYC%20Support&cu=INR,8036051787@okhdfcbank,1,2.722,1.0,10,0,0.0,0,1
upi://pay?pa=refund25@pay-verify&pn=Cashback%20Desk&cu=INR&tn=kyc,refund25@pay-verify,0,3.0,0.25,8,0,0.0,1,1
upi://pay?pa=support27@xn--upi&pn=Cashback%20Desk&cu=INR&tn=reward,support27@xn--upi,0,2.948,0.222,9,0,0.0,1,1
upi://pay?pa=4143958855@ibl&pn=KYC%20Support&cu=INR&am=3.75&tn=verify-now,4143958855@ibl,1,2.446,1.0,10,1,3.75,1,1
upi://pay?pa=8266514210@paytm&pn=Priya%20Singh&cu=INR,8266514210@paytm,1,2.722,1.0,10,0,0.0,0,0
upi://pay?pa=53xui8lpy058e6pl@upi&pn=Prize%20Center&cu=INR&tn=cashback,53xui8lpy058e6pl@upi,1,3.5,0.438,16,0,0.0,1,1
upi://pay?pa=6079926485@upi&pn=Refund%20Team&cu=INR&tn=winner,6079926485@upi,1,2.922,1.0,10,0,0.0,1,1
upi://pay?pa=197938559@paytm&pn=Verify%20Account&cu=INR&tn=cashback,197938559@paytm,1,2.419,1.0,9,0,0.0,1,1
upi://pay?pa=merchant.9498@okaxis&pn=Sharma%20Kirana%20Store&cu=INR,merchant.9498@okaxis,1,3.547,0.308,13,0,0.0,0,0
upi://pay?pa=8065961960@okaxis&pn=City%20Cafe&cu=INR&am=953.11,8065961960@okaxis,1,2.446,1.0,10,1,953.11,0,0
upi://pay?pa=amit.kumar@apl&pn=Auto%20Rickshaw%20Stand&cu=INR,amit.kumar@apl,1,2.922,0.0,10,0,0.0,0,0
upi://pay?pa=merchant.476@oksbi&pn=Priya%20Singh&cu=INR,merchant.476@oksbi,1,3.585,0.25,12,0,0.0,0,0
upi://pay?pa=phcnpe295@okaxis&pn=KYC%20Support&cu=INR&tn=winner,phcnpe295@okaxis,1,2.948,0.333,9,0,0.0,1,1
upi://pay?pa=merchant.4205@idfcbank&pn=Priya%20Singh&cu=INR,merchant.4205@idfcbank,1,3.7,0.308,13,0,0.0,0,0
upi://pay?pa=goog1e-pay897@ybl&pn=KYC%20Support&cu=INR,goog1e-pay897@ybl,1,3.393,0.308,13,0,0.0,0,1
upi://pay?pa=8823642917@jio&pn=Sharma%20Kirana%20Store&cu=INR&am=1996.54,8823642917@jio,1,2.922,1.0,10,1,1996.54,0,0
upi://pay?pa=6664768939@oksbi&pn=Om%20Traders&cu=INR,6664768939@oksbi,1,2.322,1.0,10,0,0.0,0,0
upi://pay?pa=merchant.7225@upi&pn=Om%20Traders&cu=INR,merchant.7225@upi,1,3.547,0.308,13,0,0.0,0,0
upi://pay?pa=phcnpe109@axl&pn=Prize%20Center&cu=INR&am=3.99&tn=suspend,phcnpe109@axl,1,2.948,0.333,9,1,3.99,1,1
upi://pay?pa=sunita.devi@paytm&pn=Green%20Grocers&cu=INR,sunita.devi@paytm,1,3.278,0.0,11,0,0.0,0,0
upi://pay?pa=8933512901@hdfcbank&pn=Auto%20Rickshaw%20Stand&cu=INR,8933512901@hdfcbank,1,2.722,1.0,10,0,0.0,0,0
upi://pay?pa=phcnpe957@ibl&pn=Verify%20Account&cu=INR&tn=winner,phcnpe957@ibl,1,2.948,0.333,9,0,0.0,1,1
upi://pay?pa=yi0pla6d2kg1t@hdfcbank&pn=Cashback%20Desk&cu=INR&am=1.62&tn=kyc,yi0pla6d2kg1t@hdfcbank,1,3.7,0.308,13,1,1.62,1,1
upi://pay?pa=a67mswpatom287@oksbi&pn=KYC%20Support&cu=INR&tn=refund,a67mswpatom287@oksbi,1,3.379,0.357,14,0,0.0,1,1
upi://pay?pa=sunita.devi@oksbi&pn=Rahul%20Sharma&cu=INR,sunita.devi@oksbi,1,3.278,0.0,11,0,0.0,0,0
upi://pay?pa=cashback57@secure-pay&pn=KYC%20Support&cu=INR&tn=urgent,cashback57@secure-pay,0,2.922,0.2,10,0,0.0,1,1
upi://pay?pa=sunita.devi@axl&pn=Priya%20Singh&cu=INR&am=1361.42,sunita.devi@axl,1,3.278,0.0,11,1,1361.42,0,0
upi://pay?pa=sunita.devi@okaxis&pn=Auto%20Rickshaw%20Stand&cu=INR,sunita.devi@okaxis,1,3.278,0.0,11,0,0.0,0,0
upi://pay?pa=8263448062@kotak&pn=Om%20Traders&cu=INR,8263448062@kotak,1,2.522,1.0,10,0,0.0,0,0
upi://pay?pa=256283000@ibl&pn=Cashback%20Desk&cu=INR&tn=suspend,256283000@ibl,1,2.419,1.0,9,0,0.0,1,1
upi://pay?pa=merchant.6584@oksbi&pn=Priya%20Singh&cu=INR,merchant.6584@oksbi,1,3.7,0.308,13,0,0.0,0,0
upi://pay?pa=merchant.9038@hdfcbank&pn=Priya%20Singh&cu=INR,merchant.9038@hdfcbank,1,3.7,0.308,13,0,0.0,0,0
upi://pay?pa=merchant.2168@ybl&pn=Rahul%20Sharma&cu=INR,merchant.2168@ybl,1,3.7,0.308,13,0,0.0,0,0
upi://pay?pa=merchant.1181@apl&pn=Rahul%20Sharma&cu=INR,merchant.1181@apl,1,3.335,0.308,13,0,0.0,0,0
upi://pay?pa=merchant.8267@ibl&pn=Rahul%20Sharma&cu=INR,merchant.8267@ibl,1,3.7,0.308,13,0,0.0,0,0
upi://pay?pa=merchant.4027@okaxis&pn=Priya%20Singh&cu=INR&am=806.5,merchant.4027@okaxis,1,3.7,0.308,13,1,806.5,0,0
upi://pay?pa=7707052548@jio&pn=Priya%20Singh&cu=INR&am=1034.39,7707052548@jio,1,2.446,1.0,10,1,1034.39,0,0
upi://pay?pa=merchant.8933@apl&pn=Priya%20Singh&cu=INR&am=3972.74,merchant.8933@apl,1,3.547,0.308,13,1,3972.74,0,0
upi://pay?pa=5785601066@kotak&pn=Prize%20Center&cu=INR&am=1.47&tn=suspend,5785601066@kotak,1,2.446,1.0,10,1,1.47,1,1
upi://pay?pa=egnnjmxwepu44t@ibl&pn=Prize%20Center&cu=INR&tn=winner,egnnjmxwepu44t@ibl,1,3.379,0.143,14,0,0.0,1,1
upi://pay?pa=kyc-team77@secure-pay&pn=Cashback%20Desk&cu=INR&tn=winner,kyc-team77@secure-pay,0,3.122,0.2,10,0,0.0,1,1
upi://pay?pa=2751255995@ibl&pn=Prize%20Center&cu=INR&tn=reward,2751255995@ibl,1,2.122,1.0,10,0,0.0,1,1
upi://pay?pa=cashback85@secure-pay&pn=Verify%20Account&cu=INR&tn=lottery,cashback85@secure-pay,0,2.922,0.2,10,0,0.0,1,1
upi://pay?pa=merchant.4781@paytm&pn=Green%20Grocers&cu=INR,merchant.4781@paytm,1,3.7,0.308,13,0,0.0,0,0
upi://pay?pa=refund45@refund-upi&pn=Prize%20Center&cu=INR&am=4.72&tn=winner,refund45@refund-upi,0,3.0,0.25,8,1,4.72,1,1
upi://pay?pa=cashback82@xn--upi&pn=KYC%20Support&cu=INR&am=2.6&tn=kyc,cashback82@xn--upi,0,2.922,0.2,10,1,2.6,1,1
upi://pay?pa=kyc-team95@refund-upi&pn=Refund%20Team&cu=INR&am=4.38&tn=reward,kyc-team95@refund-upi,0,3.322,0.2,10,1,4.38,1,1
upi://pay?pa=merchant.4101@ibl&pn=Rahul%20Sharma&cu=INR&am=3312.65,merchant.4101@ibl,1,3.547,0.308,13,1,3312.65,0,0
upi://pay?pa=merchant.9883@kotak&pn=City%20Cafe&cu=INR&am=407.49,merchant.9883@kotak,1,3.547,0.308,13,1,407.49,0,0
upi://pay?pa=phcnpe788@hdfcbank&pn=Refund%20Team&cu=INR&tn=suspend,phcnpe788@hdfcbank,1,2.725,0.333,9,0,0.0,1,1
upi://pay?pa=goog1e-pay552@upi&pn=Verify%20Account&cu=INR&tn=urgent,goog1e-pay552@upi,1,3.239,0.308,13,0,0.0,1,1
upi://pay?pa=4833956938@paytm&pn=Refund%20Team&cu=INR&am=3.69&tn=kyc,4833956938@paytm,1,2.446,1.0,10,1,3.69,1,1
upi://pay?pa=6916608519@upi&pn=Green%20Grocers&cu=INR,6916608519@upi,1,2.446,1.0,10,0,0.0,0,0
upi://pay?pa=3434380799@upi&pn=KYC%20Support&cu=INR&tn=urgent,3434380799@upi,1,2.446,1.0,10,0,0.0,1,1
upi://pay?pa=3447205578@paytm&pn=Refund%20Team&cu=INR&tn=kyc,3447205578@paytm,1,2.722,1.0,10,0,0.0,1,1
upi://pay?pa=kyc-team94@refund-upi&pn=KYC%20Support&cu=INR&tn=refund,kyc-team94@refund-upi,0,3.322,0.2,10,0,0.0,1,1
upi://pay?pa=phcnpe83@oksbi&pn=Verify%20Account&cu=INR&tn=suspend,phcnpe83@oksbi,1,2.75,0.25,8,0,0.0,1,1
upi://pay?pa=priya123@okicici&pn=Sharma%20Kirana%20Store&cu=INR,priya123@okicici,1,3.0,0.375,8,0,0.0,0,0
upi://pay?pa=merchant.825@upi&pn=Green%20Grocers&cu=INR&am=4918.37,merchant.825@upi,1,3.585,0.25,12,1,4918.37,0,0
upi://pay?pa=support92@pay-verify&pn=Prize%20Center&cu=INR&tn=urgent,support92@pay-verify,0,2.948,0.222,9,0,0.0,1,1
upi://pay?pa=vendor.shop@okhdfcbank&pn=Priya%20Singh&cu=INR,vendor.shop@okhdfcbank,1,3.278,0.0,11,0,0.0,0,0
upi://pay?pa=7159417075@axl&pn=Rahul%20Sharma&cu=INR,7159417075@axl,1,2.446,1.0,10,0,0.0,0,0
upi://pay?pa=priya123@ibl&pn=Priya%20Singh&cu=INR&am=4514.72,priya123@ibl,1,3.0,0.375,8,1,4514.72,0,0
upi://pay?pa=2378570095@paytm&pn=Prize%20Center&cu=INR&tn=suspend,2378570095@paytm,1,2.722,1.0,10,0,0.0,1,1
upi://pay?pa=vendor.shop@ibl&pn=Priya%20Singh&cu=INR,vendor.shop@ibl,1,3.278,0.0,11,0,0.0,0,0
upi://pay?pa=paytrn837@hdfcbank&pn=Verify%20Account&cu=INR&am=4.66&tn=lottery,paytrn837@hdfcbank,1,3.17,0.333,9,1,4.66,1,1
upi://pay?pa=1830614055@axl&pn=Refund%20Team&cu=INR&am=2.13&tn=verify-now,1830614055@axl,1,2.722,1.0,10,1,2.13,1,1
upi://pay?pa=merchant.7263@okhdfcbank&pn=Green%20Grocers&cu=INR&am=2219.4,merchant.7263@okhdfcbank,1,3.7,0.308,13,1,2219.4,0,0
upi://pay?pa=paytrn792@oksbi&pn=Verify%20Account&cu=INR&am=2.75&tn=winner,paytrn792@oksbi,1,3.17,0.333,9,1,2.75,1,1
upi://pay?pa=merchant.3316@hdfcbank&pn=Sharma%20Kirana%20Store&cu=INR,merchant.3316@hdfcbank,1,3.547,0.308,13,0,0.0,0,0
upi://pay?pa=8847400157@ibl&pn=Verify%20Account&cu=INR&am=2.39&tn=reward,8847400157@ibl,1,2.522,1.0,10,1,2.39,1,1
upi://pay?pa=7990636931@hdfcbank&pn=Sharma%20Kirana%20Store&cu=INR,7990636931@hdfcbank,1,2.446,1.0,10,0,0.0,0,0
upi://pay?pa=merchant.9716@ybl&pn=Green%20Grocers&cu=INR,merchant.9716@ybl,1,3.7,0.308,13,0,0.0,0,0
upi://pay?pa=6354938120@kotak&pn=Auto%20Rickshaw%20Stand&cu=INR,6354938120@kotak,1,3.122,1.0,10,0,0.0,0,0
upi://pay?pa=6639771049@okaxis&pn=KYC%20Support&cu=INR&tn=lottery,6639771049@okaxis,1,2.722,1.0,10,0,0.0,1,1
upi://pay?pa=sunita.devi@apl&pn=Priya%20Singh&cu=INR,sunita.devi@apl,1,3.278,0.0,11,0,0.0,0,0
upi://pay?pa=5mox9fxq6s27380u@ybl&pn=Prize%20Center&cu=INR&tn=urgent,5mox9fxq6s27380u@ybl,1,3.875,0.5,16,0,0.0,1,1
upi://pay?pa=8xvi673kllzcuh1@okicici&pn=Refund%20Team&cu=INR&am=4.84&tn=kyc,8xvi673kllzcuh1@okicici,1,3.774,0.333,15,1,4.84,1,1
upi://pay?pa=goog1e-pay902@axl&pn=Cashback%20Desk&cu=INR&am=2.7&tn=verify-now,goog1e-pay902@axl,1,3.393,0.308,13,1,2.7,1,1
upi://pay?pa=goog1e-pay232@hdfcbank&pn=Cashback%20Desk&cu=INR&tn=kyc,goog1e-pay232@hdfcbank,1,3.239,0.308,13,0,0.0,1,1
upi://pay?pa=9199592565@kotak&pn=Cashback%20Desk&cu=INR&tn=lottery,9199592565@kotak,1,2.046,1.0,10,0,0.0,1,1
upi://pay?pa=goog1e-pay962@idfcbank&pn=KYC%20Support&cu=INR&tn=winner,goog1e-pay962@idfcbank,1,3.393,0.308,13,0,0.0,1,1
upi://pay?pa=9942866138@axl&pn=Om%20Traders&cu=INR&am=4492.36,9942866138@axl,1,2.722,1.0,10,1,4492.36,0,0
upi://pay?pa=refund36@secure-pay&pn=Refund%20Team&cu=INR&tn=reward,refund36@secure-pay,0,3.0,0.25,8,0,0.0,1,1
upi://pay?pa=support20@secure-pay&pn=Cashback%20Desk&cu=INR&tn=verify-now,support20@secure-pay,0,2.948,0.222,9,0,0.0,1,1
upi://pay?pa=9596873979@axl&pn=KYC%20Support&cu=INR&tn=verify-now,9596873979@axl,1,2.322,1.0,10,0,0.0,1,1
upi://pay?pa=7358241431@jio&pn=Sharma%20Kirana%20Store&cu=INR,7358241431@jio,1,2.722,1.0,10,0,0.0,0,0
upi://pay?pa=merchant.5454@okhdfcbank&pn=Green%20Grocers&cu=INR,merchant.5454@okhdfcbank,1,3.393,0.308,13,0,0.0,0,0
upi://pay?pa=sunita.devi@axl&pn=Auto%20Rickshaw%20Stand&cu=INR,sunita.devi@axl,1,3.278,0.0,11,0,0.0,0,0
upi://pay?pa=4951292763@paytm&pn=Verify%20Account&cu=INR&tn=blocked,4951292763@paytm,1,2.922,1.0,10,0,0.0,1,1
upi://pay?pa=6430762401@hdfcbank&pn=KYC%20Support&cu=INR&am=2.56&tn=reward,6430762401@hdfcbank,1,2.722,1.0,10,1,2.56,1,1
upi://pay?pa=7562368924@hdfcbank&pn=Cashback%20Desk&cu=INR&am=4.31&tn=winner,7562368924@hdfcbank,1,2.922,1.0,10,1,4.31,1,1
upi://pay?pa=sunita.devi@ybl&pn=City%20Cafe&cu=INR&am=2705.38,sunita.devi@ybl,1,3.278,0.0,11,1,2705.38,0,0
upi://pay?pa=h0e8bcaokpm4s@ybl&pn=Prize%20Center&cu=INR&am=3.04&tn=blocked,h0e8bcaokpm4s@ybl,1,3.7,0.231,13,1,3.04,1,1
upi://pay?pa=rahul.sharma@axl&pn=Rahul%20Sharma&cu=INR,rahul.sharma@axl,1,2.855,0.0,12,0,0.0,0,0
upi://pay?pa=7962997637@okicici&pn=Priya%20Singh&cu=INR&am=3911.47,7962997637@okicici,1,2.171,1.0,10,1,3911.47,0,0
upi://pay?pa=9165038256@upi&pn=Sharma%20Kirana%20Store&cu=INR&am=1567.78,9165038256@upi,1,2.922,1.0,10,1,1567.78,0,0
upi://pay?pa=phcnpe993@ibl&pn=Prize%20Center&cu=INR&tn=reward,phcnpe993@ibl,1,2.725,0.333,9,0,0.0,1,1
upi://pay?pa=rahul.sharma@okhdfcbank&pn=Priya%20Singh&cu=INR,rahul.sharma@okhdfcbank,1,2.855,0.0,12,0,0.0,0,0
upi://pay?pa=807221714@paytm&pn=Cashback%20Desk&cu=INR&tn=urgent,807221714@paytm,1,2.503,1.0,9,0,0.0,1,1
upi://pay?pa=merchant.4007@upi&pn=Om%20Traders&cu=INR&am=1956.06,merchant.4007@upi,1,3.547,0.308,13,1,1956.06,0,0
upi://pay?pa=8185605263@ibl&pn=Auto%20Rickshaw%20Stand&cu=INR&am=1482.39,8185605263@ibl,1,2.722,1.0,10,1,1482.39,0,0
upi://pay?pa=merchant.1183@kotak&pn=Auto%20Rickshaw%20Stand&cu=INR&am=3499.41,merchant.1183@kotak,1,3.547,0.308,13,1,3499.41,0,0
upi://pay?pa=2818974664@kotak&pn=Verify%20Account&cu=INR&tn=urgent,2818974664@kotak,1,2.722,1.0,10,0,0.0,1,1
upi://pay?pa=rahul.sharma@axl&pn=City%20Cafe&cu=INR&am=4039.38,rahul.sharma@axl,1,2.855,0.0,12,1,4039.38,0,0
upi://pay?pa=merchant.8093@okicici&pn=Om%20Traders&cu=INR,merchant.8093@okicici,1,3.7,0.308,13,0,0.0,0,0
upi://pay?pa=ojwudrgtz6ql@hdfcbank&pn=KYC%20Support&cu=INR&tn=refund,ojwudrgtz6ql@hdfcbank,1,3.585,0.083,12,0,0.0,1,1
upi://pay?pa=7548731742@idfcbank&pn=Om%20Traders&cu=INR,7548731742@idfcbank,1,2.646,1.0,10,0,0.0,0,0
upi://pay?pa=4typ3zus98x@apl&pn=Cashback%20Desk&cu=INR&am=1.8,4typ3zus98x@apl,1,3.459,0.364,11,1,1.8,0,1
upi://pay?pa=oq5ldl7nhy@ibl&pn=Refund%20Team&cu=INR&tn=refund,oq5ldl7nhy@ibl,1,3.122,0.2,10,0,0.0,1,1
upi://pay?pa=paytrn781@jio&pn=Verify%20Account&cu=INR&tn=cashback,paytrn781@jio,1,3.17,0.333,9,0,0.0,1,1
upi://pay?pa=6530836767@axl&pn=Green%20Grocers&cu=INR&am=1278.64,6530836767@axl,1,2.446,1.0,10,1,1278.64,0,0
upi://pay?pa=vendor.shop@ibl&pn=Rahul%20Sharma&cu=INR,vendor.shop@ibl,1,3.278,0.0,11,0,0.0,0,0
upi://pay?pa=6545954895@okicici&pn=Green%20Grocers&cu=INR,6545954895@okicici,1,2.122,1.0,10,0,0.0,0,0
upi://pay?pa=9392417340@okhdfcbank&pn=Priya%20Singh&cu=INR,9392417340@okhdfcbank,1,2.722,1.0,10,0,0.0,0,0
upi://pay?pa=sunita.devi@upi&pn=Om%20Traders&cu=INR,sunita.devi@upi,1,3.278,0.0,11,0,0.0,0,0
upi://pay?pa=4799084554@axl&pn=Refund%20Team&cu=INR&am=2.18&tn=cashback,4799084554@axl,1,2.446,1.0,10,1,2.18,1,1
upi://pay?pa=9302972301@kotak&pn=Sharma%20Kirana%20Store&cu=INR,9302972301@kotak,1,2.522,1.0,10,0,0.0,0,0
upi://pay?pa=phcnpe664@axl&pn=Cashback%20Desk&cu=INR&tn=urgent,phcnpe664@axl,1,2.725,0.333,9,0,0.0,1,1
upi://pay?pa=6594650134@apl&pn=Verify%20Account&cu=INR&am=4.4&tn=winner,6594650134@apl,1,2.722,1.0,10,1,4.4,1,1
upi://pay?pa=cashback82@pay-verify&pn=Verify%20Account&cu=INR&tn=urgent,cashback82@pay-verify,0,2.922,0.2,10,0,0.0,1,1
upi://pay?pa=amit.kumar@upi&pn=Sharma%20Kirana%20Store&cu=INR&am=3232.64,amit.kumar@upi,1,2.922,0.0,10,1,3232.64,0,0
upi://pay?pa=rahul.sharma@upi&pn=Auto%20Rickshaw%20Stand&cu=INR,rahul.sharma@upi,1,2.855,0.0,12,0,0.0,0,0
upi://pay?pa=iaq3j9x2hk5g@jio&pn=KYC%20Support&cu=INR&tn=suspend,iaq3j9x2hk5g@jio,1,3.585,0.333,12,0,0.0,1,1
upi://pay?pa=5481079944@upi&pn=Refund%20Team&cu=INR&tn=refund,5481079944@upi,1,2.646,1.0,10,0,0.0,1,1
upi://pay?pa=8497762234@jio&pn=Auto%20Rickshaw%20Stand&cu=INR&am=2376.84,8497762234@jio,1,2.722,1.0,10,1,2376.84,0,0
upi://pay?pa=refund63@secure-pay&pn=KYC%20Support&cu=INR&tn=reward,refund63@secure-pay,0,3.0,0.25,8,0,0.0,1,1
upi://pay?pa=priya123@apl&pn=City%20Cafe&cu=INR,priya123@apl,1,3.0,0.375,8,0,0.0,0,0
upi://pay?pa=phcnpe450@axl&pn=Prize%20Center&cu=INR,phcnpe450@axl,1,2.948,0.333,9,0,0.0,0,1
upi://pay?pa=4278331943@ybl&pn=Cashback%20Desk&cu=INR&tn=cashback,4278331943@ybl,1,2.646,1.0,10,0,0.0,1,1
upi://pay?pa=3028151378@ybl&pn=KYC%20Support&cu=INR&tn=verify-now,3028151378@ybl,1,2.722,1.0,10,0,0.0,1,1
upi://pay?pa=8m52gcf9spqd@ibl&pn=KYC%20Support&cu=INR&tn=refund,8m52gcf9spqd@ibl,1,3.585,0.333,12,0,0.0,1,1
upi://pay?pa=5699783175@idfcbank&pn=Verify%20Account&cu=INR&tn=reward,5699783175@idfcbank,1,2.722,1.0,10,0,0.0,1,1
upi://pay?pa=merchant.1401@hdfcbank&pn=Priya%20Singh&cu=INR&am=298.75,merchant.1401@hdfcbank,1,3.547,0.308,13,1,298.75,0,0
upi://pay?pa=cashback26@pay-verify&pn=Refund%20Team&cu=INR&tn=reward,cashback26@pay-verify,0,2.922,0.2,10,0,0.0,1,1
upi://pay?pa=priya123@hdfcbank&pn=Priya%20Singh&cu=INR,priya123@hdfcbank,1,3.0,0.375,8,0,0.0,0,0
upi://pay?pa=priya123@ybl&pn=City%20Cafe&cu=INR&am=3476.34,priya123@ybl,1,3.0,0.375,8,1,3476.34,0,0
upi://pay?pa=paytrn494@idfcbank&pn=Verify%20Account&cu=INR&am=4.68&tn=blocked,paytrn494@idfcbank,1,2.948,0.333,9,1,4.68,1,1
upi://pay?pa=qhsmcrcun91wg3hj@apl&pn=Prize%20Center&cu=INR&am=2.64&tn=kyc,qhsmcrcun91wg3hj@apl,1,3.75,0.188,16,1,2.64,1,1
upi://pay?pa=merchant.4598@axl&pn=Rahul%20Sharma&cu=INR,merchant.4598@axl,1,3.7,0.308,13,0,0.0,0,0
upi://pay?pa=0oqf8rm9iilaof@hdfcbank&pn=Refund%20Team&cu=INR&tn=cashback,0oqf8rm9iilaof@hdfcbank,1,3.379,0.214,14,0,0.0,1,1
upi://pay?pa=1440116489@okicici&pn=Refund%20Team&cu=INR&am=4.18&tn=lottery,1440116489@okicici,1,2.371,1.0,10,1,4.18,1,1
upi://pay?pa=6o7cmqynoo4o9@ybl&pn=Refund%20Team&cu=INR&tn=cashback,6o7cmqynoo4o9@ybl,1,3.085,0.308,13,0,0.0,1,1
upi://pay?pa=rahul.sharma@apl&pn=Priya%20Singh&cu=INR&am=1858.7,rahul.sharma@apl,1,2.855,0.0,12,1,1858.7,0,0
upi://pay?pa=rahul.sharma@jio&pn=City%20Cafe&cu=INR,rahul.sharma@jio,1,2.855,0.0,12,0,0.0,0,0
upi://pay?pa=merchant.2924@okicici&pn=Green%20Grocers&cu=INR,merchant.2924@okicici,1,3.547,0.308,13,0,0.0,0,0
upi://pay?pa=6333226324@okhdfcbank&pn=Rahul%20Sharma&cu=INR&am=3822.67,6333226324@okhdfcbank,1,1.846,1.0,10,1,3822.67,0,0
upi://pay?pa=merchant.4646@okhdfcbank&pn=Sharma%20Kirana%20Store&cu=INR&am=1563.34,merchant.4646@okhdfcbank,1,3.393,0.308,13,1,1563.34,0,0
upi://pay?pa=9wiofnklgigcuj7i@ibl&pn=Prize%20Center&cu=INR&tn=reward,9wiofnklgigcuj7i@ibl,1,3.578,0.125,16,0,0.0,1,1
upi://pay?pa=8930707360@axl&pn=Prize%20Center&cu=INR&am=3.4&tn=urgent,8930707360@axl,1,2.446,1.0,10,1,3.4,1,1
upi://pay?pa=6127492028@paytm&pn=City%20Cafe&cu=INR,6127492028@paytm,1,2.846,1.0,10,0,0.0,0,0
upi://pay?pa=9109781246@hdfcbank&pn=Rahul%20Sharma&cu=INR,9109781246@hdfcbank,1,2.922,1.0,10,0,0.0,0,0
upi://pay?pa=phcnpe956@hdfcbank&pn=Verify%20Account&cu=INR&tn=verify-now,phcnpe956@hdfcbank,1,2.948,0.333,9,0,0.0,1,1
upi://pay?pa=8749988081@axl&pn=Refund%20Team&cu=INR&tn=lottery,8749988081@axl,1,2.322,1.0,10,0,0.0,1,1
upi://pay?pa=merchant.3820@okaxis&pn=Priya%20Singh&cu=INR&am=2988.11,merchant.3820@okaxis,1,3.7,0.308,13,1,2988.11,0,0
upi://pay?pa=merchant.9244@upi&pn=Priya%20Singh&cu=INR&am=3390.14,merchant.9244@upi,1,3.547,0.308,13,1,3390.14,0,0
upi://pay?pa=merchant.4580@apl&pn=Green%20Grocers&cu=INR&am=1965.64,merchant.4580@apl,1,3.7,0.308,13,1,1965.64,0,0
upi://pay?pa=6530024289@okhdfcbank&pn=Rahul%20Sharma&cu=INR,6530024289@okhdfcbank,1,2.922,1.0,10,0,0.0,0,0
upi://pay?pa=cho6v8co2je@axl&pn=Refund%20Team&cu=INR&tn=urgent,cho6v8co2je@axl,1,3.096,0.273,11,0,0.0,1,1
upi://pay?pa=sunita.devi@kotak&pn=City%20Cafe&cu=INR,sunita.devi@kotak,1,3.278,0.0,11,0,0.0,0,0
upi://pay?pa=9699167804@jio&pn=Prize%20Center&cu=INR&tn=reward,9699167804@jio,1,2.646,1.0,10,0,0.0,1,1
upi://pay?pa=n0ywq7an7p72i82x@paytm&pn=Verify%20Account&cu=INR&tn=winner,n0ywq7an7p72i82x@paytm,1,3.453,0.438,16,0,0.0,1,1
upi://pay?pa=support53@xn--upi&pn=Cashback%20Desk&cu=INR&am=3.73&tn=cashback,support53@xn--upi,0,2.948,0.222,9,1,3.73,1,1
upi://pay?pa=amit.kumar@apl&pn=Priya%20Singh&cu=INR,amit.kumar@apl,1,2.922,0.0,10,0,0.0,0,0
upi://pay?pa=sunita.devi@kotak&pn=Green%20Grocers&cu=INR,sunita.devi@kotak,1,3.278,0.0,11,0,0.0,0,0
upi://pay?pa=paytrn712@okaxis&pn=Refund%20Team&cu=INR&am=4.95&tn=blocked,paytrn712@okaxis,1,3.17,0.333,9,1,4.95,1,1
upi://pay?pa=9921773774@oksbi&pn=Om%20Traders&cu=INR&am=54.41,9921773774@oksbi,1,2.322,1.0,10,1,54.41,0,0
upi://pay?pa=merchant.1007@hdfcbank&pn=Priya%20Singh&cu=INR,merchant.1007@hdfcbank,1,3.547,0.308,13,0,0.0,0,0
upi://pay?pa=8487342734@okicici&pn=Refund%20Team&cu=INR&tn=kyc,8487342734@okicici,1,2.246,1.0,10,0,0.0,1,1
upi://pay?pa=vendor.shop@okicici&pn=Green%20Grocers&cu=INR&am=436.17,vendor.shop@okicici,1,3.278,0.0,11,1,436.17,0,0
upi://pay?pa=7779083221@jio&pn=Om%20Traders&cu=INR&am=2270.92,7779083221@jio,1,2.646,1.0,10,1,2270.92,0,0
upi://pay?pa=5109981001@kotak&pn=Refund%20Team&cu=INR,5109981001@kotak,1,2.171,1.0,10,0,0.0,0,1
upi://pay?pa=phcnpe710@jio&pn=Cashback%20Desk&cu=INR&tn=lottery,phcnpe710@jio,1,2.948,0.333,9,0,0.0,1,1
upi://pay?pa=7451123758@okaxis&pn=Priya%20Singh&cu=INR,7451123758@okaxis,1,2.722,1.0,10,0,0.0,0,0
upi://pay?pa=paytrn222@axl&pn=Verify%20Account&cu=INR&tn=kyc,paytrn222@axl,1,2.642,0.333,9,0,0.0,1,1
upi://pay?pa=refund92@pay-verify&pn=KYC%20Support&cu=INR&tn=cashback,refund92@pay-verify,0,3.0,0.25,8,0,0.0,1,1
upi://pay?pa=8644491955@axl&pn=Green%20Grocers&cu=INR,8644491955@axl,1,2.446,1.0,10,0,0.0,0,0
upi://pay?pa=9114275127@axl&pn=Rahul%20Sharma&cu=INR,9114275127@axl,1,2.446,1.0,10,0,0.0,0,0
upi://pay?pa=amit.kumar@jio&pn=Auto%20Rickshaw%20Stand&cu=INR&am=1068.91,amit.kumar@jio,1,2.922,0.0,10,1,1068.91,0,0
upi://pay?pa=refund24@kyc-update&pn=Refund%20Team&cu=INR&am=4.02&tn=reward,refund24@kyc-update,0,3.0,0.25,8,1,4.02,1,1
upi://pay?pa=phcnpe438@apl&pn=Prize%20Center&cu=INR&tn=verify-now,phcnpe438@apl,1,2.948,0.333,9,0,0.0,1,1
upi://pay?pa=6847902091@oksbi&pn=Rahul%20Sharma&cu=INR,6847902091@oksbi,1,2.922,1.0,10,0,0.0,0,0
upi://pay?pa=merchant.5086@apl&pn=Rahul%20Sharma&cu=INR,merchant.5086@apl,1,3.7,0.308,13,0,0.0,0,0
upi://pay?pa=7825494713@okhdfcbank&pn=Prize%20Center&cu=INR&am=2.97&tn=lottery,7825494713@okhdfcbank,1,2.922,1.0,10,1,2.97,1,1
upi://pay?pa=40t3d7xtx42d13a@hdfcbank&pn=Prize%20Center&cu=INR&tn=urgent,40t3d7xtx42d13a@hdfcbank,1,3.24,0.533,15,0,0.0,1,1
upi://pay?pa=merchant.1754@apl&pn=Green%20Grocers&cu=INR,merchant.1754@apl,1,3.7,0.308,13,0,0.0,0,0
upi://pay?pa=refund95@pay-verify&pn=Verify%20Account&cu=INR&tn=lottery,refund95@pay-verify,0,3.0,0.25,8,0,0.0,1,1
upi://pay?pa=rahul.sharma@upi&pn=Priya%20Singh&cu=INR&am=1444.74,rahul.sharma@upi,1,2.855,0.0,12,1,1444.74,0,0
upi://pay?pa=support58@xn--upi&pn=Prize%20Center&cu=INR&am=2.64&tn=urgent,support58@xn--upi,0,2.948,0.222,9,1,2.64,1,1
upi://pay?pa=phcnpe323@paytm&pn=KYC%20Support&cu=INR&tn=blocked,phcnpe323@paytm,1,2.725,0.333,9,0,0.0,1,1
upi://pay?pa=rahul.sharma@hdfcbank&pn=Sharma%20Kirana%20Store&cu=INR&am=2170.75,rahul.sharma@hdfcbank,1,2.855,0.0,12,1,2170.75,0,0
upi://pay?pa=6940044090@oksbi&pn=Priya%20Singh&cu=INR&am=2121.06,6940044090@oksbi,1,1.846,1.0,10,1,2121.06,0,0
upi://pay?pa=refund73@pay-verify&pn=Cashback%20Desk&cu=INR&tn=refund,refund73@pay-verify,0,3.0,0.25,8,0,0.0,1,1
upi://pay?pa=sunita.devi@axl&pn=Green%20Grocers&cu=INR,sunita.devi@axl,1,3.278,0.0,11,0,0.0,0,0
upi://pay?pa=phcnpe860@idfcbank&pn=KYC%20Support&cu=INR&tn=cashback,phcnpe860@idfcbank,1,2.948,0.333,9,0,0.0,1,1
upi://pay?pa=priya123@hdfcbank&pn=Sharma%20Kirana%20Store&cu=INR,priya123@hdfcbank,1,3.0,0.375,8,0,0.0,0,0
upi://pay?pa=sunita.devi@oksbi&pn=Green%20Grocers&cu=INR,sunita.devi@oksbi,1,3.278,0.0,11,0,0.0,0,0
upi://pay?pa=merchant.1237@okicici&pn=City%20Cafe&cu=INR,merchant.1237@okicici,1,3.7,0.308,13,0,0.0,0,0
upi://pay?pa=9791648448@apl&pn=Om%20Traders&cu=INR&am=2340.7,9791648448@apl,1,2.446,1.0,10,1,2340.7,0,0
upi://pay?pa=kyc-team86@pay-verify&pn=Prize%20Center&cu=INR&tn=refund,kyc-team86@pay-verify,0,3.322,0.2,10,0,0.0,1,1
upi://pay?pa=rahul.sharma@idfcbank&pn=Green%20Grocers&cu=INR&am=2622.25,rahul.sharma@idfcbank,1,2.855,0.0,12,1,2622.25,0,0
upi://pay?pa=5404657935@idfcbank&pn=Prize%20Center&cu=INR&tn=kyc,5404657935@idfcbank,1,2.646,1.0,10,0,0.0,1,1
upi://pay?pa=4730302755@okaxis&pn=Refund%20Team&cu=INR&tn=winner,4730302755@okaxis,1,2.522,1.0,10,0,0.0,1,1
upi://pay?pa=1298122444@upi&pn=Prize%20Center&cu=INR&tn=lottery,1298122444@upi,1,2.171,1.0,10,0,0.0,1,1
upi://pay?pa=cfphg4bc2fvf@okaxis&pn=Verify%20Account&cu=INR,cfphg4bc2fvf@okaxis,1,3.022,0.167,12,0,0.0,0,1
upi://pay?pa=89368124@okhdfcbank&pn=KYC%20Support&cu=INR&tn=kyc,89368124@okhdfcbank,1,2.75,1.0,8,0,0.0,1,1
upi://pay?pa=merchant.5802@jio&pn=Auto%20Rickshaw%20Stand&cu=INR,merchant.5802@jio,1,3.7,0.308,13,0,0.0,0,0
upi://pay?pa=8301610601@apl&pn=Sharma%20Kirana%20Store&cu=INR&am=1057.15,8301610601@apl,1,2.171,1.0,10,1,1057.15,0,0
upi://pay?pa=8180716723@kotak&pn=Auto%20Rickshaw%20Stand&cu=INR,8180716723@kotak,1,2.722,1.0,10,0,0.0,0,0
upi://pay?pa=phcnpe300@apl&pn=KYC%20Support&cu=INR&tn=cashback,phcnpe300@apl,1,2.725,0.333,9,0,0.0,1,1
upi://pay?pa=paytrn370@ibl&pn=Prize%20Center&cu=INR&tn=winner,paytrn370@ibl,1,3.17,0.333,9,0,0.0,1,1
upi://pay?pa=sunita.devi@upi&pn=Rahul%20Sharma&cu=INR,sunita.devi@upi,1,3.278,0.0,11,0,0.0,0,0
upi://pay?pa=rahul.sharma@ibl&pn=Green%20Grocers&cu=INR,rahul.sharma@ibl,1,2.855,0.0,12,0,0.0,0,0
upi://pay?pa=7153939830@axl&pn=Sharma%20Kirana%20Store&cu=INR&am=387.65,7153939830@axl,1,2.646,1.0,10,1,387.65,0,0
upi://pay?pa=8682137951@kotak&pn=Green%20Grocers&cu=INR&am=4044.19,8682137951@kotak,1,2.922,1.0,10,1,4044.19,0,0
upi://pay?pa=merchant.4961@apl&pn=Auto%20Rickshaw%20Stand&cu=INR,merchant.4961@apl,1,3.7,0.308,13,0,0.0,0,0
upi://pay?pa=5463828874@apl&pn=Refund%20Team&cu=INR&am=2.87&tn=cashback,5463828874@apl,1,2.646,1.0,10,1,2.87,1,1
upi://pay?pa=8989035292@apl&pn=City%20Cafe&cu=INR,8989035292@apl,1,2.446,1.0,10,0,0.0,0,0
upi://pay?pa=vendor.shop@okicici&pn=Om%20Traders&cu=INR,vendor.shop@okicici,1,3.278,0.0,11,0,0.0,0,0
upi://pay?pa=9235477735@kotak&pn=Green%20Grocers&cu=INR,9235477735@kotak,1,2.446,1.0,10,0,0.0,0,0
upi://pay?pa=6120163655@paytm&pn=Priya%20Singh&cu=INR&am=731.49,6120163655@paytm,1,2.446,1.0,10,1,731.49,0,0
upi://pay?pa=uz1khluefcjz9@okaxis&pn=Verify%20Account&cu=INR&tn=reward,uz1khluefcjz9@okaxis,1,3.393,0.154,13,0,0.0,1,1
upi://pay?pa=paytrn532@oksbi&pn=Prize%20Center&cu=INR&tn=suspend,paytrn532@oksbi,1,3.17,0.333,9,0,0.0,1,1
upi://pay?pa=merchant.5419@oksbi&pn=Priya%20Singh&cu=INR,merchant.5419@oksbi,1,3.7,0.308,13,0,0.0,0,0
upi://pay?pa=lphykiz8v88@axl&pn=KYC%20Support&cu=INR&tn=winner,lphykiz8v88@axl,1,3.027,0.273,11,0,0.0,1,1
upi://pay?pa=paytrn295@oksbi&pn=Cashback%20Desk&cu=INR&tn=blocked,paytrn295@oksbi,1,3.17,0.333,9,0,0.0,1,1
upi://pay?pa=xp2ngqeua73abzg@apl&pn=Cashback%20Desk&cu=INR&tn=lottery,xp2ngqeua73abzg@apl,1,3.64,0.2,15,0,0.0,1,1
upi://pay?pa=6848202812@idfcbank&pn=Refund%20Team&cu=INR&am=2.96&tn=winner,6848202812@idfcbank,1,2.371,1.0,10,1,2.96,1,1
upi://pay?pa=merchant.508@upi&pn=Priya%20Singh&cu=INR,merchant.508@upi,1,3.585,0.25,12,0,0.0,0,0
upi://pay?pa=eecfvsjw7tbd@oksbi&pn=Prize%20Center&cu=INR&tn=urgent,eecfvsjw7tbd@oksbi,1,3.418,0.083,12,0,0.0,1,1
upi://pay?pa=6131670571@jio&pn=Refund%20Team&cu=INR&tn=lottery,6131670571@jio,1,2.446,1.0,10,0,0.0,1,1
upi://pay?pa=1715334796@ybl&pn=Refund%20Team&cu=INR,1715334796@ybl,1,2.722,1.0,10,0,0.0,0,1
upi://pay?pa=cashback7@refund-upi&pn=Cashback%20Desk&cu=INR&tn=verify-now,cashback7@refund-upi,0,2.725,0.111,9,0,0.0,1,1
upi://pay?pa=goog1e-pay55@oksbi&pn=Verify%20Account&cu=INR&tn=suspend,goog1e-pay55@oksbi,1,3.085,0.25,12,0,0.0,1,1
upi://pay?pa=5355183817@idfcbank&pn=Refund%20Team&cu=INR&tn=kyc,5355183817@idfcbank,1,2.246,1.0,10,0,0.0,1,1
upi://pay?pa=merchant.3322@upi&pn=Om%20Traders&cu=INR&am=3853.16,merchant.3322@upi,1,3.393,0.308,13,1,3853.16,0,0
upi://pay?pa=sunita.devi@oksbi&pn=Priya%20Singh&cu=INR,sunita.devi@oksbi,1,3.278,0.0,11,0,0.0,0,0
upi://pay?pa=kyc-team99@pay-verify&pn=Refund%20Team&cu=INR&tn=urgent,kyc-team99@pay-verify,0,3.122,0.2,10,0,0.0,1,1
upi://pay?pa=4fhhe1gq59h@kotak&pn=Cashback%20Desk&cu=INR&am=1.51&tn=cashback,4fhhe1gq59h@kotak,1,3.027,0.364,11,1,1.51,1,1
upi://pay?pa=wq4x6g4ywkoo@oksbi&pn=Verify%20Account&cu=INR&tn=kyc,wq4x6g4ywkoo@oksbi,1,3.085,0.25,12,0,0.0,1,1
upi://pay?pa=7463333495@apl&pn=Priya%20Singh&cu=INR,7463333495@apl,1,2.322,1.0,10,0,0.0,0,0
upi://pay?pa=merchant.8684@okaxis&pn=Sharma%20Kirana%20Store&cu=INR,merchant.8684@okaxis,1,3.547,0.308,13,0,0.0,0,0
upi://pay?pa=kyc-team3@kyc-update&pn=Prize%20Center&cu=INR&tn=suspend,kyc-team3@kyc-update,0,3.17,0.111,9,0,0.0,1,1
upi://pay?pa=sunita.devi@paytm&pn=Priya%20Singh&cu=INR&am=139.64,sunita.devi@paytm,1,3.278,0.0,11,1,139.64,0,0
upi://pay?pa=cashback62@pay-verify&pn=Refund%20Team&cu=INR&tn=urgent,cashback62@pay-verify,0,2.922,0.2,10,0,0.0,1,1
upi://pay?pa=merchant.8698@hdfcbank&pn=Priya%20Singh&cu=INR&am=3723.25,merchant.8698@hdfcbank,1,3.547,0.308,13,1,3723.25,0,0
upi://pay?pa=goog1e-pay777@kotak&pn=Refund%20Team&cu=INR&tn=refund,goog1e-pay777@kotak,1,3.027,0.308,13,0,0.0,1,1
upi://pay?pa=6530992416@jio&pn=Verify%20Account&cu=INR&am=2.47&tn=verify-now,6530992416@jio,1,2.922,1.0,10,1,2.47,1,1
upi://pay?pa=1693374089@apl&pn=Cashback%20Desk&cu=INR&tn=suspend,1693374089@apl,1,2.922,1.0,10,0,0.0,1,1
upi://pay?pa=goog1e-pay317@ybl&pn=KYC%20Support&cu=INR&am=3.21&tn=blocked,goog1e-pay317@ybl,1,3.239,0.308,13,1,3.21,1,1
upi://pay?pa=7906364408@axl&pn=Rahul%20Sharma&cu=INR,7906364408@axl,1,2.722,1.0,10,0,0.0,0,0
upi://pay?pa=9373674167@oksbi&pn=City%20Cafe&cu=INR&am=4904.06,9373674167@oksbi,1,2.446,1.0,10,1,4904.06,0,0
upi://pay?pa=merchant.9019@okaxis&pn=Sharma%20Kirana%20Store&cu=INR&am=2593.92,merchant.9019@okaxis,1,3.547,0.308,13,1,2593.92,0,0
upi://pay?pa=9779994103@oksbi&pn=Green%20Grocers&cu=INR&am=4042.21,9779994103@oksbi,1,2.322,1.0,10,1,4042.21,0,0
upi://pay?pa=merchant.8712@hdfcbank&pn=Priya%20Singh&cu=INR&am=2669.84,merchant.8712@hdfcbank,1,3.7,0.308,13,1,2669.84,0,0
upi://pay?pa=merchant.4670@apl&pn=Priya%20Singh&cu=INR,merchant.4670@apl,1,3.7,0.308,13,0,0.0,0,0
upi://pay?pa=merchant.2323@axl&pn=Priya%20Singh&cu=INR,merchant.2323@axl,1,3.393,0.308,13,0,0.0,0,0
upi://pay?pa=ddd27d9alk7@jio&pn=Prize%20Center&cu=INR&am=1.22&tn=reward,ddd27d9alk7@jio,1,2.55,0.364,11,1,1.22,1,1
upi://pay?pa=7316935719@ybl&pn=Auto%20Rickshaw%20Stand&cu=INR&am=1168.08,7316935719@ybl,1,2.522,1.0,10,1,1168.08,0,0
upi://pay?pa=8205292512@axl&pn=Sharma%20Kirana%20Store&cu=INR,8205292512@axl,1,2.322,1.0,10,0,0.0,0,0
upi://pay?pa=7188332531@hdfcbank&pn=Sharma%20Kirana%20Store&cu=INR,7188332531@hdfcbank,1,2.446,1.0,10,0,0.0,0,0
upi://pay?pa=rahul.sharma@oksbi&pn=Om%20Traders&cu=INR,rahul.sharma@oksbi,1,2.855,0.0,12,0,0.0,0,0
upi://pay?pa=4203786620@kotak&pn=Cashback%20Desk&cu=INR&am=3.06&tn=blocked,4203786620@kotak,1,2.722,1.0,10,1,3.06,1,1
upi://pay?pa=2rra3plcgqll@jio&pn=KYC%20Support&cu=INR&am=4.71&tn=cashback,2rra3plcgqll@jio,1,3.022,0.167,12,1,4.71,1,1
upi://pay?pa=merchant.514@axl&pn=Rahul%20Sharma&cu=INR,merchant.514@axl,1,3.585,0.25,12,0,0.0,0,0
upi://pay?pa=kyc-team43@secure-pay&pn=KYC%20Support&cu=INR&tn=suspend,kyc-team43@secure-pay,0,3.322,0.2,10,0,0.0,1,1
upi://pay?pa=paytrn16@idfcbank&pn=Prize%20Center&cu=INR&tn=verify-now,paytrn16@idfcbank,1,3.0,0.25,8,0,0.0,1,1
upi://pay?pa=7258573927@oksbi&pn=Rahul%20Sharma&cu=INR&am=3040.54,7258573927@oksbi,1,2.446,1.0,10,1,3040.54,0,0
upi://pay?pa=8567747775@kotak&pn=Rahul%20Sharma&cu=INR&am=2872.48,8567747775@kotak,1,1.961,1.0,10,1,2872.48,0,0
upi://pay?pa=7600063633@jio&pn=Refund%20Team&cu=INR,7600063633@jio,1,1.895,1.0,10,0,0.0,0,1
upi://pay?pa=qw1hukb6mxz1yj7@hdfcbank&pn=Refund%20Team&cu=INR&am=2.8&tn=verify-now,qw1hukb6mxz1yj7@hdfcbank,1,3.774,0.267,15,1,2.8,1,1
upi://pay?pa=13ly4qztgbcq@apl&pn=Verify%20Account&cu=INR&tn=kyc,13ly4qztgbcq@apl,1,3.418,0.25,12,0,0.0,1,1
upi://pay?pa=6585019692@ibl&pn=Om%20Traders&cu=INR,6585019692@ibl,1,2.722,1.0,10,0,0.0,0,0
upi://pay?pa=vendor.shop@okaxis&pn=Auto%20Rickshaw%20Stand&cu=INR,vendor.shop@okaxis,1,3.278,0.0,11,0,0.0,0,0
upi://pay?pa=merchant.7554@hdfcbank&pn=Om%20Traders&cu=INR,merchant.7554@hdfcbank,1,3.547,0.308,13,0,0.0,0,0
upi://pay?pa=9790118526@okhdfcbank&pn=Auto%20Rickshaw%20Stand&cu=INR,9790118526@okhdfcbank,1,2.922,1.0,10,0,0.0,0,0
upi://pay?pa=94wah3qo2cnq8dld@oksbi&pn=Cashback%20Desk&cu=INR&am=3.99&tn=refund,94wah3qo2cnq8dld@oksbi,1,3.75,0.312,16,1,3.99,1,1
upi://pay?pa=support85@kyc-update&pn=Cashback%20Desk&cu=INR&am=3.77&tn=lottery,support85@kyc-update,0,2.948,0.222,9,1,3.77,1,1
upi://pay?pa=4950175125@oksbi&pn=KYC%20Support&cu=INR&tn=suspend,4950175125@oksbi,1,2.646,1.0,10,0,0.0,1,1
upi://pay?pa=6060685680@jio&pn=City%20Cafe&cu=INR,6060685680@jio,1,1.846,1.0,10,0,0.0,0,0
upi://pay?pa=priya123@okhdfcbank&pn=Priya%20Singh&cu=INR&am=3408.8,priya123@okhdfcbank,1,3.0,0.375,8,1,3408.8,0,0
upi://pay?pa=merchant.9245@apl&pn=City%20Cafe&cu=INR,merchant.9245@apl,1,3.7,0.308,13,0,0.0,0,0
upi://pay?pa=sunita.devi@ibl&pn=Green%20Grocers&cu=INR,sunita.devi@ibl,1,3.278,0.0,11,0,0.0,0,0
upi://pay?pa=paytrn799@oksbi&pn=KYC%20Support&cu=INR&am=1.7&tn=blocked,paytrn799@oksbi,1,2.948,0.333,9,1,1.7,1,1
upi://pay?pa=8780313235@apl&pn=Green%20Grocers&cu=INR,8780313235@apl,1,2.646,1.0,10,0,0.0,0,0
upi://pay?pa=sunita.devi@okicici&pn=Om%20Traders&cu=INR&am=753.94,sunita.devi@okicici,1,3.278,0.0,11,1,753.94,0,0
upi://pay?pa=paytrn526@okhdfcbank&pn=Verify%20Account&cu=INR&tn=verify-now,paytrn526@okhdfcbank,1,3.17,0.333,9,0,0.0,1,1
upi://pay?pa=merchant.9296@paytm&pn=Priya%20Singh&cu=INR&am=3765.63,merchant.9296@paytm,1,3.547,0.308,13,1,3765.63,0,0
upi://pay?pa=merchant.7505@ybl&pn=Green%20Grocers&cu=INR&am=1853.37,merchant.7505@ybl,1,3.547,0.308,13,1,1853.37,0,0
upi://pay?pa=kyc-team99@pay-verify&pn=KYC%20Support&cu=INR&am=3.76&tn=refund,kyc-team99@pay-verify,0,3.122,0.2,10,1,3.76,1,1
upi://pay?pa=amit.kumar@upi&pn=Rahul%20Sharma&cu=INR,amit.kumar@upi,1,2.922,0.0,10,0,0.0,0,0
upi://pay?pa=4135942889@okhdfcbank&pn=Refund%20Team&cu=INR&am=1.39,4135942889@okhdfcbank,1,2.722,1.0,10,1,1.39,0,1
upi://pay?pa=8295401187@okaxis&pn=KYC%20Support&cu=INR&tn=refund,8295401187@okaxis,1,2.922,1.0,10,0,0.0,1,1
upi://pay?pa=phcnpe473@okhdfcbank&pn=Verify%20Account&cu=INR&tn=reward,phcnpe473@okhdfcbank,1,2.948,0.333,9,0,0.0,1,1
upi://pay?pa=6520825830@axl&pn=City%20Cafe&cu=INR,6520825830@axl,1,2.522,1.0,10,0,0.0,0,0
upi://pay?pa=k2jykmuy2bi@okaxis&pn=Refund%20Team&cu=INR,k2jykmuy2bi@okaxis,1,2.914,0.182,11,0,0.0,0,1
upi://pay?pa=priya123@oksbi&pn=City%20Cafe&cu=INR&am=787.74,priya123@oksbi,1,3.0,0.375,8,1,787.74,0,0
upi://pay?pa=rahul.sharma@idfcbank&pn=Rahul%20Sharma&cu=INR&am=3708.53,rahul.sharma@idfcbank,1,2.855,0.0,12,1,3708.53,0,0
upi://pay?pa=paytrn536@axl&pn=Verify%20Account&cu=INR&tn=cashback,paytrn536@axl,1,3.17,0.333,9,0,0.0,1,1
upi://pay?pa=6691368659@okaxis&pn=Green%20Grocers&cu=INR&am=3502.42,6691368659@okaxis,1,2.322,1.0,10,1,3502.42,0,0
upi://pay?pa=1940667563@ibl&pn=Prize%20Center&cu=INR&tn=refund,1940667563@ibl,1,2.846,1.0,10,0,0.0,1,1
upi://pay?pa=9358468003@oksbi&pn=Auto%20Rickshaw%20Stand&cu=INR,9358468003@oksbi,1,2.722,1.0,10,0,0.0,0,0
upi://pay?pa=213603698@jio&pn=Refund%20Team&cu=INR&tn=kyc,213603698@jio,1,2.725,1.0,9,0,0.0,1,1
upi://pay?pa=merchant.5599@axl&pn=Auto%20Rickshaw%20Stand&cu=INR,merchant.5599@axl,1,3.393,0.308,13,0,0.0,0,0
upi://pay?pa=phcnpe319@ibl&pn=Cashback%20Desk&cu=INR&am=2.2&tn=kyc,phcnpe319@ibl,1,2.948,0.333,9,1,2.2,1,1
upi://pay?pa=rahul.sharma@kotak&pn=Auto%20Rickshaw%20Stand&cu=INR&am=2164.49,rahul.sharma@kotak,1,2.855,0.0,12,1,2164.49,0,0
upi://pay?pa=refund9@pay-verify&pn=Cashback%20Desk&cu=INR&tn=urgent,refund9@pay-verify,0,2.807,0.143,7,0,0.0,1,1
upi://pay?pa=merchant.7384@upi&pn=City%20Cafe&cu=INR,merchant.7384@upi,1,3.7,0.308,13,0,0.0,0,0
upi://pay?pa=8293952330@jio&pn=Om%20Traders&cu=INR,8293952330@jio,1,2.446,1.0,10,0,0.0,0,0
upi://pay?pa=9042699946@kotak&pn=Sharma%20Kirana%20Store&cu=INR,9042699946@kotak,1,2.122,1.0,10,0,0.0,0,0
upi://pay?pa=merchant.5642@okicici&pn=Green%20Grocers&cu=INR&am=2625.05,merchant.5642@okicici,1,3.7,0.308,13,1,2625.05,0,0
upi://pay?pa=merchant.6758@hdfcbank&pn=Green%20Grocers&cu=INR,merchant.6758@hdfcbank,1,3.7,0.308,13,0,0.0,0,0
upi://pay?pa=goog1e-pay809@paytm&pn=Prize%20Center&cu=INR&tn=lottery,goog1e-pay809@paytm,1,3.393,0.308,13,0,0.0,1,1
upi://pay?pa=6232286181@ibl&pn=Rahul%20Sharma&cu=INR&am=547.93,6232286181@ibl,1,2.246,1.0,10,1,547.93,0,0
upi://pay?pa=cashback70@pay-verify&pn=Refund%20Team&cu=INR&tn=reward,cashback70@pay-verify,0,2.922,0.2,10,0,0.0,1,1
upi://pay?pa=merchant.1840@okaxis&pn=Green%20Grocers&cu=INR,merchant.1840@okaxis,1,3.7,0.308,13,0,0.0,0,0
upi://pay?pa=support31@pay-verify&pn=Verify%20Account&cu=INR&tn=blocked,support31@pay-verify,0,2.948,0.222,9,0,0.0,1,1
upi://pay?pa=7528989137@kotak&pn=Refund%20Team&cu=INR&tn=urgent,7528989137@kotak,1,2.722,1.0,10,0,0.0,1,1
upi://pay?pa=1682765122@paytm&pn=Cashback%20Desk&cu=INR&am=4.51&tn=verify-now,1682765122@paytm,1,2.446,1.0,10,1,4.51,1,1
upi://pay?pa=7652622320@oksbi&pn=Auto%20Rickshaw%20Stand&cu=INR&am=2295.59,7652622320@oksbi,1,2.322,1.0,10,1,2295.59,0,0
upi://pay?pa=priya123@idfcbank&pn=Auto%20Rickshaw%20Stand&cu=INR,priya123@idfcbank,1,3.0,0.375,8,0,0.0,0,0
upi://pay?pa=9529168246@idfcbank&pn=Rahul%20Sharma&cu=INR,9529168246@idfcbank,1,2.722,1.0,10,0,0.0,0,0
upi://pay?pa=merchant.3203@apl&pn=Priya%20Singh&cu=INR,merchant.3203@apl,1,3.547,0.308,13,0,0.0,0,0
upi://pay?pa=sunita.devi@ybl&pn=Om%20Traders&cu=INR&am=3398.9,sunita.devi@ybl,1,3.278,0.0,11,1,3398.9,0,0
upi://pay?pa=sunita.devi@okicici&pn=Sharma%20Kirana%20Store&cu=INR&am=4352.18,sunita.devi@okicici,1,3.278,0.0,11,1,4352.18,0,0
upi://pay?pa=goog1e-pay379@oksbi&pn=Refund%20Team&cu=INR&tn=winner,goog1e-pay379@oksbi,1,3.393,0.308,13,0,0.0,1,1
upi://pay?pa=9870091128@hdfcbank&pn=City%20Cafe&cu=INR,9870091128@hdfcbank,1,2.522,1.0,10,0,0.0,0,0
upi://pay?pa=sunita.devi@ibl&pn=Rahul%20Sharma&cu=INR,sunita.devi@ibl,1,3.278,0.0,11,0,0.0,0,0
upi://pay?pa=cashback28@refund-upi&pn=Cashback%20Desk&cu=INR&tn=kyc,cashback28@refund-upi,0,2.922,0.2,10,0,0.0,1,1
upi://pay?pa=vendor.shop@jio&pn=Priya%20Singh&cu=INR&am=3941.11,vendor.shop@jio,1,3.278,0.0,11,1,3941.11,0,0
upi://pay?pa=amit.kumar@oksbi&pn=City%20Cafe&cu=INR,amit.kumar@oksbi,1,2.922,0.0,10,0,0.0,0,0
upi://pay?pa=gamrh4fzzhyh9o@ybl&pn=Refund%20Team&cu=INR&am=1.74&tn=reward,gamrh4fzzhyh9o@ybl,1,3.325,0.143,14,1,1.74,1,1
upi://pay?pa=phcnpe944@ibl&pn=Verify%20Account&cu=INR&tn=cashback,phcnpe944@ibl,1,2.725,0.333,9,0,0.0,1,1
upi://pay?pa=4494254126@upi&pn=Cashback%20Desk&cu=INR&tn=cashback,4494254126@upi,1,2.322,1.0,10,0,0.0,1,1
upi://pay?pa=kyc-team52@kyc-update&pn=KYC%20Support&cu=INR&am=3.97,kyc-team52@kyc-update,0,3.322,0.2,10,1,3.97,0,1
upi://pay?pa=7456bfyw372@upi&pn=KYC%20Support&cu=INR&tn=kyc,7456bfyw372@upi,1,3.278,0.636,11,0,0.0,1,1
upi://pay?pa=paytrn908@idfcbank&pn=Refund%20Team&cu=INR&tn=suspend,paytrn908@idfcbank,1,3.17,0.333,9,0,0.0,1,1
upi://pay?pa=goog1e-pay88@idfcbank&pn=Prize%20Center&cu=INR&am=3.22&tn=reward,goog1e-pay88@idfcbank,1,3.085,0.25,12,1,3.22,1,1
upi://pay?pa=8292009846@paytm&pn=Rahul%20Sharma&cu=INR,8292009846@paytm,1,2.522,1.0,10,0,0.0,0,0
upi://pay?pa=merchant.795@upi&pn=Auto%20Rickshaw%20Stand&cu=INR,merchant.795@upi,1,3.585,0.25,12,0,0.0,0,0
upi://pay?pa=6363971750@okicici&pn=Green%20Grocers&cu=INR,6363971750@okicici,1,2.722,1.0,10,0,0.0,0,0
upi://pay?pa=5683452044@okicici&pn=Cashback%20Desk&cu=INR&tn=winner,5683452044@okicici,1,2.646,1.0,10,0,0.0,1,1
upi://pay?pa=rahul.sharma@okicici&pn=Green%20Grocers&cu=INR,rahul.sharma@okicici,1,2.855,0.0,12,0,0.0,0,0
upi://pay?pa=vendor.shop@ibl&pn=Sharma%20Kirana%20Store&cu=INR&am=24.2,vendor.shop@ibl,1,3.278,0.0,11,1,24.2,0,0
upi://pay?pa=amit.kumar@hdfcbank&pn=Green%20Grocers&cu=INR,amit.kumar@hdfcbank,1,2.922,0.0,10,0,0.0,0,0
upi://pay?pa=priya123@okhdfcbank&pn=Green%20Grocers&cu=INR,priya123@okhdfcbank,1,3.0,0.375,8,0,0.0,0,0
upi://pay?pa=5687527933@ybl&pn=KYC%20Support&cu=INR&am=4.14&tn=blocked,5687527933@ybl,1,2.722,1.0,10,1,4.14,1,1
upi://pay?pa=phcnpe573@ibl&pn=Verify%20Account&cu=INR&tn=urgent,phcnpe573@ibl,1,2.948,0.333,9,0,0.0,1,1
upi://pay?pa=7776825697@ybl&pn=Green%20Grocers&cu=INR,7776825697@ybl,1,2.322,1.0,10,0,0.0,0,0
upi://pay?pa=priya123@idfcbank&pn=Priya%20Singh&cu=INR&am=2609.87,priya123@idfcbank,1,3.0,0.375,8,1,2609.87,0,0
upi://pay?pa=merchant.3971@ybl&pn=Green%20Grocers&cu=INR,merchant.3971@ybl,1,3.7,0.308,13,0,0.0,0,0
upi://pay?pa=7433599297@okaxis&pn=Auto%20Rickshaw%20Stand&cu=INR,7433599297@okaxis,1,2.446,1.0,10,0,0.0,0,0
upi://pay?pa=f0ezt9lnbohux@apl&pn=Cashback%20Desk&cu=INR&tn=urgent,f0ezt9lnbohux@apl,1,3.7,0.154,13,0,0.0,1,1
upi://pay?pa=merchant.5306@jio&pn=Green%20Grocers&cu=INR,merchant.5306@jio,1,3.7,0.308,13,0,0.0,0,0
upi://pay?pa=1v9q3r1ss07zp3uf@paytm&pn=Refund%20Team&cu=INR&am=3.28&tn=cashback,1v9q3r1ss07zp3uf@paytm,1,3.625,0.438,16,1,3.28,1,1
upi://pay?pa=vendor.shop@ibl&pn=Rahul%20Sharma&cu=INR,vendor.shop@ibl,1,3.278,0.0,11,0,0.0,0,0
upi://pay?pa=gdltggd08kimg@ybl&pn=Prize%20Center&cu=INR&tn=lottery,gdltggd08kimg@ybl,1,2.931,0.154,13,0,0.0,1,1
upi://pay?pa=kyc-team24@secure-pay&pn=KYC%20Support&cu=INR&tn=verify-now,kyc-team24@secure-pay,0,3.322,0.2,10,0,0.0,1,1
upi://pay?pa=typwvt6u791@okhdfcbank&pn=KYC%20Support&cu=INR&am=4.15&tn=suspend,typwvt6u791@okhdfcbank,1,3.278,0.364,11,1,4.15,1,1
upi://pay?pa=priya123@okicici&pn=Sharma%20Kirana%20Store&cu=INR,priya123@okicici,1,3.0,0.375,8,0,0.0,0,0
upi://pay?pa=263745156@kotak&pn=Prize%20Center&cu=INR&am=2.07&tn=blocked,263745156@kotak,1,2.725,1.0,9,1,2.07,1,1
upi://pay?pa=merchant.204@okaxis&pn=Om%20Traders&cu=INR&am=704.71,merchant.204@okaxis,1,3.585,0.25,12,1,704.71,0,0
upi://pay?pa=refund96@kyc-update&pn=Cashback%20Desk&cu=INR&am=2.37&tn=winner,refund96@kyc-update,0,3.0,0.25,8,1,2.37,1,1
upi://pay?pa=amit.kumar@upi&pn=Green%20Grocers&cu=INR,amit.kumar@upi,1,2.922,0.0,10,0,0.0,0,0
upi://pay?pa=refund61@refund-upi&pn=Cashback%20Desk&cu=INR,refund61@refund-upi,0,3.0,0.25,8,0,0.0,0,1
upi://pay?pa=priya123@paytm&pn=Om%20Traders&cu=INR&am=3411.0,priya123@paytm,1,3.0,0.375,8,1,3411.0,0,0
upi://pay?pa=6380232984@jio&pn=Priya%20Singh&cu=INR,6380232984@jio,1,2.722,1.0,10,0,0.0,0,0
upi://pay?pa=7474339313@okaxis&pn=Rahul%20Sharma&cu=INR,7474339313@okaxis,1,2.122,1.0,10,0,0.0,0,0
upi://pay?pa=merchant.907@okicici&pn=Rahul%20Sharma&cu=INR,merchant.907@okicici,1,3.585,0.25,12,0,0.0,0,0
upi://pay?pa=support48@xn--upi&pn=Cashback%20Desk&cu=INR&tn=urgent,support48@xn--upi,0,2.948,0.222,9,0,0.0,1,1
upi://pay?pa=6289887061@ibl&pn=Verify%20Account&cu=INR&tn=lottery,6289887061@ibl,1,2.646,1.0,10,0,0.0,1,1
upi://pay?pa=merchant.9761@okaxis&pn=Green%20Grocers&cu=INR,merchant.9761@okaxis,1,3.7,0.308,13,0,0.0,0,0
upi://pay?pa=4419381997@okaxis&pn=Prize%20Center&cu=INR&tn=blocked,4419381997@okaxis,1,2.446,1.0,10,0,0.0,1,1
upi://pay?pa=2648045089@apl&pn=Verify%20Account&cu=INR&tn=reward,2648045089@apl,1,2.722,1.0,10,0,0.0,1,1
upi://pay?pa=7102646387@upi&pn=Cashback%20Desk&cu=INR&tn=lottery,7102646387@upi,1,2.922,1.0,10,0,0.0,1,1
upi://pay?pa=phcnpe192@okaxis&pn=Refund%20Team&cu=INR&tn=verify-now,phcnpe192@okaxis,1,2.948,0.333,9,0,0.0,1,1
upi://pay?pa=support56@xn--upi&pn=KYC%20Support&cu=INR&am=4.4&tn=kyc,support56@xn--upi,0,2.948,0.222,9,1,4.4,1,1
upi://pay?pa=6uleahguaalzg@paytm&pn=Cashback%20Desk&cu=INR&tn=reward,6uleahguaalzg@paytm,1,2.873,0.077,13,0,0.0,1,1
upi://pay?pa=paytrn888@paytm&pn=Verify%20Account&cu=INR,paytrn888@paytm,1,2.642,0.333,9,0,0.0,0,1
upi://pay?pa=amit.kumar@okhdfcbank&pn=City%20Cafe&cu=INR,amit.kumar@okhdfcbank,1,2.922,0.0,10,0,0.0,0,0
upi://pay?pa=merchant.8411@ibl&pn=Auto%20Rickshaw%20Stand&cu=INR&am=4230.19,merchant.8411@ibl,1,3.547,0.308,13,1,4230.19,0,0
upi://pay?pa=goog1e-pay891@axl&pn=Cashback%20Desk&cu=INR&am=2.42&tn=verify-now,goog1e-pay891@axl,1,3.239,0.308,13,1,2.42,1,1
upi://pay?pa=t08nnu1uxf45@jio&pn=Refund%20Team&cu=INR&tn=reward,t08nnu1uxf45@jio,1,3.252,0.417,12,0,0.0,1,1
upi://pay?pa=5910978365@idfcbank&pn=Cashback%20Desk&cu=INR&tn=cashback,5910978365@idfcbank,1,2.922,1.0,10,0,0.0,1,1
upi://pay?pa=6695189719@axl&pn=Om%20Traders&cu=INR,6695189719@axl,1,2.446,1.0,10,0,0.0,0,0
upi://pay?pa=8rtmsy77bmbvm@axl&pn=Verify%20Account&cu=INR&tn=urgent,8rtmsy77bmbvm@axl,1,3.027,0.231,13,0,0.0,1,1
upi://pay?pa=phcnpe547@oksbi&pn=Verify%20Account&cu=INR&tn=winner,phcnpe547@oksbi,1,2.948,0.333,9,0,0.0,1,1
upi://pay?pa=merchant.5940@okicici&pn=Om%20Traders&cu=INR&am=2307.42,merchant.5940@okicici,1,3.7,0.308,13,1,2307.42,0,0
upi://pay?pa=refund48@xn--upi&pn=KYC%20Support&cu=INR&tn=suspend,refund48@xn--upi,0,3.0,0.25,8,0,0.0,1,1
upi://pay?pa=merchant.8360@upi&pn=City%20Cafe&cu=INR,merchant.8360@upi,1,3.7,0.308,13,0,0.0,0,0
upi://pay?pa=1m8eckc546rxoz5c@upi&pn=Verify%20Account&cu=INR&tn=reward,1m8eckc546rxoz5c@upi,1,3.578,0.375,16,0,0.0,1,1
upi://pay?pa=9803621442@hdfcbank&pn=City%20Cafe&cu=INR&am=4752.04,9803621442@hdfcbank,1,2.922,1.0,10,1,4752.04,0,0
upi://pay?pa=i6mghagmb362m9@oksbi&pn=Verify%20Account&cu=INR&tn=winner,i6mghagmb362m9@oksbi,1,3.182,0.357,14,0,0.0,1,1
upi://pay?pa=8904667340@jio&pn=Rahul%20Sharma&cu=INR&am=1936.69,8904667340@jio,1,2.722,1.0,10,1,1936.69,0,0
upi://pay?pa=3948540308@jio&pn=Verify%20Account&cu=INR&am=3.83&tn=verify-now,3948540308@jio,1,2.522,1.0,10,1,3.83,1,1
upi://pay?pa=7506593098@idfcbank&pn=Green%20Grocers&cu=INR,7506593098@idfcbank,1,2.722,1.0,10,0,0.0,0,0
upi://pay?pa=8285954954@okicici&pn=Rahul%20Sharma&cu=INR,8285954954@okicici,1,2.246,1.0,10,0,0.0,0,0
upi://pay?pa=merchant.4521@axl&pn=Auto%20Rickshaw%20Stand&cu=INR,merchant.4521@axl,1,3.7,0.308,13,0,0.0,0,0
upi://pay?pa=6171788489@ibl&pn=Refund%20Team&cu=INR&am=2.21&tn=verify-now,6171788489@ibl,1,2.446,1.0,10,1,2.21,1,1
upi://pay?pa=sunita.devi@hdfcbank&pn=Green%20Grocers&cu=INR,sunita.devi@hdfcbank,1,3.278,0.0,11,0,0.0,0,0
upi://pay?pa=merchant.5032@kotak&pn=Auto%20Rickshaw%20Stand&cu=INR&am=3433.51,merchant.5032@kotak,1,3.7,0.308,13,1,3433.51,0,0
upi://pay?pa=cashback31@refund-upi&pn=KYC%20Support&cu=INR&tn=lottery,cashback31@refund-upi,0,2.922,0.2,10,0,0.0,1,1
upi://pay?pa=merchant.1528@hdfcbank&pn=Om%20Traders&cu=INR,merchant.1528@hdfcbank,1,3.7,0.308,13,0,0.0,0,0
upi://pay?pa=merchant.6781@apl&pn=Auto%20Rickshaw%20Stand&cu=INR,merchant.6781@apl,1,3.7,0.308,13,0,0.0,0,0
upi://pay?pa=1576007345@upi&pn=Prize%20Center&cu=INR&am=1.88&tn=kyc,1576007345@upi,1,2.722,1.0,10,1,1.88,1,1
upi://pay?pa=paytrn505@okhdfcbank&pn=Refund%20Team&cu=INR&tn=cashback,paytrn505@okhdfcbank,1,2.948,0.333,9,0,0.0,1,1
upi://pay?pa=refund93@kyc-update&pn=Refund%20Team&cu=INR&tn=refund,refund93@kyc-update,0,3.0,0.25,8,0,0.0,1,1
upi://pay?pa=z93i36de5jamsl@apl&pn=Prize%20Center&cu=INR&tn=lottery,z93i36de5jamsl@apl,1,3.664,0.357,14,0,0.0,1,1
upi://pay?pa=yjzevbdsibgwn@idfcbank&pn=KYC%20Support&cu=INR&tn=reward,yjzevbdsibgwn@idfcbank,1,3.547,0.0,13,0,0.0,1,1
upi://pay?pa=merchant.4330@idfcbank&pn=City%20Cafe&cu=INR&am=3294.14,merchant.4330@idfcbank,1,3.547,0.308,13,1,3294.14,0,0
upi://pay?pa=9934990837@kotak&pn=Priya%20Singh&cu=INR,9934990837@kotak,1,2.322,1.0,10,0,0.0,0,0
upi://pay?pa=paytrn310@ybl&pn=Prize%20Center&cu=INR&tn=blocked,paytrn310@ybl,1,3.17,0.333,9,0,0.0,1,1
upi://pay?pa=8804164518@idfcbank&pn=Rahul%20Sharma&cu=INR,8804164518@idfcbank,1,2.446,1.0,10,0,0.0,0,0
upi://pay?pa=amit.kumar@oksbi&pn=Auto%20Rickshaw%20Stand&cu=INR,amit.kumar@oksbi,1,2.922,0.0,10,0,0.0,0,0
upi://pay?pa=sunita.devi@upi&pn=City%20Cafe&cu=INR&am=1860.8,sunita.devi@upi,1,3.278,0.0,11,1,1860.8,0,0
upi://pay?pa=kyc-team63@kyc-update&pn=Cashback%20Desk&cu=INR&tn=suspend,kyc-team63@kyc-update,0,3.322,0.2,10,0,0.0,1,1
upi://pay?pa=paytrn538@okaxis&pn=Cashback%20Desk&cu=INR&tn=suspend,paytrn538@okaxis,1,3.17,0.333,9,0,0.0,1,1
upi://pay?pa=refund30@secure-pay&pn=Prize%20Center&cu=INR&tn=blocked,refund30@secure-pay,0,3.0,0.25,8,0,0.0,1,1
upi://pay?pa=cashback3@kyc-update&pn=Refund%20Team&cu=INR&tn=cashback,cashback3@kyc-update,0,2.725,0.111,9,0,0.0,1,1
upi://pay?pa=phcnpe133@ybl&pn=Prize%20Center&cu=INR&am=3.88&tn=blocked,phcnpe133@ybl,1,2.725,0.333,9,1,3.88,1,1
upi://pay?pa=merchant.6685@okicici&pn=Rahul%20Sharma&cu=INR&am=4212.71,merchant.6685@okicici,1,3.547,0.308,13,1,4212.71,0,0
upi://pay?pa=exupfjmp9k@okicici&pn=Refund%20Team&cu=INR&tn=cashback,exupfjmp9k@okicici,1,3.122,0.1,10,0,0.0,1,1
upi://pay?pa=merchant.7637@apl&pn=Green%20Grocers&cu=INR,merchant.7637@apl,1,3.547,0.308,13,0,0.0,0,0
upi://pay?pa=merchant.6245@okicici&pn=Priya%20Singh&cu=INR&am=2760.19,merchant.6245@okicici,1,3.7,0.308,13,1,2760.19,0,0
upi://pay?pa=phcnpe587@ibl&pn=Cashback%20Desk&cu=INR,phcnpe587@ibl,1,2.948,0.333,9,0,0.0,0,1
upi://pay?pa=kyc-team83@kyc-update&pn=KYC%20Support&cu=INR&tn=cashback,kyc-team83@kyc-update,0,3.322,0.2,10,0,0.0,1,1
upi://pay?pa=amit.kumar@kotak&pn=Priya%20Singh&cu=INR&am=3529.43,amit.kumar@kotak,1,2.922,0.0,10,1,3529.43,0,0
upi://pay?pa=merchant.8254@idfcbank&pn=Om%20Traders&cu=INR&am=4043.74,merchant.8254@idfcbank,1,3.7,0.308,13,1,4043.74,0,0
upi://pay?pa=merchant.4104@okaxis&pn=Rahul%20Sharma&cu=INR,merchant.4104@okaxis,1,3.547,0.308,13,0,0.0,0,0
upi://pay?pa=6289109870@hdfcbank&pn=Sharma%20Kirana%20Store&cu=INR&am=2897.66,6289109870@hdfcbank,1,2.722,1.0,10,1,2897.66,0,0
upi://pay?pa=amit.kumar@okhdfcbank&pn=City%20Cafe&cu=INR,amit.kumar@okhdfcbank,1,2.922,0.0,10,0,0.0,0,0
upi://pay?pa=6517717617@hdfcbank&pn=Priya%20Singh&cu=INR&am=3856.54,6517717617@hdfcbank,1,1.846,1.0,10,1,3856.54,0,0
upi://pay?pa=kyc-team7@xn--upi&pn=Verify%20Account&cu=INR&am=4.17&tn=winner,kyc-team7@xn--upi,0,3.17,0.111,9,1,4.17,1,1
upi://pay?pa=phcnpe198@ybl&pn=KYC%20Support&cu=INR&am=3.98&tn=verify-now,phcnpe198@ybl,1,2.948,0.333,9,1,3.98,1,1
upi://pay?pa=vendor.shop@okhdfcbank&pn=Om%20Traders&cu=INR&am=2653.64,vendor.shop@okhdfcbank,1,3.278,0.0,11,1,2653.64,0,0
upi://pay?pa=cashback67@pay-verify&pn=KYC%20Support&cu=INR&am=1.14&tn=cashback,cashback67@pay-verify,0,2.922,0.2,10,1,1.14,1,1
upi://pay?pa=merchant.8044@axl&pn=Sharma%20Kirana%20Store&cu=INR,merchant.8044@axl,1,3.547,0.308,13,0,0.0,0,0
upi://pay?pa=goog1e-pay688@kotak&pn=Refund%20Team&cu=INR&tn=cashback,goog1e-pay688@kotak,1,3.239,0.308,13,0,0.0,1,1
upi://pay?pa=kyc-team32@kyc-update&pn=Refund%20Team&cu=INR&am=2.95&tn=winner,kyc-team32@kyc-update,0,3.322,0.2,10,1,2.95,1,1
upi://pay?pa=7i85h6yydcm3t@kotak&pn=KYC%20Support&cu=INR&tn=blocked,7i85h6yydcm3t@kotak,1,3.547,0.385,13,0,0.0,1,1
upi://pay?pa=merchant.2893@paytm&pn=Green%20Grocers&cu=INR&am=984.98,merchant.2893@paytm,1,3.7,0.308,13,1,984.98,0,0
upi://pay?pa=vendor.shop@axl&pn=City%20Cafe&cu=INR&am=725.71,vendor.shop@axl,1,3.278,0.0,11,1,725.71,0,0
upi://pay?pa=8733375285@paytm&pn=KYC%20Support&cu=INR&tn=reward,8733375285@paytm,1,2.246,1.0,10,0,0.0,1,1
upi://pay?pa=goog1e-pay936@upi&pn=KYC%20Support&cu=INR&am=3.15&tn=winner,goog1e-pay936@upi,1,3.393,0.308,13,1,3.15,1,1
upi://pay?pa=6093117764@okicici&pn=Om%20Traders&cu=INR,6093117764@okicici,1,2.722,1.0,10,0,0.0,0,0
upi://pay?pa=8566125120@idfcbank&pn=Sharma%20Kirana%20Store&cu=INR,8566125120@idfcbank,1,2.522,1.0,10,0,0.0,0,0
upi://pay?pa=9415829789@kotak&pn=Verify%20Account&cu=INR&am=1.23&tn=suspend,9415829789@kotak,1,2.646,1.0,10,1,1.23,1,1
upi://pay?pa=amit.kumar@okicici&pn=Green%20Grocers&cu=INR&am=44.7,amit.kumar@okicici,1,2.922,0.0,10,1,44.7,0,0
upi://pay?pa=7274390078@kotak&pn=Cashback%20Desk&cu=INR&tn=blocked,7274390078@kotak,1,2.646,1.0,10,0,0.0,1,1
upi://pay?pa=9715912837@axl&pn=Auto%20Rickshaw%20Stand&cu=INR,9715912837@axl,1,2.722,1.0,10,0,0.0,0,0
upi://pay?pa=refund18@secure-pay&pn=Cashback%20Desk&cu=INR&am=3.1&tn=refund,refund18@secure-pay,0,3.0,0.25,8,1,3.1,1,1
upi://pay?pa=sunita.devi@hdfcbank&pn=Om%20Traders&cu=INR,sunita.devi@hdfcbank,1,3.278,0.0,11,0,0.0,0,0
upi://pay?pa=imopw9i93t3m5tx@oksbi&pn=Prize%20Center&cu=INR&tn=winner,imopw9i93t3m5tx@oksbi,1,3.24,0.333,15,0,0.0,1,1
upi://pay?pa=cashback96@pay-verify&pn=KYC%20Support&cu=INR&tn=lottery,cashback96@pay-verify,0,2.922,0.2,10,0,0.0,1,1
upi://pay?pa=9805541979@axl&pn=Cashback%20Desk&cu=INR&tn=kyc,9805541979@axl,1,2.646,1.0,10,0,0.0,1,1
upi://pay?pa=8930900179@axl&pn=Green%20Grocers&cu=INR,8930900179@axl,1,2.371,1.0,10,0,0.0,0,0
upi://pay?pa=9722760596@paytm&pn=Green%20Grocers&cu=INR,9722760596@paytm,1,2.522,1.0,10,0,0.0,0,0
upi://pay?pa=merchant.9540@idfcbank&pn=Priya%20Singh&cu=INR&am=4540.13,merchant.9540@idfcbank,1,3.7,0.308,13,1,4540.13,0,0
upi://pay?pa=goog1e-pay204@okicici&pn=KYC%20Support&cu=INR&am=4.03&tn=verify-now,goog1e-pay204@okicici,1,3.393,0.308,13,1,4.03,1,1
upi://pay?pa=support89@refund-upi&pn=Refund%20Team&cu=INR&tn=blocked,support89@refund-upi,0,2.948,0.222,9,0,0.0,1,1
upi://pay?pa=2030928721@kotak&pn=Verify%20Account&cu=INR&tn=reward,2030928721@kotak,1,2.646,1.0,10,0,0.0,1,1
upi://pay?pa=hqpkzkgdjwxtlt@idfcbank&pn=KYC%20Support&cu=INR&tn=lottery,hqpkzkgdjwxtlt@idfcbank,1,3.522,0.0,14,0,0.0,1,1
upi://pay?pa=support54@refund-upi&pn=Prize%20Center&cu=INR&am=2.16&tn=winner,support54@refund-upi,0,2.948,0.222,9,1,2.16,1,1
upi://pay?pa=6029099868@hdfcbank&pn=Green%20Grocers&cu=INR,6029099868@hdfcbank,1,2.246,1.0,10,0,0.0,0,0
upi://pay?pa=f77sy2u1jb@oksbi&pn=KYC%20Support&cu=INR,f77sy2u1jb@oksbi,1,3.122,0.4,10,0,0.0,0,1
upi://pay?pa=6647135943@apl&pn=Refund%20Team&cu=INR&am=2.58&tn=winner,6647135943@apl,1,2.722,1.0,10,1,2.58,1,1
upi://pay?pa=phcnpe213@oksbi&pn=KYC%20Support&cu=INR&tn=suspend,phcnpe213@oksbi,1,2.948,0.333,9,0,0.0,1,1
upi://pay?pa=47zpo0llqixu@okaxis&pn=KYC%20Support&cu=INR,47zpo0llqixu@okaxis,1,3.418,0.25,12,0,0.0,0,1
upi://pay?pa=vendor.shop@upi&pn=Green%20Grocers&cu=INR&am=1934.72,vendor.shop@upi,1,3.278,0.0,11,1,1934.72,0,0
upi://pay?pa=h9qjww8qviv@idfcbank&pn=KYC%20Support&cu=INR&am=2.57&tn=lottery,h9qjww8qviv@idfcbank,1,2.914,0.182,11,1,2.57,1,1
upi://pay?pa=5295283318@oksbi&pn=Refund%20Team&cu=INR&tn=urgent,5295283318@oksbi,1,2.522,1.0,10,0,0.0,1,1
upi://pay?pa=merchant.5527@apl&pn=Rahul%20Sharma&cu=INR,merchant.5527@apl,1,3.547,0.308,13,0,0.0,0,0
upi://pay?pa=merchant.3807@jio&pn=Priya%20Singh&cu=INR&am=4654.63,merchant.3807@jio,1,3.7,0.308,13,1,4654.63,0,0
upi://pay?pa=phcnpe713@hdfcbank&pn=Refund%20Team&cu=INR&tn=reward,phcnpe713@hdfcbank,1,2.948,0.333,9,0,0.0,1,1
upi://pay?pa=rahul.sharma@idfcbank&pn=Om%20Traders&cu=INR,rahul.sharma@idfcbank,1,2.855,0.0,12,0,0.0,0,0
upi://pay?pa=cashback58@xn--upi&pn=KYC%20Support&cu=INR&tn=cashback,cashback58@xn--upi,0,2.922,0.2,10,0,0.0,1,1
upi://pay?pa=ou1s06wtosvi4@oksbi&pn=Prize%20Center&cu=INR&am=2.77&tn=refund,ou1s06wtosvi4@oksbi,1,3.393,0.308,13,1,2.77,1,1
upi://pay?pa=merchant.6177@paytm&pn=Auto%20Rickshaw%20Stand&cu=INR,merchant.6177@paytm,1,3.547,0.308,13,0,0.0,0,0
upi://pay?pa=merchant.8027@paytm&pn=Priya%20Singh&cu=INR&am=1732.63,merchant.8027@paytm,1,3.7,0.308,13,1,1732.63,0,0
upi://pay?pa=9frroa5vk1m1f@hdfcbank&pn=Verify%20Account&cu=INR&tn=winner,9frroa5vk1m1f@hdfcbank,1,3.239,0.308,13,0,0.0,1,1
upi://pay?pa=tkaz4yi2y7l1v@ybl&pn=Refund%20Team&cu=INR&am=4.62&tn=verify-now,tkaz4yi2y7l1v@ybl,1,3.547,0.308,13,1,4.62,1,1
upi://pay?pa=priya123@oksbi&pn=Priya%20Singh&cu=INR,priya123@oksbi,1,3.0,0.375,8,0,0.0,0,0
upi://pay?pa=merchant.7935@hdfcbank&pn=Priya%20Singh&cu=INR,merchant.7935@hdfcbank,1,3.7,0.308,13,0,0.0,0,0
upi://pay?pa=refund84@xn--upi&pn=Verify%20Account&cu=INR&am=2.97&tn=urgent,refund84@xn--upi,0,3.0,0.25,8,1,2.97,1,1
upi://pay?pa=rahul.sharma@ibl&pn=Rahul%20Sharma&cu=INR,rahul.sharma@ibl,1,2.855,0.0,12,0,0.0,0,0
upi://pay?pa=support80@kyc-update&pn=KYC%20Support&cu=INR&tn=reward,support80@kyc-update,0,2.948,0.222,9,0,0.0,1,1
upi://pay?pa=paytrn489@okaxis&pn=Prize%20Center&cu=INR&tn=urgent,paytrn489@okaxis,1,3.17,0.333,9,0,0.0,1,1
upi://pay?pa=9dnoq3xw4w@jio&pn=Prize%20Center&cu=INR&am=2.94&tn=refund,9dnoq3xw4w@jio,1,3.122,0.3,10,1,2.94,1,1
upi://pay?pa=goog1e-pay456@okaxis&pn=Prize%20Center&cu=INR&am=1.79&tn=cashback,goog1e-pay456@okaxis,1,3.393,0.308,13,1,1.79,1,1
upi://pay?pa=kyc-team81@pay-verify&pn=Cashback%20Desk&cu=INR,kyc-team81@pay-verify,0,3.322,0.2,10,0,0.0,0,1
upi://pay?pa=7466299416@apl&pn=City%20Cafe&cu=INR,7466299416@apl,1,2.446,1.0,10,0,0.0,0,0
upi://pay?pa=rahul.sharma@apl&pn=Sharma%20Kirana%20Store&cu=INR,rahul.sharma@apl,1,2.855,0.0,12,0,0.0,0,0
upi://pay?pa=merchant.6428@jio&pn=Om%20Traders&cu=INR,merchant.6428@jio,1,3.7,0.308,13,0,0.0,0,0
upi://pay?pa=kyc-team55@refund-upi&pn=KYC%20Support&cu=INR&tn=refund,kyc-team55@refund-upi,0,3.122,0.2,10,0,0.0,1,1
upi://pay?pa=1n1tp1lsj7@apl&pn=Verify%20Account&cu=INR&am=4.67&tn=urgent,1n1tp1lsj7@apl,1,2.846,0.4,10,1,4.67,1,1
upi://pay?pa=6281469585@hdfcbank&pn=Prize%20Center&cu=INR&am=1.31&tn=verify-now,6281469585@hdfcbank,1,2.722,1.0,10,1,1.31,1,1
upi://pay?pa=merchant.2440@jio&pn=Sharma%20Kirana%20Store&cu=INR,merchant.2440@jio,1,3.547,0.308,13,0,0.0,0,0
upi://pay?pa=amit.kumar@hdfcbank&pn=Om%20Traders&cu=INR,amit.kumar@hdfcbank,1,2.922,0.0,10,0,0.0,0,0
upi://pay?pa=7824864415@okicici&pn=Refund%20Team&cu=INR&am=1.66&tn=kyc,7824864415@okicici,1,2.646,1.0,10,1,1.66,1,1
upi://pay?pa=9860611944@paytm&pn=Rahul%20Sharma&cu=INR&am=3948.36,9860611944@paytm,1,2.522,1.0,10,1,3948.36,0,0
upi://pay?pa=merchant.2394@okaxis&pn=City%20Cafe&cu=INR,merchant.2394@okaxis,1,3.7,0.308,13,0,0.0,0,0
upi://pay?pa=goog1e-pay316@apl&pn=Prize%20Center&cu=INR&tn=blocked,goog1e-pay316@apl,1,3.239,0.308,13,0,0.0,1,1
upi://pay?pa=9851246600@upi&pn=Refund%20Team&cu=INR&tn=winner,9851246600@upi,1,2.922,1.0,10,0,0.0,1,1
upi://pay?pa=kyc-team81@pay-verify&pn=Verify%20Account&cu=INR&tn=refund,kyc-team81@pay-verify,0,3.322,0.2,10,0,0.0,1,1
upi://pay?pa=8298726599@okhdfcbank&pn=City%20Cafe&cu=INR,8298726599@okhdfcbank,1,2.446,1.0,10,0,0.0,0,0
upi://pay?pa=se094588ysvc@idfcbank&pn=Refund%20Team&cu=INR&am=2.95&tn=refund,se094588ysvc@idfcbank,1,3.252,0.5,12,1,2.95,1,1
upi://pay?pa=cashback84@secure-pay&pn=Prize%20Center&cu=INR&tn=lottery,cashback84@secure-pay,0,2.922,0.2,10,0,0.0,1,1
upi://pay?pa=8311723814@upi&pn=Green%20Grocers&cu=INR&am=3769.98,8311723814@upi,1,2.446,1.0,10,1,3769.98,0,0
upi://pay?pa=8756900144@jio&pn=Om%20Traders&cu=INR,8756900144@jio,1,2.922,1.0,10,0,0.0,0,0
upi://pay?pa=goog1e-pay840@jio&pn=Cashback%20Desk&cu=INR&tn=suspend,goog1e-pay840@jio,1,3.393,0.308,13,0,0.0,1,1
upi://pay?pa=phcnpe98@apl&pn=KYC%20Support&cu=INR&am=1.21&tn=winner,phcnpe98@apl,1,2.75,0.25,8,1,1.21,1,1
upi://pay?pa=1540160138@okicici&pn=Refund%20Team&cu=INR&am=1.36&tn=blocked,1540160138@okicici,1,2.646,1.0,10,1,1.36,1,1
upi://pay?pa=epgjsfoijocv@apl&pn=Prize%20Center&cu=INR&tn=suspend,epgjsfoijocv@apl,1,3.252,0.0,12,0,0.0,1,1
upi://pay?pa=goog1e-pay732@kotak&pn=Cashback%20Desk&cu=INR&tn=kyc,goog1e-pay732@kotak,1,3.393,0.308,13,0,0.0,1,1
upi://pay?pa=phcnpe78@upi&pn=Prize%20Center&cu=INR&tn=winner,phcnpe78@upi,1,2.75,0.25,8,0,0.0,1,1
upi://pay?pa=9769687912@apl&pn=Cashback%20Desk&cu=INR&tn=lottery,9769687912@apl,1,2.446,1.0,10,0,0.0,1,1
upi://pay?pa=merchant.3872@okicici&pn=Om%20Traders&cu=INR,merchant.3872@okicici,1,3.7,0.308,13,0,0.0,0,0
upi://pay?pa=priya123@okhdfcbank&pn=Auto%20Rickshaw%20Stand&cu=INR,priya123@okhdfcbank,1,3.0,0.375,8,0,0.0,0,0
upi://pay?pa=8632933108@axl&pn=Priya%20Singh&cu=INR,8632933108@axl,1,2.646,1.0,10,0,0.0,0,0
upi://pay?pa=priya123@okhdfcbank&pn=Auto%20Rickshaw%20Stand&cu=INR&am=736.59,priya123@okhdfcbank,1,3.0,0.375,8,1,736.59,0,0
upi://pay?pa=9647891535@okicici&pn=City%20Cafe&cu=INR&am=1517.67,9647891535@okicici,1,2.922,1.0,10,1,1517.67,0,0
upi://pay?pa=goog1e-pay941@upi&pn=Verify%20Account&cu=INR&tn=reward,goog1e-pay941@upi,1,3.239,0.308,13,0,0.0,1,1
upi://pay?pa=paytrn63@apl&pn=KYC%20Support&cu=INR&am=2.66&tn=kyc,paytrn63@apl,1,3.0,0.25,8,1,2.66,1,1
upi://pay?pa=goog1e-pay127@oksbi&pn=KYC%20Support&cu=INR&tn=verify-now,goog1e-pay127@oksbi,1,3.239,0.308,13,0,0.0,1,1
upi://pay?pa=8302552969@hdfcbank&pn=Om%20Traders&cu=INR&am=2832.06,8302552969@hdfcbank,1,2.722,1.0,10,1,2832.06,0,0
upi://pay?pa=wpzkg84yner@upi&pn=Cashback%20Desk&cu=INR&tn=cashback,wpzkg84yner@upi,1,3.459,0.182,11,0,0.0,1,1
upi://pay?pa=8303938069@okhdfcbank&pn=Priya%20Singh&cu=INR,8303938069@okhdfcbank,1,2.246,1.0,10,0,0.0,0,0
upi://pay?pa=rahul.sharma@ibl&pn=Auto%20Rickshaw%20Stand&cu=INR,rahul.sharma@ibl,1,2.855,0.0,12,0,0.0,0,0
upi://pay?pa=support64@secure-pay&pn=Prize%20Center&cu=INR&am=4.06&tn=lottery,support64@secure-pay,0,2.948,0.222,9,1,4.06,1,1
upi://pay?pa=g0slzob36a7tm@oksbi&pn=Verify%20Account&cu=INR&tn=lottery,g0slzob36a7tm@oksbi,1,3.7,0.308,13,0,0.0,1,1
upi://pay?pa=i4mu4qp4ulpq@axl&pn=Prize%20Center&cu=INR&am=4.01&tn=verify-now,i4mu4qp4ulpq@axl,1,2.689,0.25,12,1,4.01,1,1
upi://pay?pa=3248550772@oksbi&pn=Cashback%20Desk&cu=INR&am=2.96&tn=suspend,3248550772@oksbi,1,2.722,1.0,10,1,2.96,1,1
upi://pay?pa=vendor.shop@apl&pn=Om%20Traders&cu=INR,vendor.shop@apl,1,3.278,0.0,11,0,0.0,0,0
upi://pay?pa=zcecert7awrpmehr@apl&pn=Cashback%20Desk&cu=INR&tn=reward,zcecert7awrpmehr@apl,1,3.281,0.062,16,0,0.0,1,1
upi://pay?pa=sunita.devi@hdfcbank&pn=Rahul%20Sharma&cu=INR&am=2506.53,sunita.devi@hdfcbank,1,3.278,0.0,11,1,2506.53,0,0
upi://pay?pa=sunita.devi@kotak&pn=Priya%20Singh&cu=INR,sunita.devi@kotak,1,3.278,0.0,11,0,0.0,0,0
upi://pay?pa=goog1e-pay878@idfcbank&pn=Refund%20Team&cu=INR&tn=blocked,goog1e-pay878@idfcbank,1,3.239,0.308,13,0,0.0,1,1
upi://pay?pa=9590766182@jio&pn=Green%20Grocers&cu=INR,9590766182@jio,1,2.922,1.0,10,0,0.0,0,0
upi://pay?pa=bzyiyn62u8z1x@okicici&pn=Cashback%20Desk&cu=INR&am=1.52&tn=refund,bzyiyn62u8z1x@okicici,1,3.393,0.308,13,1,1.52,1,1
upi://pay?pa=icookaewf8kpqpjs@okhdfcbank&pn=Cashback%20Desk&cu=INR&tn=urgent,icookaewf8kpqpjs@okhdfcbank,1,3.625,0.062,16,0,0.0,1,1
upi://pay?pa=rahul.sharma@axl&pn=Rahul%20Sharma&cu=INR&am=3703.48,rahul.sharma@axl,1,2.855,0.0,12,1,3703.48,0,0
upi://pay?pa=5o70axw9vrzk1i19@upi&pn=Cashback%20Desk&cu=INR&tn=suspend,5o70axw9vrzk1i19@upi,1,3.75,0.438,16,0,0.0,1,1
upi://pay?pa=u245mrtovz@okicici&pn=Refund%20Team&cu=INR&tn=refund,u245mrtovz@okicici,1,3.322,0.3,10,0,0.0,1,1
upi://pay?pa=cashback44@kyc-update&pn=Refund%20Team&cu=INR&am=1.54&tn=lottery,cashback44@kyc-update,0,2.722,0.2,10,1,1.54,1,1
upi://pay?pa=1648975779@axl&pn=Refund%20Team&cu=INR&tn=cashback,1648975779@axl,1,2.646,1.0,10,0,0.0,1,1
upi://pay?pa=merchant.2469@upi&pn=Sharma%20Kirana%20Store&cu=INR&am=1202.19,merchant.2469@upi,1,3.7,0.308,13,1,1202.19,0,0
upi://pay?pa=rahul.sharma@paytm&pn=Om%20Traders&cu=INR,rahul.sharma@paytm,1,2.855,0.0,12,0,0.0,0,0
upi://pay?pa=refund36@pay-verify&pn=Verify%20Account&cu=INR&tn=suspend,refund36@pay-verify,0,3.0,0.25,8,0,0.0,1,1
upi://pay?pa=merchant.8248@idfcbank&pn=Auto%20Rickshaw%20Stand&cu=INR&am=3651.72,merchant.8248@idfcbank,1,3.547,0.308,13,1,3651.72,0,0
upi://pay?pa=cashback9@secure-pay&pn=Refund%20Team&cu=INR&am=2.49&tn=reward,cashback9@secure-pay,0,2.725,0.111,9,1,2.49,1,1
upi://pay?pa=zfn4oqxhn80@paytm&pn=Verify%20Account&cu=INR&tn=winner,zfn4oqxhn80@paytm,1,3.278,0.273,11,0,0.0,1,1
upi://pay?pa=6188623726@axl&pn=Rahul%20Sharma&cu=INR,6188623726@axl,1,2.446,1.0,10,0,0.0,0,0
upi://pay?pa=cashback89@pay-verify&pn=KYC%20Support&cu=INR&tn=reward,cashback89@pay-verify,0,2.922,0.2,10,0,0.0,1,1
upi://pay?pa=refund67@xn--upi&pn=Refund%20Team&cu=INR&am=3.04&tn=cashback,refund67@xn--upi,0,3.0,0.25,8,1,3.04,1,1
upi://pay?pa=6272168566@okaxis&pn=Auto%20Rickshaw%20Stand&cu=INR,6272168566@okaxis,1,2.322,1.0,10,0,0.0,0,0
upi://pay?pa=ffy15pjem8sgnx@jio&pn=Prize%20Center&cu=INR&am=4.1,ffy15pjem8sgnx@jio,1,3.664,0.214,14,1,4.1,0,1
upi://pay?pa=merchant.3094@ybl&pn=Rahul%20Sharma&cu=INR,merchant.3094@ybl,1,3.7,0.308,13,0,0.0,0,0
upi://pay?pa=bazd84vf161@ybl&pn=KYC%20Support&cu=INR&tn=lottery,bazd84vf161@ybl,1,3.278,0.455,11,0,0.0,1,1
upi://pay?pa=merchant.2469@upi&pn=Auto%20Rickshaw%20Stand&cu=INR&am=3327.03,merchant.2469@upi,1,3.7,0.308,13,1,3327.03,0,0
upi://pay?pa=cashback80@refund-upi&pn=Refund%20Team&cu=INR&tn=urgent,cashback80@refund-upi,0,2.922,0.2,10,0,0.0,1,1
upi://pay?pa=7198905259@hdfcbank&pn=Priya%20Singh&cu=INR,7198905259@hdfcbank,1,2.646,1.0,10,0,0.0,0,0
upi://pay?pa=3566004511@jio&pn=Refund%20Team&cu=INR&tn=refund,3566004511@jio,1,2.522,1.0,10,0,0.0,1,1
upi://pay?pa=9191739394@okhdfcbank&pn=City%20Cafe&cu=INR,9191739394@okhdfcbank,1,2.122,1.0,10,0,0.0,0,0
upi://pay?pa=paytrn602@okhdfcbank&pn=Cashback%20Desk&cu=INR&am=2.29,paytrn602@okhdfcbank,1,3.17,0.333,9,1,2.29,0,1
upi://pay?pa=9733616459@kotak&pn=Sharma%20Kirana%20Store&cu=INR,9733616459@kotak,1,2.722,1.0,10,0,0.0,0,0
upi://pay?pa=8996563494@jio&pn=Prize%20Center&cu=INR&tn=verify-now,8996563494@jio,1,2.446,1.0,10,0,0.0,1,1
upi://pay?pa=6974641050@okicici&pn=Rahul%20Sharma&cu=INR,6974641050@okicici,1,2.722,1.0,10,0,0.0,0,0
upi://pay?pa=7282044148@apl&pn=City%20Cafe&cu=INR,7282044148@apl,1,2.446,1.0,10,0,0.0,0,0
upi://pay?pa=merchant.4359@hdfcbank&pn=City%20Cafe&cu=INR&am=3224.45,merchant.4359@hdfcbank,1,3.7,0.308,13,1,3224.45,0,0
upi://pay?pa=phcnpe519@hdfcbank&pn=Cashback%20Desk&cu=INR,phcnpe519@hdfcbank,1,2.948,0.333,9,0,0.0,0,1
upi://pay?pa=6676681226@apl&pn=Prize%20Center&cu=INR&tn=reward,6676681226@apl,1,1.961,1.0,10,0,0.0,1,1
upi://pay?pa=8390329730@upi&pn=Rahul%20Sharma&cu=INR,8390329730@upi,1,2.446,1.0,10,0,0.0,0,0
upi://pay?pa=rahul.sharma@upi&pn=Priya%20Singh&cu=INR,rahul.sharma@upi,1,2.855,0.0,12,0,0.0,0,0
upi://pay?pa=goog1e-pay748@apl&pn=Prize%20Center&cu=INR&tn=refund,goog1e-pay748@apl,1,3.393,0.308,13,0,0.0,1,1
upi://pay?pa=merchant.217@okicici&pn=Sharma%20Kirana%20Store&cu=INR,merchant.217@okicici,1,3.585,0.25,12,0,0.0,0,0
upi://pay?pa=6655579180@ibl&pn=Rahul%20Sharma&cu=INR,6655579180@ibl,1,2.646,1.0,10,0,0.0,0,0
upi://pay?pa=uaybdtn0abmkry7i@jio&pn=Verify%20Account&cu=INR&tn=kyc,uaybdtn0abmkry7i@jio,1,3.625,0.125,16,0,0.0,1,1
upi://pay?pa=5rl8huc036i6qgc@ibl&pn=Prize%20Center&cu=INR&tn=kyc,5rl8huc036i6qgc@ibl,1,3.64,0.4,15,0,0.0,1,1
upi://pay?pa=6944344373@kotak&pn=City%20Cafe&cu=INR,6944344373@kotak,1,2.046,1.0,10,0,0.0,0,0
upi://pay?pa=1475818579@idfcbank&pn=Prize%20Center&cu=INR&tn=kyc,1475818579@idfcbank,1,2.522,1.0,10,0,0.0,1,1
upi://pay?pa=refund98@kyc-update&pn=Verify%20Account&cu=INR&tn=lottery,refund98@kyc-update,0,3.0,0.25,8,0,0.0,1,1
upi://pay?pa=amit.kumar@ybl&pn=Om%20Traders&cu=INR&am=3003.42,amit.kumar@ybl,1,2.922,0.0,10,1,3003.42,0,0
upi://pay?pa=98thx4x6bl7ij90@paytm&pn=Cashback%20Desk&cu=INR&tn=refund,98thx4x6bl7ij90@paytm,1,3.64,0.467,15,0,0.0,1,1
upi://pay?pa=z67yykl4rfqcd0y@hdfcbank&pn=Prize%20Center&cu=INR,z67yykl4rfqcd0y@hdfcbank,1,3.59,0.267,15,0,0.0,0,1
upi://pay?pa=merchant.2983@apl&pn=Rahul%20Sharma&cu=INR&am=4265.55,merchant.2983@apl,1,3.7,0.308,13,1,4265.55,0,0
upi://pay?pa=7xyljd2v57bmtt7f@jio&pn=Prize%20Center&cu=INR&tn=suspend,7xyljd2v57bmtt7f@jio,1,3.578,0.312,16,0,0.0,1,1
upi://pay?pa=kyc-team28@pay-verify&pn=Refund%20Team&cu=INR&tn=kyc,kyc-team28@pay-verify,0,3.322,0.2,10,0,0.0,1,1
upi://pay?pa=merchant.6567@axl&pn=City%20Cafe&cu=INR&am=833.08,merchant.6567@axl,1,3.547,0.308,13,1,833.08,0,0
upi://pay?pa=9709381416@okaxis&pn=Rahul%20Sharma&cu=INR,9709381416@okaxis,1,2.922,1.0,10,0,0.0,0,0
upi://pay?pa=8146701740@ybl&pn=Verify%20Account&cu=INR&am=1.37&tn=urgent,8146701740@ybl,1,2.522,1.0,10,1,1.37,1,1
upi://pay?pa=vendor.shop@okhdfcbank&pn=Priya%20Singh&cu=INR&am=290.85,vendor.shop@okhdfcbank,1,3.278,0.0,11,1,290.85,0,0
upi://pay?pa=7286932278@jio&pn=Auto%20Rickshaw%20Stand&cu=INR,7286932278@jio,1,2.446,1.0,10,0,0.0,0,0
upi://pay?pa=phcnpe29@ibl&pn=Cashback%20Desk&cu=INR&tn=urgent,phcnpe29@ibl,1,2.75,0.25,8,0,0.0,1,1
upi://pay?pa=refund9@pay-verify&pn=Cashback%20Desk&cu=INR&tn=suspend,refund9@pay-verify,0,2.807,0.143,7,0,0.0,1,1
upi://pay?pa=8690714075@paytm&pn=City%20Cafe&cu=INR,8690714075@paytm,1,2.922,1.0,10,0,0.0,0,0
upi://pay?pa=amit.kumar@hdfcbank&pn=Om%20Traders&cu=INR&am=2131.98,amit.kumar@hdfcbank,1,2.922,0.0,10,1,2131.98,0,0
upi://pay?pa=xuox18d4ag2i8on@okaxis&pn=Cashback%20Desk&cu=INR&am=1.47&tn=refund,xuox18d4ag2i8on@okaxis,1,3.507,0.333,15,1,1.47,1,1
upi://pay?pa=1037695253@jio&pn=Cashback%20Desk&cu=INR&am=4.24&tn=urgent,1037695253@jio,1,2.922,1.0,10,1,4.24,1,1
upi://pay?pa=6196346343@axl&pn=Green%20Grocers&cu=INR&am=4323.14,6196346343@axl,1,2.171,1.0,10,1,4323.14,0,0
upi://pay?pa=rahul.sharma@jio&pn=Green%20Grocers&cu=INR,rahul.sharma@jio,1,2.855,0.0,12,0,0.0,0,0
upi://pay?pa=rahul.sharma@okaxis&pn=City%20Cafe&cu=INR,rahul.sharma@okaxis,1,2.855,0.0,12,0,0.0,0,0
upi://pay?pa=hwikvnzz3zw0sd7@apl&pn=Prize%20Center&cu=INR&am=1.21&tn=reward,hwikvnzz3zw0sd7@apl,1,3.457,0.2,15,1,1.21,1,1
upi://pay?pa=6254771084@okaxis&pn=Verify%20Account&cu=INR&am=2.4,6254771084@okaxis,1,2.922,1.0,10,1,2.4,0,1
upi://pay?pa=1886524108@apl&pn=KYC%20Support&cu=INR&am=4.97&tn=lottery,1886524108@apl,1,2.646,1.0,10,1,4.97,1,1
upi://pay?pa=merchant.335@upi&pn=Auto%20Rickshaw%20Stand&cu=INR,merchant.335@upi,1,3.418,0.25,12,0,0.0,0,0
upi://pay?pa=merchant.5627@kotak&pn=Om%20Traders&cu=INR&am=3163.74,merchant.5627@kotak,1,3.7,0.308,13,1,3163.74,0,0
upi://pay?pa=mthv9b4h8r60t3i6@ybl&pn=Refund%20Team&cu=INR,mthv9b4h8r60t3i6@ybl,1,3.625,0.438,16,0,0.0,0,1
upi://pay?pa=amit.kumar@paytm&pn=Auto%20Rickshaw%20Stand&cu=INR&am=3187.19,amit.kumar@paytm,1,2.922,0.0,10,1,3187.19,0,0
upi://pay?pa=merchant.6374@kotak&pn=Auto%20Rickshaw%20Stand&cu=INR&am=2886.77,merchant.6374@kotak,1,3.7,0.308,13,1,2886.77,0,0
upi://pay?pa=paytrn754@paytm&pn=Refund%20Team&cu=INR&tn=verify-now,paytrn754@paytm,1,3.17,0.333,9,0,0.0,1,1
upi://pay?pa=paytrn958@idfcbank&pn=Refund%20Team&cu=INR&tn=verify-now,paytrn958@idfcbank,1,3.17,0.333,9,0,0.0,1,1
upi://pay?pa=sunita.devi@okhdfcbank&pn=Priya%20Singh&cu=INR&am=1160.81,sunita.devi@okhdfcbank,1,3.278,0.0,11,1,1160.81,0,0
upi://pay?pa=merchant.4316@ibl&pn=Priya%20Singh&cu=INR&am=4111.53,merchant.4316@ibl,1,3.7,0.308,13,1,4111.53,0,0
upi://pay?pa=4gtjs1a5ug@jio&pn=Refund%20Team&cu=INR,4gtjs1a5ug@jio,1,3.122,0.3,10,0,0.0,0,1
upi://pay?pa=sunita.devi@ibl&pn=Sharma%20Kirana%20Store&cu=INR&am=1430.57,sunita.devi@ibl,1,3.278,0.0,11,1,1430.57,0,0
upi://pay?pa=0jq9rvn97y8xl@apl&pn=KYC%20Support&cu=INR&am=2.49&tn=verify-now,0jq9rvn97y8xl@apl,1,3.547,0.385,13,1,2.49,1,1
upi://pay?pa=vendor.shop@okaxis&pn=City%20Cafe&cu=INR,vendor.shop@okaxis,1,3.278,0.0,11,0,0.0,0,0
upi://pay?pa=ex9t3io39wi@upi&pn=Verify%20Account&cu=INR&am=3.56&tn=lottery,ex9t3io39wi@upi,1,2.914,0.364,11,1,3.56,1,1
upi://pay?pa=priya123@axl&pn=Priya%20Singh&cu=INR&am=3735.06,priya123@axl,1,3.0,0.375,8,1,3735.06,0,0
upi://pay?pa=6802277237@okaxis&pn=Green%20Grocers&cu=INR,6802277237@okaxis,1,2.371,1.0,10,0,0.0,0,0
upi://pay?pa=paytrn930@okaxis&pn=Verify%20Account&cu=INR&tn=suspend,paytrn930@okaxis,1,3.17,0.333,9,0,0.0,1,1
upi://pay?pa=8409329326@hdfcbank&pn=Priya%20Singh&cu=INR&am=4095.77,8409329326@hdfcbank,1,2.722,1.0,10,1,4095.77,0,0
upi://pay?pa=6063315480@okaxis&pn=Rahul%20Sharma&cu=INR&am=4154.65,6063315480@okaxis,1,2.722,1.0,10,1,4154.65,0,0
upi://pay?pa=6g4y3cxllj0vgw@okhdfcbank&pn=KYC%20Support&cu=INR&am=2.92&tn=urgent,6g4y3cxllj0vgw@okhdfcbank,1,3.522,0.286,14,1,2.92,1,1
upi://pay?pa=sunita.devi@idfcbank&pn=Priya%20Singh&cu=INR&am=29.7,sunita.devi@idfcbank,1,3.278,0.0,11,1,29.7,0,0
upi://pay?pa=paytrn316@idfcbank&pn=Cashback%20Desk&cu=INR&tn=verify-now,paytrn316@idfcbank,1,3.17,0.333,9,0,0.0,1,1
upi://pay?pa=priya123@okaxis&pn=Om%20Traders&cu=INR,priya123@okaxis,1,3.0,0.375,8,0,0.0,0,0
upi://pay?pa=3244150427@hdfcbank&pn=Refund%20Team&cu=INR&am=2.22&tn=blocked,3244150427@hdfcbank,1,2.646,1.0,10,1,2.22,1,1
upi://pay?pa=amit.kumar@jio&pn=Auto%20Rickshaw%20Stand&cu=INR&am=430.45,amit.kumar@jio,1,2.922,0.0,10,1,430.45,0,0
upi://pay?pa=paytrn426@upi&pn=KYC%20Support&cu=INR&am=4.7&tn=kyc,paytrn426@upi,1,3.17,0.333,9,1,4.7,1,1
upi://pay?pa=sunita.devi@jio&pn=Om%20Traders&cu=INR,sunita.devi@jio,1,3.278,0.0,11,0,0.0,0,0
upi://pay?pa=vendor.shop@oksbi&pn=Om%20Traders&cu=INR,vendor.shop@oksbi,1,3.278,0.0,11,0,0.0,0,0
upi://pay?pa=2787807865@axl&pn=Verify%20Account&cu=INR&am=2.89&tn=urgent,2787807865@axl,1,2.371,1.0,10,1,2.89,1,1
upi://pay?pa=merchant.4405@apl&pn=Sharma%20Kirana%20Store&cu=INR,merchant.4405@apl,1,3.547,0.308,13,0,0.0,0,0
upi://pay?pa=4063578614@jio&pn=Prize%20Center&cu=INR&tn=refund,4063578614@jio,1,2.922,1.0,10,0,0.0,1,1
upi://pay?pa=priya123@oksbi&pn=Rahul%20Sharma&cu=INR&am=2044.01,priya123@oksbi,1,3.0,0.375,8,1,2044.01,0,0
upi://pay?pa=merchant.4186@ybl&pn=Sharma%20Kirana%20Store&cu=INR,merchant.4186@ybl,1,3.7,0.308,13,0,0.0,0,0
upi://pay?pa=jrw7xozg42w6h@oksbi&pn=Prize%20Center&cu=INR&tn=urgent,jrw7xozg42w6h@oksbi,1,3.547,0.308,13,0,0.0,1,1
upi://pay?pa=rahul.sharma@okicici&pn=City%20Cafe&cu=INR,rahul.sharma@okicici,1,2.855,0.0,12,0,0.0,0,0
upi://pay?pa=popdq2ecebrdyam@apl&pn=Verify%20Account&cu=INR&tn=verify-now,popdq2ecebrdyam@apl,1,3.507,0.067,15,0,0.0,1,1
upi://pay?pa=paytrn79@paytm&pn=Refund%20Team&cu=INR&tn=winner,paytrn79@paytm,1,3.0,0.25,8,0,0.0,1,1
upi://pay?pa=cashback33@kyc-update&pn=Refund%20Team&cu=INR&am=1.34&tn=urgent,cashback33@kyc-update,0,2.722,0.2,10,1,1.34,1,1
upi://pay?pa=merchant.5321@okaxis&pn=Om%20Traders&cu=INR,merchant.5321@okaxis,1,3.7,0.308,13,0,0.0,0,0
upi://pay?pa=7834442705@okaxis&pn=Rahul%20Sharma&cu=INR&am=3372.04,7834442705@okaxis,1,2.646,1.0,10,1,3372.04,0,0
upi://pay?pa=rahul.sharma@hdfcbank&pn=Priya%20Singh&cu=INR,rahul.sharma@hdfcbank,1,2.855,0.0,12,0,0.0,0,0
upi://pay?pa=rahul.sharma@upi&pn=Sharma%20Kirana%20Store&cu=INR,rahul.sharma@upi,1,2.855,0.0,12,0,0.0,0,0
upi://pay?pa=5570038139@idfcbank&pn=Refund%20Team&cu=INR&tn=suspend,5570038139@idfcbank,1,2.722,1.0,10,0,0.0,1,1
upi://pay?pa=7315258094@okhdfcbank&pn=Auto%20Rickshaw%20Stand&cu=INR&am=3639.01,7315258094@okhdfcbank,1,3.122,1.0,10,1,3639.01,0,0
upi://pay?pa=268174965@paytm&pn=Refund%20Team&cu=INR&tn=lottery,268174965@paytm,1,2.948,1.0,9,0,0.0,1,1
upi://pay?pa=cashback60@secure-pay&pn=Cashback%20Desk&cu=INR&tn=urgent,cashback60@secure-pay,0,2.922,0.2,10,0,0.0,1,1
upi://pay?pa=refund90@kyc-update&pn=Verify%20Account&cu=INR,refund90@kyc-update,0,3.0,0.25,8,0,0.0,0,1
upi://pay?pa=7469431527@idfcbank&pn=City%20Cafe&cu=INR&am=4715.67,7469431527@idfcbank,1,2.922,1.0,10,1,4715.67,0,0
upi://pay?pa=2nfzkxy2ya9@ibl&pn=Refund%20Team&cu=INR&tn=urgent,2nfzkxy2ya9@ibl,1,3.096,0.273,11,0,0.0,1,1
upi://pay?pa=6166782957@idfcbank&pn=KYC%20Support&cu=INR&tn=verify-now,6166782957@idfcbank,1,2.646,1.0,10,0,0.0,1,1
upi://pay?pa=2283028201@oksbi&pn=Prize%20Center&cu=INR&tn=kyc,2283028201@oksbi,1,2.122,1.0,10,0,0.0,1,1
upi://pay?pa=7651713139@ibl&pn=Refund%20Team&cu=INR&tn=verify-now,7651713139@ibl,1,2.446,1.0,10,0,0.0,1,1
upi://pay?pa=kyc-team59@secure-pay&pn=Prize%20Center&cu=INR&am=3.15,kyc-team59@secure-pay,0,3.322,0.2,10,1,3.15,0,1
upi://pay?pa=rahul.sharma@jio&pn=Green%20Grocers&cu=INR,rahul.sharma@jio,1,2.855,0.0,12,0,0.0,0,0
upi://pay?pa=6479011764@ybl&pn=Sharma%20Kirana%20Store&cu=INR&am=3351.36,6479011764@ybl,1,2.522,1.0,10,1,3351.36,0,0
upi://pay?pa=8995801715@paytm&pn=Om%20Traders&cu=INR,8995801715@paytm,1,2.522,1.0,10,0,0.0,0,0
upi://pay?pa=7081248468@okaxis&pn=Priya%20Singh&cu=INR,7081248468@okaxis,1,2.646,1.0,10,0,0.0,0,0
upi://pay?pa=7755750001@hdfcbank&pn=Om%20Traders&cu=INR&am=3141.65,7755750001@hdfcbank,1,1.895,1.0,10,1,3141.65,0,0
upi://pay?pa=sunita.devi@idfcbank&pn=Om%20Traders&cu=INR&am=3429.78,sunita.devi@idfcbank,1,3.278,0.0,11,1,3429.78,0,0
upi://pay?pa=paytrn96@hdfcbank&pn=KYC%20Support&cu=INR&am=1.62&tn=kyc,paytrn96@hdfcbank,1,3.0,0.25,8,1,1.62,1,1
upi://pay?pa=1784758942@ybl&pn=KYC%20Support&cu=INR&tn=verify-now,1784758942@ybl,1,2.722,1.0,10,0,0.0,1,1
upi://pay?pa=cashback1@kyc-update&pn=Verify%20Account&cu=INR&am=2.74&tn=blocked,cashback1@kyc-update,0,2.725,0.111,9,1,2.74,1,1
upi://pay?pa=merchant.1622@okhdfcbank&pn=Priya%20Singh&cu=INR&am=4015.71,merchant.1622@okhdfcbank,1,3.547,0.308,13,1,4015.71,0,0
upi://pay?pa=phcnpe477@axl&pn=Verify%20Account&cu=INR&tn=lottery,phcnpe477@axl,1,2.725,0.333,9,0,0.0,1,1
upi://pay?pa=9779462367@paytm&pn=Om%20Traders&cu=INR,9779462367@paytm,1,2.446,1.0,10,0,0.0,0,0
upi://pay?pa=merchant.1943@axl&pn=Auto%20Rickshaw%20Stand&cu=INR,merchant.1943@axl,1,3.7,0.308,13,0,0.0,0,0
upi://pay?pa=refund33@refund-upi&pn=Prize%20Center&cu=INR&am=2.48&tn=suspend,refund33@refund-upi,0,2.75,0.25,8,1,2.48,1,1
upi://pay?pa=27xjx6yy6frn@jio&pn=KYC%20Support&cu=INR&am=4.72&tn=cashback,27xjx6yy6frn@jio,1,3.085,0.333,12,1,4.72,1,1
upi://pay?pa=vendor.shop@ibl&pn=Sharma%20Kirana%20Store&cu=INR,vendor.shop@ibl,1,3.278,0.0,11,0,0.0,0,0
upi://pay?pa=refund8@secure-pay&pn=Cashback%20Desk&cu=INR&tn=refund,refund8@secure-pay,0,2.807,0.143,7,0,0.0,1,1
upi://pay?pa=5021741653@upi&pn=Cashback%20Desk&cu=INR&tn=suspend,5021741653@upi,1,2.922,1.0,10,0,0.0,1,1
upi://pay?pa=6787887346@jio&pn=Rahul%20Sharma&cu=INR,6787887346@jio,1,2.171,1.0,10,0,0.0,0,0
upi://pay?pa=phcnpe719@oksbi&pn=Refund%20Team&cu=INR&am=3.67&tn=urgent,phcnpe719@oksbi,1,2.948,0.333,9,1,3.67,1,1
upi://pay?pa=refund82@secure-pay&pn=KYC%20Support&cu=INR&tn=blocked,refund82@secure-pay,0,3.0,0.25,8,0,0.0,1,1
upi://pay?pa=paytrn178@apl&pn=KYC%20Support&cu=INR&tn=cashback,paytrn178@apl,1,3.17,0.333,9,0,0.0,1,1
upi://pay?pa=5d7vkc5bnz72@jio&pn=Verify%20Account&cu=INR&tn=kyc,5d7vkc5bnz72@jio,1,3.252,0.417,12,0,0.0,1,1
upi://pay?pa=merchant.1529@okicici&pn=City%20Cafe&cu=INR,merchant.1529@okicici,1,3.7,0.308,13,0,0.0,0,0
upi://pay?pa=merchant.168@okicici&pn=Om%20Traders&cu=INR,merchant.168@okicici,1,3.585,0.25,12,0,0.0,0,0
upi://pay?pa=support73@kyc-update&pn=Cashback%20Desk&cu=INR&tn=blocked,support73@kyc-update,0,2.948,0.222,9,0,0.0,1,1
upi://pay?pa=kyc-team79@xn--upi&pn=Cashback%20Desk&cu=INR&tn=reward,kyc-team79@xn--upi,0,3.322,0.2,10,0,0.0,1,1
upi://pay?pa=srk5slsbjlv@jio&pn=Cashback%20Desk&cu=INR,srk5slsbjlv@jio,1,2.845,0.091,11,0,0.0,0,1
upi://pay?pa=ljt3uwewsmst@paytm&pn=Cashback%20Desk&cu=INR&tn=kyc,ljt3uwewsmst@paytm,1,3.085,0.083,12,0,0.0,1,1
upi://pay?pa=priya123@okhdfcbank&pn=Auto%20Rickshaw%20Stand&cu=INR,priya123@okhdfcbank,1,3.0,0.375,8,0,0.0,0,0
upi://pay?pa=6819257801@jio&pn=Verify%20Account&cu=INR&tn=reward,6819257801@jio,1,2.922,1.0,10,0,0.0,1,1
upi://pay?pa=refund33@secure-pay&pn=Cashback%20Desk&cu=INR&am=3.16&tn=blocked,refund33@secure-pay,0,2.75,0.25,8,1,3.16,1,1
upi://pay?pa=goog1e-pay760@idfcbank&pn=Prize%20Center&cu=INR&am=4.13&tn=kyc,goog1e-pay760@idfcbank,1,3.393,0.308,13,1,4.13,1,1
upi://pay?pa=8918195168@axl&pn=Priya%20Singh&cu=INR,8918195168@axl,1,2.171,1.0,10,0,0.0,0,0
upi://pay?pa=vendor.shop@ibl&pn=Green%20Grocers&cu=INR,vendor.shop@ibl,1,3.278,0.0,11,0,0.0,0,0
upi://pay?pa=6028336833@upi&pn=Green%20Grocers&cu=INR,6028336833@upi,1,2.122,1.0,10,0,0.0,0,0
upi://pay?pa=phcnpe876@jio&pn=Prize%20Center&cu=INR&tn=refund,phcnpe876@jio,1,2.948,0.333,9,0,0.0,1,1
upi://pay?pa=kyc-team1@pay-verify&pn=Refund%20Team&cu=INR&am=3.76,kyc-team1@pay-verify,0,3.17,0.111,9,1,3.76,0,1
upi://pay?pa=5345095914@okhdfcbank&pn=KYC%20Support&cu=INR&am=2.36&tn=blocked,5345095914@okhdfcbank,1,2.446,1.0,10,1,2.36,1,1
upi://pay?pa=3428969200@kotak&pn=Verify%20Account&cu=INR&am=3.61&tn=blocked,3428969200@kotak,1,2.722,1.0,10,1,3.61,1,1
upi://pay?pa=rmx6z7vcrnfyjdl2@ibl&pn=KYC%20Support&cu=INR&tn=lottery,rmx6z7vcrnfyjdl2@ibl,1,3.875,0.188,16,0,0.0,1,1
upi://pay?pa=6235286733@upi&pn=Sharma%20Kirana%20Store&cu=INR,6235286733@upi,1,2.446,1.0,10,0,0.0,0,0
upi://pay?pa=merchant.9305@okicici&pn=Sharma%20Kirana%20Store&cu=INR,merchant.9305@okicici,1,3.7,0.308,13,0,0.0,0,0
upi://pay?pa=merchant.1163@ibl&pn=Green%20Grocers&cu=INR,merchant.1163@ibl,1,3.547,0.308,13,0,0.0,0,0
upi://pay?pa=9836567195@okhdfcbank&pn=Priya%20Singh&cu=INR&am=3160.65,9836567195@okhdfcbank,1,2.722,1.0,10,1,3160.65,0,0
upi://pay?pa=8961971706@kotak&pn=Priya%20Singh&cu=INR&am=2778.28,8961971706@kotak,1,2.522,1.0,10,1,2778.28,0,0
upi://pay?pa=9363635650@upi&pn=Auto%20Rickshaw%20Stand&cu=INR,9363635650@upi,1,2.171,1.0,10,0,0.0,0,0
upi://pay?pa=phcnpe164@okaxis&pn=Verify%20Account&cu=INR&tn=urgent,phcnpe164@okaxis,1,2.948,0.333,9,0,0.0,1,1
upi://pay?pa=paytrn480@okhdfcbank&pn=Refund%20Team&cu=INR&am=2.65&tn=urgent,paytrn480@okhdfcbank,1,3.17,0.333,9,1,2.65,1,1
upi://pay?pa=jhe17o7pnud@hdfcbank&pn=KYC%20Support&cu=INR&tn=verify-now,jhe17o7pnud@hdfcbank,1,3.278,0.273,11,0,0.0,1,1
upi://pay?pa=9282051721@idfcbank&pn=Om%20Traders&cu=INR,9282051721@idfcbank,1,2.646,1.0,10,0,0.0,0,0
upi://pay?pa=merchant.218@okicici&pn=Green%20Grocers&cu=INR,merchant.218@okicici,1,3.585,0.25,12,0,0.0,0,0
upi://pay?pa=merchant.1789@upi&pn=Auto%20Rickshaw%20Stand&cu=INR,merchant.1789@upi,1,3.7,0.308,13,0,0.0,0,0
upi://pay?pa=merchant.1740@upi&pn=Auto%20Rickshaw%20Stand&cu=INR,merchant.1740@upi,1,3.7,0.308,13,0,0.0,0,0
upi://pay?pa=953199974@ybl&pn=Prize%20Center&cu=INR&am=4.95&tn=cashback,953199974@ybl,1,2.281,1.0,9,1,4.95,1,1
upi://pay?pa=amit.kumar@paytm&pn=Sharma%20Kirana%20Store&cu=INR&am=3964.24,amit.kumar@paytm,1,2.922,0.0,10,1,3964.24,0,0
upi://pay?pa=304nwf222gtlvu@hdfcbank&pn=Verify%20Account&cu=INR&tn=kyc,304nwf222gtlvu@hdfcbank,1,3.468,0.429,14,0,0.0,1,1
upi://pay?pa=phcnpe389@kotak&pn=Cashback%20Desk&cu=INR&tn=blocked,phcnpe389@kotak,1,2.948,0.333,9,0,0.0,1,1
upi://pay?pa=6ocsvs1vucahogf@ybl&pn=Cashback%20Desk&cu=INR&tn=reward,6ocsvs1vucahogf@ybl,1,3.374,0.133,15,0,0.0,1,1
upi://pay?pa=9579265601@upi&pn=City%20Cafe&cu=INR&am=2506.52,9579265601@upi,1,2.722,1.0,10,1,2506.52,0,0
upi://pay?pa=7469656898@okicici&pn=Rahul%20Sharma&cu=INR&am=4843.08,7469656898@okicici,1,2.446,1.0,10,1,4843.08,0,0
upi://pay?pa=vendor.shop@okaxis&pn=Auto%20Rickshaw%20Stand&cu=INR&am=2726.48,vendor.shop@okaxis,1,3.278,0.0,11,1,2726.48,0,0
upi://pay?pa=support99@xn--upi&pn=Prize%20Center&cu=INR&tn=winner,support99@xn--upi,0,2.725,0.222,9,0,0.0,1,1
upi://pay?pa=rahul.sharma@paytm&pn=Auto%20Rickshaw%20Stand&cu=INR,rahul.sharma@paytm,1,2.855,0.0,12,0,0.0,0,0
upi://pay?pa=8018711631@okicici&pn=Cashback%20Desk&cu=INR&tn=verify-now,8018711631@okicici,1,2.322,1.0,10,0,0.0,1,1
upi://pay?pa=merchant.8708@apl&pn=Auto%20Rickshaw%20Stand&cu=INR,merchant.8708@apl,1,3.547,0.308,13,0,0.0,0,0
upi://pay?pa=9727417228@jio&pn=Rahul%20Sharma&cu=INR,9727417228@jio,1,2.371,1.0,10,0,0.0,0,0
upi://pay?pa=6422405581@okaxis&pn=Refund%20Team&cu=INR&tn=cashback,6422405581@okaxis,1,2.722,1.0,10,0,0.0,1,1
upi://pay?pa=8584767058@axl&pn=Priya%20Singh&cu=INR,8584767058@axl,1,2.446,1.0,10,0,0.0,0,0
upi://pay?pa=priya123@kotak&pn=Om%20Traders&cu=INR&am=143.44,priya123@kotak,1,3.0,0.375,8,1,143.44,0,0
upi://pay?pa=merchant.5830@apl&pn=Auto%20Rickshaw%20Stand&cu=INR,merchant.5830@apl,1,3.7,0.308,13,0,0.0,0,0
upi://pay?pa=amit.kumar@oksbi&pn=City%20Cafe&cu=INR&am=941.94,amit.kumar@oksbi,1,2.922,0.0,10,1,941.94,0,0
upi://pay?pa=merchant.6137@okhdfcbank&pn=Auto%20Rickshaw%20Stand&cu=INR,merchant.6137@okhdfcbank,1,3.7,0.308,13,0,0.0,0,0
upi://pay?pa=merchant.6625@ibl&pn=Sharma%20Kirana%20Store&cu=INR,merchant.6625@ibl,1,3.547,0.308,13,0,0.0,0,0
upi://pay?pa=sunita.devi@upi&pn=Green%20Grocers&cu=INR&am=4598.55,sunita.devi@upi,1,3.278,0.0,11,1,4598.55,0,0
upi://pay?pa=merchant.6052@paytm&pn=Rahul%20Sharma&cu=INR,merchant.6052@paytm,1,3.7,0.308,13,0,0.0,0,0
upi://pay?pa=7275197185@kotak&pn=City%20Cafe&cu=INR,7275197185@kotak,1,2.446,1.0,10,0,0.0,0,0
upi://pay?pa=merchant.3435@ibl&pn=Rahul%20Sharma&cu=INR,merchant.3435@ibl,1,3.547,0.308,13,0,0.0,0,0
upi://pay?pa=amit.kumar@okaxis&pn=Om%20Traders&cu=INR&am=2995.64,amit.kumar@okaxis,1,2.922,0.0,10,1,2995.64,0,0
upi://pay?pa=6364653118@idfcbank&pn=Green%20Grocers&cu=INR,6364653118@idfcbank,1,2.446,1.0,10,0,0.0,0,0
upi://pay?pa=sunita.devi@ybl&pn=Rahul%20Sharma&cu=INR&am=862.57,sunita.devi@ybl,1,3.278,0.0,11,1,862.57,0,0
upi://pay?pa=vendor.shop@upi&pn=Auto%20Rickshaw%20Stand&cu=INR,vendor.shop@upi,1,3.278,0.0,11,0,0.0,0,0
upi://pay?pa=merchant.6154@okaxis&pn=Auto%20Rickshaw%20Stand&cu=INR,merchant.6154@okaxis,1,3.7,0.308,13,0,0.0,0,0
upi://pay?pa=rahul.sharma@hdfcbank&pn=Om%20Traders&cu=INR&am=2468.9,rahul.sharma@hdfcbank,1,2.855,0.0,12,1,2468.9,0,0
upi://pay?pa=phcnpe777@kotak&pn=KYC%20Support&cu=INR&tn=blocked,phcnpe777@kotak,1,2.419,0.333,9,0,0.0,1,1
upi://pay?pa=628883566@okhdfcbank&pn=KYC%20Support&cu=INR&tn=winner,628883566@okhdfcbank,1,2.113,1.0,9,0,0.0,1,1
upi://pay?pa=paytrn931@apl&pn=Verify%20Account&cu=INR&tn=refund,paytrn931@apl,1,3.17,0.333,9,0,0.0,1,1
upi://pay?pa=priya123@kotak&pn=City%20Cafe&cu=INR&am=4057.3,priya123@kotak,1,3.0,0.375,8,1,4057.3,0,0
upi://pay?pa=8197395016@idfcbank&pn=KYC%20Support&cu=INR&tn=reward,8197395016@idfcbank,1,2.922,1.0,10,0,0.0,1,1
upi://pay?pa=9245179885@jio&pn=Rahul%20Sharma&cu=INR&am=3842.0,9245179885@jio,1,2.722,1.0,10,1,3842.0,0,0
upi://pay?pa=merchant.6687@okhdfcbank&pn=Auto%20Rickshaw%20Stand&cu=INR,merchant.6687@okhdfcbank,1,3.547,0.308,13,0,0.0,0,0
upi://pay?pa=sunita.devi@oksbi&pn=City%20Cafe&cu=INR,sunita.devi@oksbi,1,3.278,0.0,11,0,0.0,0,0
upi://pay?pa=paytrn377@jio&pn=Cashback%20Desk&cu=INR&am=3.81&tn=urgent,paytrn377@jio,1,2.948,0.333,9,1,3.81,1,1
upi://pay?pa=7204127801@kotak&pn=City%20Cafe&cu=INR&am=3601.49,7204127801@kotak,1,2.522,1.0,10,1,3601.49,0,0
upi://pay?pa=priya123@okhdfcbank&pn=Green%20Grocers&cu=INR,priya123@okhdfcbank,1,3.0,0.375,8,0,0.0,0,0
upi://pay?pa=merchant.5431@okaxis&pn=City%20Cafe&cu=INR&am=3100.69,merchant.5431@okaxis,1,3.7,0.308,13,1,3100.69,0,0
upi://pay?pa=rahul.sharma@okhdfcbank&pn=Om%20Traders&cu=INR&am=1315.92,rahul.sharma@okhdfcbank,1,2.855,0.0,12,1,1315.92,0,0
upi://pay?pa=goog1e-pay517@hdfcbank&pn=Prize%20Center&cu=INR,goog1e-pay517@hdfcbank,1,3.239,0.308,13,0,0.0,0,1
upi://pay?pa=merchant.9334@ibl&pn=Rahul%20Sharma&cu=INR&am=3245.9,merchant.9334@ibl,1,3.547,0.308,13,1,3245.9,0,0
upi://pay?pa=merchant.1504@paytm&pn=Sharma%20Kirana%20Store&cu=INR,merchant.1504@paytm,1,3.7,0.308,13,0,0.0,0,0
upi://pay?pa=phcnpe500@okhdfcbank&pn=Refund%20Team&cu=INR&tn=reward,phcnpe500@okhdfcbank,1,2.725,0.333,9,0,0.0,1,1
upi://pay?pa=6043926365@idfcbank&pn=Om%20Traders&cu=INR,6043926365@idfcbank,1,2.646,1.0,10,0,0.0,0,0
upi://pay?pa=vendor.shop@hdfcbank&pn=Priya%20Singh&cu=INR,vendor.shop@hdfcbank,1,3.278,0.0,11,0,0.0,0,0
upi://pay?pa=29xz6uk18f2dxr@ybl&pn=Refund%20Team&cu=INR&tn=kyc,29xz6uk18f2dxr@ybl,1,3.522,0.429,14,0,0.0,1,1
upi://pay?pa=merchant.3408@axl&pn=Priya%20Singh&cu=INR&am=3143.59,merchant.3408@axl,1,3.7,0.308,13,1,3143.59,0,0
upi://pay?pa=goog1e-pay525@okicici&pn=Verify%20Account&cu=INR&tn=suspend,goog1e-pay525@okicici,1,3.239,0.308,13,0,0.0,1,1
upi://pay?pa=support33@xn--upi&pn=Prize%20Center&cu=INR&tn=cashback,support33@xn--upi,0,2.725,0.222,9,0,0.0,1,1
upi://pay?pa=3007039072@ybl&pn=Refund%20Team&cu=INR,3007039072@ybl,1,2.122,1.0,10,0,0.0,0,1
upi://pay?pa=merchant.4099@upi&pn=Priya%20Singh&cu=INR&am=4519.83,merchant.4099@upi,1,3.547,0.308,13,1,4519.83,0,0
upi://pay?pa=9433149532@oksbi&pn=Auto%20Rickshaw%20Stand&cu=INR,9433149532@oksbi,1,2.446,1.0,10,0,0.0,0,0
upi://pay?pa=8100682336@oksbi&pn=Rahul%20Sharma&cu=INR&am=3230.14,8100682336@oksbi,1,2.522,1.0,10,1,3230.14,0,0
upi://pay?pa=support95@secure-pay&pn=KYC%20Support&cu=INR&tn=refund,support95@secure-pay,0,2.948,0.222,9,0,0.0,1,1
upi://pay?pa=goog1e-pay587@ibl&pn=KYC%20Support&cu=INR&tn=urgent,goog1e-pay587@ibl,1,3.393,0.308,13,0,0.0,1,1
upi://pay?pa=sunita.devi@hdfcbank&pn=Sharma%20Kirana%20Store&cu=INR&am=4220.24,sunita.devi@hdfcbank,1,3.278,0.0,11,1,4220.24,0,0
upi://pay?pa=refund75@refund-upi&pn=Refund%20Team&cu=INR&tn=suspend,refund75@refund-upi,0,3.0,0.25,8,0,0.0,1,1
upi://pay?pa=7677286184@hdfcbank&pn=Refund%20Team&cu=INR&tn=reward,7677286184@hdfcbank,1,2.446,1.0,10,0,0.0,1,1
upi://pay?pa=paytrn638@axl&pn=Verify%20Account&cu=INR&tn=kyc,paytrn638@axl,1,3.17,0.333,9,0,0.0,1,1
upi://pay?pa=phcnpe447@upi&pn=KYC%20Support&cu=INR&tn=blocked,phcnpe447@upi,1,2.725,0.333,9,0,0.0,1,1
upi://pay?pa=refund83@secure-pay&pn=Cashback%20Desk&cu=INR&tn=winner,refund83@secure-pay,0,3.0,0.25,8,0,0.0,1,1
upi://pay?pa=sunita.devi@okhdfcbank&pn=Om%20Traders&cu=INR&am=3777.14,sunita.devi@okhdfcbank,1,3.278,0.0,11,1,3777.14,0,0
upi://pay?pa=merchant.7074@okicici&pn=Green%20Grocers&cu=INR&am=3696.01,merchant.7074@okicici,1,3.547,0.308,13,1,3696.01,0,0
upi://pay?pa=merchant.1182@paytm&pn=City%20Cafe&cu=INR,merchant.1182@paytm,1,3.547,0.308,13,0,0.0,0,0
upi://pay?pa=amit.kumar@kotak&pn=Sharma%20Kirana%20Store&cu=INR&am=1998.45,amit.kumar@kotak,1,2.922,0.0,10,1,1998.45,0,0
upi://pay?pa=kyc-team40@kyc-update&pn=KYC%20Support&cu=INR&tn=reward,kyc-team40@kyc-update,0,3.322,0.2,10,0,0.0,1,1
upi://pay?pa=merchant.8671@axl&pn=Priya%20Singh&cu=INR,merchant.8671@axl,1,3.7,0.308,13,0,0.0,0,0
upi://pay?pa=paytrn876@upi&pn=Refund%20Team&cu=INR&am=1.28&tn=cashback,paytrn876@upi,1,3.17,0.333,9,1,1.28,1,1
upi://pay?pa=merchant.2131@okicici&pn=Rahul%20Sharma&cu=INR,merchant.2131@okicici,1,3.547,0.308,13,0,0.0,0,0
upi://pay?pa=6239707971@upi&pn=Om%20Traders&cu=INR,6239707971@upi,1,2.646,1.0,10,0,0.0,0,0
upi://pay?pa=merchant.6118@paytm&pn=Rahul%20Sharma&cu=INR,merchant.6118@paytm,1,3.547,0.308,13,0,0.0,0,0
upi://pay?pa=phcnpe794@oksbi&pn=KYC%20Support&cu=INR&tn=kyc,phcnpe794@oksbi,1,2.948,0.333,9,0,0.0,1,1
upi://pay?pa=6437346137@oksbi&pn=Rahul%20Sharma&cu=INR,6437346137@oksbi,1,2.246,1.0,10,0,0.0,0,0
upi://pay?pa=gxloarrxc9midux@okaxis&pn=KYC%20Support&cu=INR&am=3.78&tn=verify-now,gxloarrxc9midux@okaxis,1,3.457,0.067,15,1,3.78,1,1
upi://pay?pa=vendor.shop@ibl&pn=Priya%20Singh&cu=INR,vendor.shop@ibl,1,3.278,0.0,11,0,0.0,0,0
upi://pay?pa=paytrn207@axl&pn=Refund%20Team&cu=INR&am=1.2&tn=kyc,paytrn207@axl,1,3.17,0.333,9,1,1.2,1,1
upi://pay?pa=762726914@upi&pn=KYC%20Support&cu=INR&am=4.23&tn=cashback,762726914@upi,1,2.503,1.0,9,1,4.23,1,1
upi://pay?pa=7511762395@oksbi&pn=Green%20Grocers&cu=INR,7511762395@oksbi,1,2.722,1.0,10,0,0.0,0,0
upi://pay?pa=i7d2iptndb@okaxis&pn=KYC%20Support&cu=INR&tn=lottery,i7d2iptndb@okaxis,1,2.922,0.2,10,0,0.0,1,1
upi://pay?pa=8732446042@okhdfcbank&pn=Sharma%20Kirana%20Store&cu=INR&am=940.34,8732446042@okhdfcbank,1,2.646,1.0,10,1,940.34,0,0
upi://pay?pa=phcnpe270@upi&pn=Verify%20Account&cu=INR&tn=lottery,phcnpe270@upi,1,2.948,0.333,9,0,0.0,1,1
upi://pay?pa=4887401659@kotak&pn=Cashback%20Desk&cu=INR&am=2.43&tn=refund,4887401659@kotak,1,2.922,1.0,10,1,2.43,1,1
upi://pay?pa=rfqx780tij7k@apl&pn=Cashback%20Desk&cu=INR&tn=cashback,rfqx780tij7k@apl,1,3.418,0.333,12,0,0.0,1,1
upi://pay?pa=paytrn221@idfcbank&pn=Verify%20Account&cu=INR&tn=verify-now,paytrn221@idfcbank,1,2.948,0.333,9,0,0.0,1,1
upi://pay?pa=cashback26@pay-verify&pn=Cashback%20Desk&cu=INR&am=1.08&tn=cashback,cashback26@pay-verify,0,2.922,0.2,10,1,1.08,1,1
upi://pay?pa=goog1e-pay701@ibl&pn=Refund%20Team&cu=INR&tn=cashback,goog1e-pay701@ibl,1,3.239,0.308,13,0,0.0,1,1
upi://pay?pa=paytrn251@jio&pn=KYC%20Support&cu=INR&tn=kyc,paytrn251@jio,1,3.17,0.333,9,0,0.0,1,1
upi://pay?pa=f8w80uxn3e6oqe09@axl&pn=Prize%20Center&cu=INR&tn=reward,f8w80uxn3e6oqe09@axl,1,3.625,0.438,16,0,0.0,1,1
upi://pay?pa=kyc-team41@pay-verify&pn=Cashback%20Desk&cu=INR&am=4.24&tn=kyc,kyc-team41@pay-verify,0,3.322,0.2,10,1,4.24,1,1
upi://pay?pa=9894911417@hdfcbank&pn=Green%20Grocers&cu=INR,9894911417@hdfcbank,1,2.171,1.0,10,0,0.0,0,0
upi://pay?pa=cashback31@refund-upi&pn=Verify%20Account&cu=INR&am=3.66&tn=verify-now,cashback31@refund-upi,0,2.922,0.2,10,1,3.66,1,1
upi://pay?pa=support72@xn--upi&pn=Verify%20Account&cu=INR&am=1.78&tn=blocked,support72@xn--upi,0,2.948,0.222,9,1,1.78,1,1
upi://pay?pa=phcnpe34@upi&pn=Verify%20Account&cu=INR&tn=suspend,phcnpe34@upi,1,2.75,0.25,8,0,0.0,1,1
upi://pay?pa=amit.kumar@paytm&pn=Green%20Grocers&cu=INR,amit.kumar@paytm,1,2.922,0.0,10,0,0.0,0,0
upi://pay?pa=merchant.9609@jio&pn=Priya%20Singh&cu=INR,merchant.9609@jio,1,3.547,0.308,13,0,0.0,0,0
upi://pay?pa=c7y1wngxam7bpqjm@okicici&pn=KYC%20Support&cu=INR&tn=refund,c7y1wngxam7bpqjm@okicici,1,3.75,0.188,16,0,0.0,1,1
upi://pay?pa=9148439236@okhdfcbank&pn=City%20Cafe&cu=INR,9148439236@okhdfcbank,1,2.722,1.0,10,0,0.0,0,0
upi://pay?pa=phcnpe6@okhdfcbank&pn=KYC%20Support&cu=INR&tn=suspend,phcnpe6@okhdfcbank,1,2.522,0.143,7,0,0.0,1,1
upi://pay?pa=2893510872@ybl&pn=Prize%20Center&cu=INR&tn=refund,2893510872@ybl,1,2.922,1.0,10,0,0.0,1,1
upi://pay?pa=5ktsiquo2xqz21x@okicici&pn=Cashback%20Desk&cu=INR&tn=cashback,5ktsiquo2xqz21x@okicici,1,3.507,0.267,15,0,0.0,1,1
upi://pay?pa=nsh8llrb7dfi@jio&pn=Cashback%20Desk&cu=INR&tn=urgent,nsh8llrb7dfi@jio,1,3.418,0.167,12,0,0.0,1,1
upi://pay?pa=us2e6xdmr7bjn7c@hdfcbank&pn=Cashback%20Desk&cu=INR&tn=winner,us2e6xdmr7bjn7c@hdfcbank,1,3.774,0.267,15,0,0.0,1,1
upi://pay?pa=7602645134@idfcbank&pn=Om%20Traders&cu=INR&am=2457.96,7602645134@idfcbank,1,2.922,1.0,10,1,2457.96,0,0
upi://pay?pa=k4k1nvkeesl@upi&pn=Refund%20Team&cu=INR&tn=verify-now,k4k1nvkeesl@upi,1,2.845,0.182,11,0,0.0,1,1
upi://pay?pa=merchant.5033@jio&pn=Auto%20Rickshaw%20Stand&cu=INR,merchant.5033@jio,1,3.547,0.308,13,0,0.0,0,0
upi://pay?pa=merchant.343@ibl&pn=Priya%20Singh&cu=INR,merchant.343@ibl,1,3.418,0.25,12,0,0.0,0,0
upi://pay?pa=2836093528@okaxis&pn=Prize%20Center&cu=INR&tn=cashback,2836093528@okaxis,1,2.722,1.0,10,0,0.0,1,1
upi://pay?pa=priya123@upi&pn=Priya%20Singh&cu=INR,priya123@upi,1,3.0,0.375,8,0,0.0,0,0
upi://pay?pa=priya123@okaxis&pn=Priya%20Singh&cu=INR&am=1548.07,priya123@okaxis,1,3.0,0.375,8,1,1548.07,0,0
upi://pay?pa=7727768349@idfcbank&pn=Sharma%20Kirana%20Store&cu=INR&am=3209.88,7727768349@idfcbank,1,2.522,1.0,10,1,3209.88,0,0
upi://pay?pa=8104145858@jio&pn=Green%20Grocers&cu=INR&am=3127.37,8104145858@jio,1,2.246,1.0,10,1,3127.37,0,0
upi://pay?pa=4341195870@hdfcbank&pn=Prize%20Center&cu=INR&tn=urgent,4341195870@hdfcbank,1,2.922,1.0,10,0,0.0,1,1
upi://pay?pa=275633017@kotak&pn=Prize%20Center&cu=INR&am=3.71&tn=verify-now,275633017@kotak,1,2.725,1.0,9,1,3.71,1,1
upi://pay?pa=1823227218@idfcbank&pn=KYC%20Support&cu=INR&tn=blocked,1823227218@idfcbank,1,2.122,1.0,10,0,0.0,1,1
upi://pay?pa=phcnpe267@jio&pn=KYC%20Support&cu=INR&am=2.92&tn=urgent,phcnpe267@jio,1,2.948,0.333,9,1,2.92,1,1
upi://pay?pa=paytrn693@paytm&pn=Refund%20Team&cu=INR&am=1.71&tn=verify-now,paytrn693@paytm,1,3.17,0.333,9,1,1.71,1,1
upi://pay?pa=7028435713@okhdfcbank&pn=Priya%20Singh&cu=INR,7028435713@okhdfcbank,1,2.922,1.0,10,0,0.0,0,0
upi://pay?pa=4476850545@axl&pn=Verify%20Account&cu=INR&am=2.57&tn=kyc,4476850545@axl,1,2.371,1.0,10,1,2.57,1,1
upi://pay?pa=phcnpe742@idfcbank&pn=Refund%20Team&cu=INR&tn=kyc,phcnpe742@idfcbank,1,2.948,0.333,9,0,0.0,1,1
upi://pay?pa=merchant.3270@oksbi&pn=Auto%20Rickshaw%20Stand&cu=INR,merchant.3270@oksbi,1,3.7,0.308,13,0,0.0,0,0
upi://pay?pa=1055856399@kotak&pn=KYC%20Support&cu=INR&tn=blocked,1055856399@kotak,1,2.646,1.0,10,0,0.0,1,1
upi://pay?pa=f6a9xcxbt6hm@paytm&pn=KYC%20Support&cu=INR&tn=verify-now,f6a9xcxbt6hm@paytm,1,3.252,0.25,12,0,0.0,1,1
upi://pay?pa=8308620882@kotak&pn=Priya%20Singh&cu=INR,8308620882@kotak,1,2.122,1.0,10,0,0.0,0,0
upi://pay?pa=paytrn111@ibl&pn=Refund%20Team&cu=INR&tn=kyc,paytrn111@ibl,1,2.642,0.333,9,0,0.0,1,1
upi://pay?pa=4503292867@kotak&pn=Verify%20Account&cu=INR&tn=refund,4503292867@kotak,1,3.122,1.0,10,0,0.0,1,1
upi://pay?pa=support59@kyc-update&pn=Verify%20Account&cu=INR&am=3.04&tn=lottery,support59@kyc-update,0,2.948,0.222,9,1,3.04,1,1
upi://pay?pa=merchant.811@ybl&pn=Rahul%20Sharma&cu=INR,merchant.811@ybl,1,3.418,0.25,12,0,0.0,0,0
upi://pay?pa=rahul.sharma@oksbi&pn=Priya%20Singh&cu=INR,rahul.sharma@oksbi,1,2.855,0.0,12,0,0.0,0,0
upi://pay?pa=refund10@refund-upi&pn=Cashback%20Desk&cu=INR&tn=reward,refund10@refund-upi,0,3.0,0.25,8,0,0.0,1,1
upi://pay?pa=refund69@xn--upi&pn=KYC%20Support&cu=INR&tn=blocked,refund69@xn--upi,0,3.0,0.25,8,0,0.0,1,1
upi://pay?pa=goog1e-pay697@hdfcbank&pn=KYC%20Support&cu=INR&tn=blocked,goog1e-pay697@hdfcbank,1,3.393,0.308,13,0,0.0,1,1
upi://pay?pa=goog1e-pay181@okhdfcbank&pn=Cashback%20Desk&cu=INR&tn=refund,goog1e-pay181@okhdfcbank,1,3.027,0.308,13,0,0.0,1,1
upi://pay?pa=merchant.6987@jio&pn=Auto%20Rickshaw%20Stand&cu=INR,merchant.6987@jio,1,3.7,0.308,13,0,0.0,0,0
upi://pay?pa=rahul.sharma@hdfcbank&pn=Om%20Traders&cu=INR,rahul.sharma@hdfcbank,1,2.855,0.0,12,0,0.0,0,0
upi://pay?pa=8764527024@okaxis&pn=Priya%20Singh&cu=INR,8764527024@okaxis,1,2.722,1.0,10,0,0.0,0,0
upi://pay?pa=4299311083@paytm&pn=Prize%20Center&cu=INR&tn=refund,4299311083@paytm,1,2.722,1.0,10,0,0.0,1,1
upi://pay?pa=6449309275@idfcbank&pn=Rahul%20Sharma&cu=INR,6449309275@idfcbank,1,2.922,1.0,10,0,0.0,0,0
upi://pay?pa=2otkqxw112cd4@jio&pn=Verify%20Account&cu=INR&tn=suspend,2otkqxw112cd4@jio,1,3.393,0.385,13,0,0.0,1,1
upi://pay?pa=sunita.devi@kotak&pn=Sharma%20Kirana%20Store&cu=INR,sunita.devi@kotak,1,3.278,0.0,11,0,0.0,0,0
upi://pay?pa=phcnpe264@upi&pn=KYC%20Support&cu=INR&am=2.59,phcnpe264@upi,1,2.948,0.333,9,1,2.59,0,1
upi://pay?pa=1312481547@ibl&pn=Prize%20Center&cu=INR&am=2.38&tn=reward,1312481547@ibl,1,2.646,1.0,10,1,2.38,1,1
upi://pay?pa=9835445144@ibl&pn=Refund%20Team&cu=INR&tn=urgent,9835445144@ibl,1,2.322,1.0,10,0,0.0,1,1
upi://pay?pa=sunita.devi@ibl&pn=Green%20Grocers&cu=INR&am=4877.82,sunita.devi@ibl,1,3.278,0.0,11,1,4877.82,0,0
upi://pay?pa=paytrn867@axl&pn=KYC%20Support&cu=INR&tn=refund,paytrn867@axl,1,3.17,0.333,9,0,0.0,1,1
upi://pay?pa=kyc-team12@secure-pay&pn=KYC%20Support&cu=INR&am=4.7&tn=verify-now,kyc-team12@secure-pay,0,3.322,0.2,10,1,4.7,1,1
upi://pay?pa=9193670290@okicici&pn=City%20Cafe&cu=INR,9193670290@okicici,1,2.646,1.0,10,0,0.0,0,0
upi://pay?pa=support10@refund-upi&pn=Prize%20Center&cu=INR&tn=kyc,support10@refund-upi,0,2.948,0.222,9,0,0.0,1,1
upi://pay?pa=phcnpe208@axl&pn=Verify%20Account&cu=INR&tn=blocked,phcnpe208@axl,1,2.948,0.333,9,0,0.0,1,1
upi://pay?pa=merchant.6443@ybl&pn=Priya%20Singh&cu=INR&am=4952.0,merchant.6443@ybl,1,3.547,0.308,13,1,4952.0,0,0
upi://pay?pa=phcnpe322@okicici&pn=Verify%20Account&cu=INR&am=3.1&tn=suspend,phcnpe322@okicici,1,2.725,0.333,9,1,3.1,1,1
upi://pay?pa=goog1e-pay589@hdfcbank&pn=Verify%20Account&cu=INR&am=3.83&tn=refund,goog1e-pay589@hdfcbank,1,3.393,0.308,13,1,3.83,1,1
upi://pay?pa=sunita.devi@okicici&pn=Rahul%20Sharma&cu=INR,sunita.devi@okicici,1,3.278,0.0,11,0,0.0,0,0
upi://pay?pa=kyc-team38@secure-pay&pn=Prize%20Center&cu=INR&tn=reward,kyc-team38@secure-pay,0,3.322,0.2,10,0,0.0,1,1
upi://pay?pa=6088973719@ibl&pn=Om%20Traders&cu=INR,6088973719@ibl,1,2.722,1.0,10,0,0.0,0,0
upi://pay?pa=1870480093@ybl&pn=Verify%20Account&cu=INR&tn=lottery,1870480093@ybl,1,2.646,1.0,10,0,0.0,1,1
upi://pay?pa=7505622729@okaxis&pn=Om%20Traders&cu=INR&am=4548.77,7505622729@okaxis,1,2.446,1.0,10,1,4548.77,0,0
upi://pay?pa=lo2d8fu8kxhr@apl&pn=Refund%20Team&cu=INR&am=2.55&tn=cashback,lo2d8fu8kxhr@apl,1,3.418,0.25,12,1,2.55,1,1
upi://pay?pa=rahul.sharma@oksbi&pn=Sharma%20Kirana%20Store&cu=INR,rahul.sharma@oksbi,1,2.855,0.0,12,0,0.0,0,0
upi://pay?pa=6291353679@kotak&pn=Auto%20Rickshaw%20Stand&cu=INR&am=1515.41,6291353679@kotak,1,2.722,1.0,10,1,1515.41,0,0
upi://pay?pa=kyc-team78@xn--upi&pn=Prize%20Center&cu=INR&tn=kyc,kyc-team78@xn--upi,0,3.322,0.2,10,0,0.0,1,1
upi://pay?pa=9232259517@idfcbank&pn=Priya%20Singh&cu=INR&am=3970.04,9232259517@idfcbank,1,2.446,1.0,10,1,3970.04,0,0
upi://pay?pa=kswrzqe54pfmicx@okicici&pn=Verify%20Account&cu=INR&am=1.27&tn=lottery,kswrzqe54pfmicx@okicici,1,3.907,0.133,15,1,1.27,1,1
upi://pay?pa=cashback99@secure-pay&pn=Verify%20Account&cu=INR&tn=urgent,cashback99@secure-pay,0,2.722,0.2,10,0,0.0,1,1
upi://pay?pa=merchant.764@ybl&pn=Priya%20Singh&cu=INR,merchant.764@ybl,1,3.585,0.25,12,0,0.0,0,0
upi://pay?pa=9222562820@okicici&pn=Sharma%20Kirana%20Store&cu=INR&am=1093.54,9222562820@okicici,1,2.161,1.0,10,1,1093.54,0,0
upi://pay?pa=8536946511@oksbi&pn=Priya%20Singh&cu=INR,8536946511@oksbi,1,2.722,1.0,10,0,0.0,0,0
upi://pay?pa=paytrn289@okicici&pn=Verify%20Account&cu=INR&am=3.93&tn=suspend,paytrn289@okicici,1,3.17,0.333,9,1,3.93,1,1
upi://pay?pa=merchant.4011@ybl&pn=Sharma%20Kirana%20Store&cu=INR,merchant.4011@ybl,1,3.547,0.308,13,0,0.0,0,0
upi://pay?pa=kyc-team31@kyc-update&pn=KYC%20Support&cu=INR&tn=verify-now,kyc-team31@kyc-update,0,3.322,0.2,10,0,0.0,1,1
upi://pay?pa=ocu86tkkr2dx91@ybl&pn=Cashback%20Desk&cu=INR,ocu86tkkr2dx91@ybl,1,3.664,0.357,14,0,0.0,0,1
upi://pay?pa=merchant.4611@idfcbank&pn=Om%20Traders&cu=INR,merchant.4611@idfcbank,1,3.547,0.308,13,0,0.0,0,0
upi://pay?pa=6846637941@okicici&pn=Sharma%20Kirana%20Store&cu=INR,6846637941@okicici,1,2.646,1.0,10,0,0.0,0,0
upi://pay?pa=bbmv8tj96t12pw4d@okaxis&pn=Verify%20Account&cu=INR&am=2.51&tn=blocked,bbmv8tj96t12pw4d@okaxis,1,3.75,0.375,16,1,2.51,1,1
upi://pay?pa=6498319477@axl&pn=Om%20Traders&cu=INR,6498319477@axl,1,2.722,1.0,10,0,0.0,0,0
upi://pay?pa=support80@refund-upi&pn=Refund%20Team&cu=INR&am=4.69&tn=cashback,support80@refund-upi,0,2.948,0.222,9,1,4.69,1,1
upi://pay?pa=paytrn26@okaxis&pn=Prize%20Center&cu=INR&tn=refund,paytrn26@okaxis,1,3.0,0.25,8,0,0.0,1,1
upi://pay?pa=7165269194@jio&pn=Rahul%20Sharma&cu=INR&am=4263.37,7165269194@jio,1,2.722,1.0,10,1,4263.37,0,0
upi://pay?pa=goog1e-pay721@jio&pn=KYC%20Support&cu=INR&tn=lottery,goog1e-pay721@jio,1,3.239,0.308,13,0,0.0,1,1
upi://pay?pa=ys7xzfwsankb@kotak&pn=KYC%20Support&cu=INR&tn=winner,ys7xzfwsankb@kotak,1,3.418,0.083,12,0,0.0,1,1
upi://pay?pa=cashback91@secure-pay&pn=Refund%20Team&cu=INR&am=4.87&tn=blocked,cashback91@secure-pay,0,2.922,0.2,10,1,4.87,1,1
upi://pay?pa=ymywc94twkc031@upi&pn=Cashback%20Desk&cu=INR&tn=cashback,ymywc94twkc031@upi,1,3.379,0.357,14,0,0.0,1,1
upi://pay?pa=phcnpe478@okhdfcbank&pn=Verify%20Account&cu=INR&tn=winner,phcnpe478@okhdfcbank,1,2.948,0.333,9,0,0.0,1,1
upi://pay?pa=paytrn180@kotak&pn=Verify%20Account&cu=INR&tn=lottery,paytrn180@kotak,1,3.17,0.333,9,0,0.0,1,1
upi://pay?pa=9117577972@hdfcbank&pn=Auto%20Rickshaw%20Stand&cu=INR&am=3049.9,9117577972@hdfcbank,1,2.122,1.0,10,1,3049.9,0,0
upi://pay?pa=merchant.8564@okicici&pn=Priya%20Singh&cu=INR&am=4003.8,merchant.8564@okicici,1,3.7,0.308,13,1,4003.8,0,0
upi://pay?pa=eyxmk1kc3l4at@ybl&pn=Verify%20Account&cu=INR&tn=refund,eyxmk1kc3l4at@ybl,1,3.547,0.231,13,0,0.0,1,1
upi://pay?pa=xd8xq41wjx@hdfcbank&pn=Cashback%20Desk&cu=INR&tn=reward,xd8xq41wjx@hdfcbank,1,2.846,0.3,10,0,0.0,1,1
upi://pay?pa=merchant.1917@okhdfcbank&pn=Priya%20Singh&cu=INR,merchant.1917@okhdfcbank,1,3.547,0.308,13,0,0.0,0,0
upi://pay?pa=merchant.2101@ibl&pn=Om%20Traders&cu=INR,merchant.2101@ibl,1,3.547,0.308,13,0,0.0,0,0
upi://pay?pa=paytrn530@jio&pn=Cashback%20Desk&cu=INR&am=3.29&tn=urgent,paytrn530@jio,1,3.17,0.333,9,1,3.29,1,1
upi://pay?pa=phcnpe909@oksbi&pn=Verify%20Account&cu=INR&am=2.61&tn=verify-now,phcnpe909@oksbi,1,2.725,0.333,9,1,2.61,1,1
upi://pay?pa=1376355587@hdfcbank&pn=Cashback%20Desk&cu=INR&tn=urgent,1376355587@hdfcbank,1,2.446,1.0,10,0,0.0,1,1
upi://pay?pa=goog1e-pay563@apl&pn=Cashback%20Desk&cu=INR&am=2.4,goog1e-pay563@apl,1,3.393,0.308,13,1,2.4,0,1
upi://pay?pa=merchant.9552@oksbi&pn=Priya%20Singh&cu=INR&am=1972.22,merchant.9552@oksbi,1,3.547,0.308,13,1,1972.22,0,0
upi://pay?pa=amit.kumar@oksbi&pn=Rahul%20Sharma&cu=INR,amit.kumar@oksbi,1,2.922,0.0,10,0,0.0,0,0
upi://pay?pa=priya123@ybl&pn=Sharma%20Kirana%20Store&cu=INR,priya123@ybl,1,3.0,0.375,8,0,0.0,0,0
upi://pay?pa=rahul.sharma@oksbi&pn=Priya%20Singh&cu=INR&am=359.78,rahul.sharma@oksbi,1,2.855,0.0,12,1,359.78,0,0
upi://pay?pa=paytrn113@kotak&pn=Prize%20Center&cu=INR&tn=lottery,paytrn113@kotak,1,2.948,0.333,9,0,0.0,1,1
upi://pay?pa=7279810812@upi&pn=Priya%20Singh&cu=INR,7279810812@upi,1,2.522,1.0,10,0,0.0,0,0
upi://pay?pa=vendor.shop@okicici&pn=City%20Cafe&cu=INR,vendor.shop@okicici,1,3.278,0.0,11,0,0.0,0,0
upi://pay?pa=support87@pay-verify&pn=Verify%20Account&cu=INR&tn=suspend,support87@pay-verify,0,2.948,0.222,9,0,0.0,1,1
upi://pay?pa=7011556076@axl&pn=Om%20Traders&cu=INR,7011556076@axl,1,2.322,1.0,10,0,0.0,0,0
upi://pay?pa=amit.kumar@kotak&pn=Auto%20Rickshaw%20Stand&cu=INR&am=1638.95,amit.kumar@kotak,1,2.922,0.0,10,1,1638.95,0,0
upi://pay?pa=1259637463@okicici&pn=Refund%20Team&cu=INR&tn=suspend,1259637463@okicici,1,2.922,1.0,10,0,0.0,1,1
upi://pay?pa=vendor.shop@ybl&pn=Priya%20Singh&cu=INR,vendor.shop@ybl,1,3.278,0.0,11,0,0.0,0,0
upi://pay?pa=merchant.7560@axl&pn=Auto%20Rickshaw%20Stand&cu=INR&am=4350.62,merchant.7560@axl,1,3.7,0.308,13,1,4350.62,0,0
upi://pay?pa=6758198652@jio&pn=Auto%20Rickshaw%20Stand&cu=INR&am=2546.32,6758198652@jio,1,2.722,1.0,10,1,2546.32,0,0
upi://pay?pa=guarhjrhe4@hdfcbank&pn=Refund%20Team&cu=INR,guarhjrhe4@hdfcbank,1,2.922,0.1,10,0,0.0,0,1
upi://pay?pa=sunita.devi@jio&pn=Green%20Grocers&cu=INR,sunita.devi@jio,1,3.278,0.0,11,0,0.0,0,0
upi://pay?pa=9078424087@hdfcbank&pn=Verify%20Account&cu=INR&tn=kyc,9078424087@hdfcbank,1,2.522,1.0,10,0,0.0,1,1
upi://pay?pa=310681608@oksbi&pn=Verify%20Account&cu=INR&tn=kyc,310681608@oksbi,1,2.281,1.0,9,0,0.0,1,1
upi://pay?pa=refund13@secure-pay&pn=KYC%20Support&cu=INR&tn=reward,refund13@secure-pay,0,3.0,0.25,8,0,0.0,1,1
upi://pay?pa=merchant.5019@jio&pn=Priya%20Singh&cu=INR,merchant.5019@jio,1,3.7,0.308,13,0,0.0,0,0
upi://pay?pa=k8r1z4qt7zvnb@okicici&pn=Refund%20Team&cu=INR&tn=lottery,k8r1z4qt7zvnb@okicici,1,3.547,0.308,13,0,0.0,1,1
upi://pay?pa=sunita.devi@paytm&pn=Om%20Traders&cu=INR&am=4572.24,sunita.devi@paytm,1,3.278,0.0,11,1,4572.24,0,0
upi://pay?pa=3299777528@okhdfcbank&pn=KYC%20Support&cu=INR&tn=suspend,3299777528@okhdfcbank,1,2.446,1.0,10,0,0.0,1,1
upi://pay?pa=merchant.4544@ybl&pn=Priya%20Singh&cu=INR&am=1458.96,merchant.4544@ybl,1,3.335,0.308,13,1,1458.96,0,0
upi://pay?pa=8757093922@okaxis&pn=Om%20Traders&cu=INR,8757093922@okaxis,1,2.722,1.0,10,0,0.0,0,0
upi://pay?pa=merchant.2977@idfcbank&pn=Sharma%20Kirana%20Store&cu=INR,merchant.2977@idfcbank,1,3.547,0.308,13,0,0.0,0,0
upi://pay?pa=rahul.sharma@okaxis&pn=Green%20Grocers&cu=INR&am=2991.34,rahul.sharma@okaxis,1,2.855,0.0,12,1,2991.34,0,0
upi://pay?pa=9081200892@okhdfcbank&pn=Cashback%20Desk&cu=INR&am=1.74&tn=urgent,9081200892@okhdfcbank,1,2.246,1.0,10,1,1.74,1,1
upi://pay?pa=sunita.devi@okaxis&pn=City%20Cafe&cu=INR,sunita.devi@okaxis,1,3.278,0.0,11,0,0.0,0,0
upi://pay?pa=3771421168@kotak&pn=Prize%20Center&cu=INR&am=3.84&tn=refund,3771421168@kotak,1,2.646,1.0,10,1,3.84,1,1
upi://pay?pa=phcnpe973@ybl&pn=Verify%20Account&cu=INR&tn=winner,phcnpe973@ybl,1,2.948,0.333,9,0,0.0,1,1
upi://pay?pa=cashback99@xn--upi&pn=KYC%20Support&cu=INR&tn=refund,cashback99@xn--upi,0,2.722,0.2,10,0,0.0,1,1
upi://pay?pa=q7wun9wicv@okaxis&pn=KYC%20Support&cu=INR&am=1.09&tn=suspend,q7wun9wicv@okaxis,1,3.122,0.2,10,1,1.09,1,1
upi://pay?pa=nhdmwc9medparkg@ybl&pn=Prize%20Center&cu=INR&am=4.91&tn=cashback,nhdmwc9medparkg@ybl,1,3.64,0.067,15,1,4.91,1,1
upi://pay?pa=6026224160@ibl&pn=City%20Cafe&cu=INR&am=4351.92,6026224160@ibl,1,2.171,1.0,10,1,4351.92,0,0
upi://pay?pa=merchant.619@kotak&pn=Auto%20Rickshaw%20Stand&cu=INR,merchant.619@kotak,1,3.585,0.25,12,0,0.0,0,0
upi://pay?pa=2glxv8qiq7uvmr@upi&pn=Cashback%20Desk&cu=INR&tn=verify-now,2glxv8qiq7uvmr@upi,1,3.522,0.214,14,0,0.0,1,1
upi://pay?pa=9524176919@ybl&pn=Priya%20Singh&cu=INR,9524176919@ybl,1,2.646,1.0,10,0,0.0,0,0
upi://pay?pa=priya123@jio&pn=Sharma%20Kirana%20Store&cu=INR,priya123@jio,1,3.0,0.375,8,0,0.0,0,0
upi://pay?pa=7747379015@okhdfcbank&pn=Cashback%20Desk&cu=INR&tn=winner,7747379015@okhdfcbank,1,2.522,1.0,10,0,0.0,1,1
upi://pay?pa=6085507405@kotak&pn=Sharma%20Kirana%20Store&cu=INR,6085507405@kotak,1,2.371,1.0,10,0,0.0,0,0
upi://pay?pa=merchant.1111@okhdfcbank&pn=Priya%20Singh&cu=INR&am=147.95,merchant.1111@okhdfcbank,1,3.085,0.308,13,1,147.95,0,0
upi://pay?pa=7682039070@okicici&pn=Om%20Traders&cu=INR&am=3590.87,7682039070@okicici,1,2.646,1.0,10,1,3590.87,0,0
upi://pay?pa=paytrn918@okhdfcbank&pn=Refund%20Team&cu=INR&tn=winner,paytrn918@okhdfcbank,1,3.17,0.333,9,0,0.0,1,1
upi://pay?pa=yhcmdcv7aenriou@okaxis&pn=Refund%20Team&cu=INR&tn=reward,yhcmdcv7aenriou@okaxis,1,3.774,0.067,15,0,0.0,1,1
upi://pay?pa=amit.kumar@kotak&pn=Priya%20Singh&cu=INR&am=4087.2,amit.kumar@kotak,1,2.922,0.0,10,1,4087.2,0,0
upi://pay?pa=goog1e-pay678@ybl&pn=Cashback%20Desk&cu=INR&am=4.53&tn=suspend,goog1e-pay678@ybl,1,3.393,0.308,13,1,4.53,1,1
upi://pay?pa=priya123@oksbi&pn=Sharma%20Kirana%20Store&cu=INR,priya123@oksbi,1,3.0,0.375,8,0,0.0,0,0
upi://pay?pa=7927845458@apl&pn=Auto%20Rickshaw%20Stand&cu=INR,7927845458@apl,1,2.522,1.0,10,0,0.0,0,0
upi://pay?pa=priya123@okaxis&pn=Om%20Traders&cu=INR,priya123@okaxis,1,3.0,0.375,8,0,0.0,0,0
upi://pay?pa=goog1e-pay111@upi&pn=Prize%20Center&cu=INR&tn=lottery,goog1e-pay111@upi,1,2.777,0.308,13,0,0.0,1,1
upi://pay?pa=merchant.2788@jio&pn=Om%20Traders&cu=INR,merchant.2788@jio,1,3.547,0.308,13,0,0.0,0,0
upi://pay?pa=vendor.shop@ibl&pn=Auto%20Rickshaw%20Stand&cu=INR,vendor.shop@ibl,1,3.278,0.0,11,0,0.0,0,0
upi://pay?pa=7898565319@upi&pn=Om%20Traders&cu=INR&am=1380.37,7898565319@upi,1,2.722,1.0,10,1,1380.37,0,0
upi://pay?pa=6302295513@oksbi&pn=Om%20Traders&cu=INR&am=411.46,6302295513@oksbi,1,2.722,1.0,10,1,411.46,0,0
upi://pay?pa=goog1e-pay190@axl&pn=Refund%20Team&cu=INR&tn=winner,goog1e-pay190@axl,1,3.239,0.308,13,0,0.0,1,1
upi://pay?pa=cashback40@kyc-update&pn=Cashback%20Desk&cu=INR&tn=reward,cashback40@kyc-update,0,2.922,0.2,10,0,0.0,1,1
upi://pay?pa=vendor.shop@hdfcbank&pn=Priya%20Singh&cu=INR,vendor.shop@hdfcbank,1,3.278,0.0,11,0,0.0,0,0
upi://pay?pa=amit.kumar@oksbi&pn=Sharma%20Kirana%20Store&cu=INR,amit.kumar@oksbi,1,2.922,0.0,10,0,0.0,0,0
upi://pay?pa=phcnpe945@ybl&pn=Prize%20Center&cu=INR&tn=lottery,phcnpe945@ybl,1,2.948,0.333,9,0,0.0,1,1
upi://pay?pa=merchant.8492@okaxis&pn=Auto%20Rickshaw%20Stand&cu=INR,merchant.8492@okaxis,1,3.7,0.308,13,0,0.0,0,0
upi://pay?pa=8582867376@jio&pn=Refund%20Team&cu=INR&tn=suspend,8582867376@jio,1,2.446,1.0,10,0,0.0,1,1
upi://pay?pa=merchant.6303@jio&pn=Om%20Traders&cu=INR,merchant.6303@jio,1,3.547,0.308,13,0,0.0,0,0
upi://pay?pa=merchant.4760@okaxis&pn=Green%20Grocers&cu=INR,merchant.4760@okaxis,1,3.7,0.308,13,0,0.0,0,0
upi://pay?pa=2121444411@axl&pn=Refund%20Team&cu=INR&am=3.78,2121444411@axl,1,1.522,1.0,10,1,3.78,0,1
upi://pay?pa=merchant.8552@oksbi&pn=Priya%20Singh&cu=INR,merchant.8552@oksbi,1,3.547,0.308,13,0,0.0,0,0
upi://pay?pa=refund37@secure-pay&pn=Prize%20Center&cu=INR&am=1.28,refund37@secure-pay,0,3.0,0.25,8,1,1.28,0,1
upi://pay?pa=phcnpe751@idfcbank&pn=Cashback%20Desk&cu=INR&am=2.02&tn=cashback,phcnpe751@idfcbank,1,2.948,0.333,9,1,2.02,1,1
upi://pay?pa=5967615553@kotak&pn=Cashback%20Desk&cu=INR&am=2.41&tn=winner,5967615553@kotak,1,2.322,1.0,10,1,2.41,1,1
upi://pay?pa=6570899738@okhdfcbank&pn=Refund%20Team&cu=INR&tn=kyc,6570899738@okhdfcbank,1,2.722,1.0,10,0,0.0,1,1
upi://pay?pa=priya123@jio&pn=Om%20Traders&cu=INR,priya123@jio,1,3.0,0.375,8,0,0.0,0,0
upi://pay?pa=vendor.shop@ibl&pn=Priya%20Singh&cu=INR,vendor.shop@ibl,1,3.278,0.0,11,0,0.0,0,0
upi://pay?pa=cashback47@secure-pay&pn=Prize%20Center&cu=INR&am=1.0&tn=refund,cashback47@secure-pay,0,2.922,0.2,10,1,1.0,1,1
upi://pay?pa=sunita.devi@paytm&pn=Rahul%20Sharma&cu=INR,sunita.devi@paytm,1,3.278,0.0,11,0,0.0,0,0
upi://pay?pa=sunita.devi@oksbi&pn=City%20Cafe&cu=INR,sunita.devi@oksbi,1,3.278,0.0,11,0,0.0,0,0
upi://pay?pa=refund60@secure-pay&pn=KYC%20Support&cu=INR&am=1.42&tn=kyc,refund60@secure-pay,0,3.0,0.25,8,1,1.42,1,1
upi://pay?pa=3i2xfmw55uqrfkx@idfcbank&pn=Prize%20Center&cu=INR&tn=urgent,3i2xfmw55uqrfkx@idfcbank,1,3.507,0.267,15,0,0.0,1,1
upi://pay?pa=priya123@jio&pn=Priya%20Singh&cu=INR,priya123@jio,1,3.0,0.375,8,0,0.0,0,0
upi://pay?pa=8890948857@ibl&pn=KYC%20Support&cu=INR&tn=urgent,8890948857@ibl,1,2.322,1.0,10,0,0.0,1,1
upi://pay?pa=8756795104@oksbi&pn=Green%20Grocers&cu=INR,8756795104@oksbi,1,2.922,1.0,10,0,0.0,0,0
upi://pay?pa=vendor.shop@ibl&pn=Priya%20Singh&cu=INR,vendor.shop@ibl,1,3.278,0.0,11,0,0.0,0,0
upi://pay?pa=merchant.8715@kotak&pn=City%20Cafe&cu=INR,merchant.8715@kotak,1,3.7,0.308,13,0,0.0,0,0
upi://pay?pa=6637181837@kotak&pn=Green%20Grocers&cu=INR&am=1621.84,6637181837@kotak,1,2.322,1.0,10,1,1621.84,0,0
upi://pay?pa=merchant.6037@hdfcbank&pn=Om%20Traders&cu=INR,merchant.6037@hdfcbank,1,3.7,0.308,13,0,0.0,0,0
upi://pay?pa=vendor.shop@apl&pn=Sharma%20Kirana%20Store&cu=INR&am=4106.33,vendor.shop@apl,1,3.278,0.0,11,1,4106.33,0,0
upi://pay?pa=priya123@apl&pn=Auto%20Rickshaw%20Stand&cu=INR&am=3673.05,priya123@apl,1,3.0,0.375,8,1,3673.05,0,0
upi://pay?pa=vendor.shop@ybl&pn=Rahul%20Sharma&cu=INR,vendor.shop@ybl,1,3.278,0.0,11,0,0.0,0,0
upi://pay?pa=6039765062@axl&pn=Auto%20Rickshaw%20Stand&cu=INR,6039765062@axl,1,2.646,1.0,10,0,0.0,0,0
upi://pay?pa=vendor.shop@ibl&pn=Green%20Grocers&cu=INR,vendor.shop@ibl,1,3.278,0.0,11,0,0.0,0,0
upi://pay?pa=6196794154@apl&pn=Rahul%20Sharma&cu=INR&am=4452.41,6196794154@apl,1,2.522,1.0,10,1,4452.41,0,0
upi://pay?pa=merchant.9759@kotak&pn=Priya%20Singh&cu=INR,merchant.9759@kotak,1,3.547,0.308,13,0,0.0,0,0
upi://pay?pa=support43@pay-verify&pn=KYC%20Support&cu=INR&tn=cashback,support43@pay-verify,0,2.948,0.222,9,0,0.0,1,1
upi://pay?pa=goog1e-pay569@oksbi&pn=KYC%20Support&cu=INR&tn=urgent,goog1e-pay569@oksbi,1,3.393,0.308,13,0,0.0,1,1
upi://pay?pa=k6n0xikuxpg3jp@okaxis&pn=KYC%20Support&cu=INR,k6n0xikuxpg3jp@okaxis,1,3.379,0.214,14,0,0.0,0,1
upi://pay?pa=refund32@kyc-update&pn=Verify%20Account&cu=INR&tn=reward,refund32@kyc-update,0,3.0,0.25,8,0,0.0,1,1
upi://pay?pa=support62@kyc-update&pn=Cashback%20Desk&cu=INR&am=3.73&tn=winner,support62@kyc-update,0,2.948,0.222,9,1,3.73,1,1
upi://pay?pa=ce74ahjoysj8oyr@okicici&pn=Prize%20Center&cu=INR&tn=verify-now,ce74ahjoysj8oyr@okicici,1,3.507,0.2,15,0,0.0,1,1
upi://pay?pa=cashback44@kyc-update&pn=Verify%20Account&cu=INR&tn=reward,cashback44@kyc-update,0,2.722,0.2,10,0,0.0,1,1
upi://pay?pa=vendor.shop@apl&pn=Sharma%20Kirana%20Store&cu=INR,vendor.shop@apl,1,3.278,0.0,11,0,0.0,0,0
upi://pay?pa=sunita.devi@axl&pn=City%20Cafe&cu=INR,sunita.devi@axl,1,3.278,0.0,11,0,0.0,0,0
upi://pay?pa=goog1e-pay475@idfcbank&pn=Verify%20Account&cu=INR&tn=lottery,goog1e-pay475@idfcbank,1,3.393,0.308,13,0,0.0,1,1
upi://pay?pa=cashback83@secure-pay&pn=Refund%20Team&cu=INR&tn=reward,cashback83@secure-pay,0,2.922,0.2,10,0,0.0,1,1
upi://pay?pa=rahul.sharma@ybl&pn=Om%20Traders&cu=INR,rahul.sharma@ybl,1,2.855,0.0,12,0,0.0,0,0
upi://pay?pa=phcnpe971@idfcbank&pn=Prize%20Center&cu=INR&tn=reward,phcnpe971@idfcbank,1,2.948,0.333,9,0,0.0,1,1
upi://pay?pa=priya123@okicici&pn=Sharma%20Kirana%20Store&cu=INR,priya123@okicici,1,3.0,0.375,8,0,0.0,0,0
upi://pay?pa=amit.kumar@jio&pn=Priya%20Singh&cu=INR&am=247.86,amit.kumar@jio,1,2.922,0.0,10,1,247.86,0,0
upi://pay?pa=9295875293@oksbi&pn=Refund%20Team&cu=INR&tn=urgent,9295875293@oksbi,1,2.446,1.0,10,0,0.0,1,1
upi://pay?pa=amit.kumar@paytm&pn=Auto%20Rickshaw%20Stand&cu=INR,amit.kumar@paytm,1,2.922,0.0,10,0,0.0,0,0
upi://pay?pa=6613143978@idfcbank&pn=Om%20Traders&cu=INR,6613143978@idfcbank,1,2.722,1.0,10,0,0.0,0,0
upi://pay?pa=niab2yu7yf9@upi&pn=KYC%20Support&cu=INR&tn=winner,niab2yu7yf9@upi,1,3.278,0.273,11,0,0.0,1,1
upi://pay?pa=6528702349@jio&pn=Rahul%20Sharma&cu=INR&am=696.07,6528702349@jio,1,3.122,1.0,10,1,696.07,0,0
upi://pay?pa=refund30@refund-upi&pn=Refund%20Team&cu=INR&am=3.53&tn=suspend,refund30@refund-upi,0,3.0,0.25,8,1,3.53,1,1
upi://pay?pa=1094375502@okaxis&pn=Refund%20Team&cu=INR&am=2.97&tn=kyc,1094375502@okaxis,1,2.922,1.0,10,1,2.97,1,1
upi://pay?pa=phcnpe739@okhdfcbank&pn=Refund%20Team&cu=INR&tn=urgent,phcnpe739@okhdfcbank,1,2.948,0.333,9,0,0.0,1,1
upi://pay?pa=sunita.devi@oksbi&pn=Om%20Traders&cu=INR,sunita.devi@oksbi,1,3.278,0.0,11,0,0.0,0,0
upi://pay?pa=7204872942@kotak&pn=Green%20Grocers&cu=INR,7204872942@kotak,1,2.446,1.0,10,0,0.0,0,0
upi://pay?pa=8088517710@kotak&pn=City%20Cafe&cu=INR,8088517710@kotak,1,2.246,1.0,10,0,0.0,0,0
upi://pay?pa=rahul.sharma@upi&pn=Rahul%20Sharma&cu=INR,rahul.sharma@upi,1,2.855,0.0,12,0,0.0,0,0
upi://pay?pa=paytrn245@hdfcbank&pn=Cashback%20Desk&cu=INR&am=1.21&tn=lottery,paytrn245@hdfcbank,1,3.17,0.333,9,1,1.21,1,1
upi://pay?pa=refund88@secure-pay&pn=Verify%20Account&cu=INR&am=3.49&tn=winner,refund88@secure-pay,0,2.75,0.25,8,1,3.49,1,1
upi://pay?pa=phcnpe215@okicici&pn=Cashback%20Desk&cu=INR&tn=suspend,phcnpe215@okicici,1,2.948,0.333,9,0,0.0,1,1
upi://pay?pa=9048289828@oksbi&pn=Verify%20Account&cu=INR&am=3.97&tn=suspend,9048289828@oksbi,1,2.122,1.0,10,1,3.97,1,1
upi://pay?pa=rzetvllbtxjuv@paytm&pn=Cashback%20Desk&cu=INR&am=1.53&tn=verify-now,rzetvllbtxjuv@paytm,1,3.239,0.0,13,1,1.53,1,1
upi://pay?pa=8298143112@hdfcbank&pn=Prize%20Center&cu=INR&tn=urgent,8298143112@hdfcbank,1,2.446,1.0,10,0,0.0,1,1
upi://pay?pa=amit.kumar@okaxis&pn=Om%20Traders&cu=INR&am=1545.19,amit.kumar@okaxis,1,2.922,0.0,10,1,1545.19,0,0
upi://pay?pa=rahul.sharma@upi&pn=Priya%20Singh&cu=INR,rahul.sharma@upi,1,2.855,0.0,12,0,0.0,0,0
upi://pay?pa=9985023177@paytm&pn=Om%20Traders&cu=INR,9985023177@paytm,1,2.922,1.0,10,0,0.0,0,0
upi://pay?pa=9655935832@paytm&pn=Sharma%20Kirana%20Store&cu=INR&am=2363.27,9655935832@paytm,1,2.446,1.0,10,1,2363.27,0,0
upi://pay?pa=merchant.3583@ibl&pn=Rahul%20Sharma&cu=INR&am=2506.17,merchant.3583@ibl,1,3.547,0.308,13,1,2506.17,0,0
upi://pay?pa=1965417267@ibl&pn=Prize%20Center&cu=INR&am=2.47&tn=kyc,1965417267@ibl,1,2.722,1.0,10,1,2.47,1,1
upi://pay?pa=merchant.7350@paytm&pn=City%20Cafe&cu=INR,merchant.7350@paytm,1,3.7,0.308,13,0,0.0,0,0
upi://pay?pa=7475998631@axl&pn=Rahul%20Sharma&cu=INR,7475998631@axl,1,2.922,1.0,10,0,0.0,0,0
upi://pay?pa=kyc-team72@pay-verify&pn=Cashback%20Desk&cu=INR&tn=reward,kyc-team72@pay-verify,0,3.322,0.2,10,0,0.0,1,1
upi://pay?pa=9582447381@ibl&pn=Prize%20Center&cu=INR&am=2.31&tn=lottery,9582447381@ibl,1,2.922,1.0,10,1,2.31,1,1
upi://pay?pa=6831189589@jio&pn=KYC%20Support&cu=INR&am=3.13&tn=verify-now,6831189589@jio,1,2.446,1.0,10,1,3.13,1,1
upi://pay?pa=1515082535@okaxis&pn=Prize%20Center&cu=INR&tn=verify-now,1515082535@okaxis,1,2.322,1.0,10,0,0.0,1,1
upi://pay?pa=merchant.1398@okaxis&pn=Sharma%20Kirana%20Store&cu=INR,merchant.1398@okaxis,1,3.7,0.308,13,0,0.0,0,0
upi://pay?pa=wnifyir3dyawz@okaxis&pn=Prize%20Center&cu=INR&tn=winner,wnifyir3dyawz@okaxis,1,3.239,0.077,13,0,0.0,1,1
upi://pay?pa=amit.kumar@idfcbank&pn=City%20Cafe&cu=INR,amit.kumar@idfcbank,1,2.922,0.0,10,0,0.0,0,0
upi://pay?pa=6486937758@kotak&pn=Om%20Traders&cu=INR&am=1297.82,6486937758@kotak,1,2.722,1.0,10,1,1297.82,0,0
upi://pay?pa=sh76ii7yzyg2mmkq@okhdfcbank&pn=Prize%20Center&cu=INR&tn=lottery,sh76ii7yzyg2mmkq@okhdfcbank,1,3.5,0.25,16,0,0.0,1,1
upi://pay?pa=kyc-team41@pay-verify&pn=Cashback%20Desk&cu=INR&tn=verify-now,kyc-team41@pay-verify,0,3.322,0.2,10,0,0.0,1,1
upi://pay?pa=merchant.1803@ybl&pn=City%20Cafe&cu=INR,merchant.1803@ybl,1,3.7,0.308,13,0,0.0,0,0
upi://pay?pa=9603356055@paytm&pn=Rahul%20Sharma&cu=INR&am=499.58,9603356055@paytm,1,2.246,1.0,10,1,499.58,0,0
upi://pay?pa=7374006927@okaxis&pn=KYC%20Support&cu=INR&am=4.88&tn=blocked,7374006927@okaxis,1,2.646,1.0,10,1,4.88,1,1
upi://pay?pa=8315061685@kotak&pn=Priya%20Singh&cu=INR&am=508.07,8315061685@kotak,1,2.522,1.0,10,1,508.07,0,0
upi://pay?pa=kyc-team64@pay-verify&pn=Verify%20Account&cu=INR&am=1.07&tn=kyc,kyc-team64@pay-verify,0,3.322,0.2,10,1,1.07,1,1
upi://pay?pa=7970738992@kotak&pn=Rahul%20Sharma&cu=INR&am=2314.39,7970738992@kotak,1,2.371,1.0,10,1,2314.39,0,0
upi://pay?pa=vlk6tzcvdb6ya1hb@kotak&pn=Refund%20Team&cu=INR&tn=verify-now,vlk6tzcvdb6ya1hb@kotak,1,3.625,0.188,16,0,0.0,1,1
upi://pay?pa=vendor.shop@ybl&pn=Om%20Traders&cu=INR&am=2672.86,vendor.shop@ybl,1,3.278,0.0,11,1,2672.86,0,0
upi://pay?pa=goog1e-pay971@upi&pn=Prize%20Center&cu=INR&tn=urgent,goog1e-pay971@upi,1,3.239,0.308,13,0,0.0,1,1
upi://pay?pa=7746900245@okaxis&pn=City%20Cafe&cu=INR&am=1217.14,7746900245@okaxis,1,2.722,1.0,10,1,1217.14,0,0
upi://pay?pa=sunita.devi@upi&pn=Om%20Traders&cu=INR,sunita.devi@upi,1,3.278,0.0,11,0,0.0,0,0
upi://pay?pa=zwi7plc1kjg7dp5@upi&pn=Cashback%20Desk&cu=INR&tn=winner,zwi7plc1kjg7dp5@upi,1,3.64,0.267,15,0,0.0,1,1
upi://pay?pa=refund53@pay-verify&pn=Refund%20Team&cu=INR&am=3.57&tn=lottery,refund53@pay-verify,0,3.0,0.25,8,1,3.57,1,1
upi://pay?pa=merchant.6953@apl&pn=Green%20Grocers&cu=INR,merchant.6953@apl,1,3.7,0.308,13,0,0.0,0,0
upi://pay?pa=priya123@upi&pn=Green%20Grocers&cu=INR,priya123@upi,1,3.0,0.375,8,0,0.0,0,0
upi://pay?pa=merchant.4516@hdfcbank&pn=Green%20Grocers&cu=INR,merchant.4516@hdfcbank,1,3.7,0.308,13,0,0.0,0,0
upi://pay?pa=7354068887@okhdfcbank&pn=Priya%20Singh&cu=INR&am=3608.1,7354068887@okhdfcbank,1,2.646,1.0,10,1,3608.1,0,0
upi://pay?pa=9381653935@ybl&pn=Cashback%20Desk&cu=INR&tn=lottery,9381653935@ybl,1,2.446,1.0,10,0,0.0,1,1
upi://pay?pa=cashback29@refund-upi&pn=Refund%20Team&cu=INR&tn=winner,cashback29@refund-upi,0,2.922,0.2,10,0,0.0,1,1
upi://pay?pa=9762054111@kotak&pn=Priya%20Singh&cu=INR,9762054111@kotak,1,2.846,1.0,10,0,0.0,0,0
upi://pay?pa=6528182041@idfcbank&pn=Priya%20Singh&cu=INR&am=715.46,6528182041@idfcbank,1,2.722,1.0,10,1,715.46,0,0
upi://pay?pa=merchant.9677@ybl&pn=Om%20Traders&cu=INR,merchant.9677@ybl,1,3.547,0.308,13,0,0.0,0,0
upi://pay?pa=lt4u6o3lpo73@paytm&pn=Prize%20Center&cu=INR&tn=urgent,lt4u6o3lpo73@paytm,1,3.085,0.417,12,0,0.0,1,1
upi://pay?pa=482053264@paytm&pn=Refund%20Team&cu=INR&am=4.21&tn=cashback,482053264@paytm,1,2.725,1.0,9,1,4.21,1,1
upi://pay?pa=6238953970@kotak&pn=Om%20Traders&cu=INR,6238953970@kotak,1,2.922,1.0,10,0,0.0,0,0
upi://pay?pa=merchant.712@ybl&pn=Rahul%20Sharma&cu=INR,merchant.712@ybl,1,3.585,0.25,12,0,0.0,0,0
upi://pay?pa=6222259693@jio&pn=Auto%20Rickshaw%20Stand&cu=INR,6222259693@jio,1,2.122,1.0,10,0,0.0,0,0
upi://pay?pa=kyc-team17@xn--upi&pn=Cashback%20Desk&cu=INR&tn=refund,kyc-team17@xn--upi,0,3.322,0.2,10,0,0.0,1,1
upi://pay?pa=byk9l1wdx68c4nr1@okicici&pn=Cashback%20Desk&cu=INR&tn=winner,byk9l1wdx68c4nr1@okicici,1,3.875,0.375,16,0,0.0,1,1
upi://pay?pa=merchant.6330@ybl&pn=Rahul%20Sharma&cu=INR&am=2927.82,merchant.6330@ybl,1,3.547,0.308,13,1,2927.82,0,0
upi://pay?pa=support25@kyc-update&pn=Cashback%20Desk&cu=INR&tn=blocked,support25@kyc-update,0,2.948,0.222,9,0,0.0,1,1
upi://pay?pa=8980490963@paytm&pn=Rahul%20Sharma&cu=INR,8980490963@paytm,1,2.446,1.0,10,0,0.0,0,0
upi://pay?pa=merchant.2030@paytm&pn=Rahul%20Sharma&cu=INR&am=1410.94,merchant.2030@paytm,1,3.547,0.308,13,1,1410.94,0,0
upi://pay?pa=merchant.2487@apl&pn=Auto%20Rickshaw%20Stand&cu=INR,merchant.2487@apl,1,3.7,0.308,13,0,0.0,0,0
upi://pay?pa=3009238454@oksbi&pn=Refund%20Team&cu=INR&am=3.08&tn=suspend,3009238454@oksbi,1,2.722,1.0,10,1,3.08,1,1
upi://pay?pa=merchant.5774@oksbi&pn=Om%20Traders&cu=INR&am=3286.74,merchant.5774@oksbi,1,3.547,0.308,13,1,3286.74,0,0
upi://pay?pa=gjpqohbicncuj@axl&pn=Prize%20Center&cu=INR&am=1.16&tn=urgent,gjpqohbicncuj@axl,1,3.393,0.0,13,1,1.16,1,1
upi://pay?pa=6995119066@paytm&pn=City%20Cafe&cu=INR&am=735.73,6995119066@paytm,1,2.171,1.0,10,1,735.73,0,0
upi://pay?pa=phcnpe998@ybl&pn=Refund%20Team&cu=INR&tn=kyc,phcnpe998@ybl,1,2.725,0.333,9,0,0.0,1,1
upi://pay?pa=1hi8h7pr28j2k3ty@oksbi&pn=Refund%20Team&cu=INR&tn=blocked,1hi8h7pr28j2k3ty@oksbi,1,3.625,0.438,16,0,0.0,1,1
upi://pay?pa=8911311585@ybl&pn=Green%20Grocers&cu=INR&am=2525.25,8911311585@ybl,1,2.122,1.0,10,1,2525.25,0,0
upi://pay?pa=9i9exbnxdx@upi&pn=Refund%20Team&cu=INR&tn=cashback,9i9exbnxdx@upi,1,2.646,0.2,10,0,0.0,1,1
upi://pay?pa=cashback36@xn--upi&pn=Prize%20Center&cu=INR,cashback36@xn--upi,0,2.922,0.2,10,0,0.0,0,1
upi://pay?pa=9854504825@okhdfcbank&pn=Sharma%20Kirana%20Store&cu=INR,9854504825@okhdfcbank,1,2.446,1.0,10,0,0.0,0,0
upi://pay?pa=9737697467@axl&pn=Rahul%20Sharma&cu=INR,9737697467@axl,1,2.122,1.0,10,0,0.0,0,0
upi://pay?pa=7629380442@okicici&pn=Prize%20Center&cu=INR&am=5.0&tn=blocked,7629380442@okicici,1,2.922,1.0,10,1,5.0,1,1
upi://pay?pa=merchant.2444@idfcbank&pn=Om%20Traders&cu=INR&am=3670.75,merchant.2444@idfcbank,1,3.335,0.308,13,1,3670.75,0,0
upi://pay?pa=2923888776@hdfcbank&pn=Refund%20Team&cu=INR&tn=reward,2923888776@hdfcbank,1,2.446,1.0,10,0,0.0,1,1
upi://pay?pa=merchant.8411@ibl&pn=Priya%20Singh&cu=INR,merchant.8411@ibl,1,3.547,0.308,13,0,0.0,0,0
upi://pay?pa=goog1e-pay909@oksbi&pn=KYC%20Support&cu=INR,goog1e-pay909@oksbi,1,3.239,0.308,13,0,0.0,0,1
upi://pay?pa=goog1e-pay123@kotak&pn=Prize%20Center&cu=INR&tn=urgent,goog1e-pay123@kotak,1,3.239,0.308,13,0,0.0,1,1
upi://pay?pa=goog1e-pay529@hdfcbank&pn=Prize%20Center&cu=INR&am=1.83&tn=blocked,goog1e-pay529@hdfcbank,1,3.393,0.308,13,1,1.83,1,1
upi://pay?pa=goog1e-pay538@ibl&pn=Prize%20Center&cu=INR&tn=blocked,goog1e-pay538@ibl,1,3.393,0.308,13,0,0.0,1,1
upi://pay?pa=6suzrddn7p29e@upi&pn=Verify%20Account&cu=INR&tn=blocked,6suzrddn7p29e@upi,1,3.547,0.308,13,0,0.0,1,1
upi://pay?pa=6576615880@idfcbank&pn=Om%20Traders&cu=INR&am=3058.27,6576615880@idfcbank,1,2.446,1.0,10,1,3058.27,0,0
upi://pay?pa=506570251@okhdfcbank&pn=Verify%20Account&cu=INR&tn=verify-now,506570251@okhdfcbank,1,2.419,1.0,9,0,0.0,1,1
upi://pay?pa=8760786161@hdfcbank&pn=City%20Cafe&cu=INR&am=4155.31,8760786161@hdfcbank,1,2.246,1.0,10,1,4155.31,0,0
upi://pay?pa=cisjpcjduce@okhdfcbank&pn=Prize%20Center&cu=INR&tn=blocked,cisjpcjduce@okhdfcbank,1,2.845,0.0,11,0,0.0,1,1
upi://pay?pa=merchant.4278@hdfcbank&pn=Sharma%20Kirana%20Store&cu=INR&am=1666.2,merchant.4278@hdfcbank,1,3.7,0.308,13,1,1666.2,0,0
upi://pay?pa=vendor.shop@ibl&pn=Om%20Traders&cu=INR,vendor.shop@ibl,1,3.278,0.0,11,0,0.0,0,0
upi://pay?pa=merchant.8797@ibl&pn=Green%20Grocers&cu=INR,merchant.8797@ibl,1,3.547,0.308,13,0,0.0,0,0
upi://pay?pa=merchant.8365@okaxis&pn=Priya%20Singh&cu=INR,merchant.8365@okaxis,1,3.7,0.308,13,0,0.0,0,0
upi://pay?pa=2307778936@okicici&pn=KYC%20Support&cu=INR&tn=urgent,2307778936@okicici,1,2.646,1.0,10,0,0.0,1,1
upi://pay?pa=paytrn803@kotak&pn=Cashback%20Desk&cu=INR&tn=blocked,paytrn803@kotak,1,3.17,0.333,9,0,0.0,1,1
upi://pay?pa=9807122420@idfcbank&pn=Sharma%20Kirana%20Store&cu=INR,9807122420@idfcbank,1,2.646,1.0,10,0,0.0,0,0
upi://pay?pa=8749239025@paytm&pn=Cashback%20Desk&cu=INR&tn=refund,8749239025@paytm,1,2.922,1.0,10,0,0.0,1,1
upi://pay?pa=merchant.1263@oksbi&pn=Green%20Grocers&cu=INR,merchant.1263@oksbi,1,3.7,0.308,13,0,0.0,0,0
upi://pay?pa=merchant.7344@okicici&pn=City%20Cafe&cu=INR,merchant.7344@okicici,1,3.547,0.308,13,0,0.0,0,0
upi://pay?pa=9925678450@okaxis&pn=Rahul%20Sharma&cu=INR,9925678450@okaxis,1,2.922,1.0,10,0,0.0,0,0
upi://pay?pa=lj5mv6b6rj09@jio&pn=KYC%20Support&cu=INR,lj5mv6b6rj09@jio,1,3.252,0.417,12,0,0.0,0,1
upi://pay?pa=7148229704@upi&pn=Priya%20Singh&cu=INR&am=2581.79,7148229704@upi,1,2.722,1.0,10,1,2581.79,0,0
upi://pay?pa=paytrn62@axl&pn=Prize%20Center&cu=INR&tn=kyc,paytrn62@axl,1,3.0,0.25,8,0,0.0,1,1
upi://pay?pa=1395745848@ibl&pn=Refund%20Team&cu=INR&tn=refund,1395745848@ibl,1,2.722,1.0,10,0,0.0,1,1
upi://pay?pa=phcnpe586@ibl&pn=Refund%20Team&cu=INR&tn=cashback,phcnpe586@ibl,1,2.948,0.333,9,0,0.0,1,1
upi://pay?pa=2601998853@okicici&pn=Cashback%20Desk&cu=INR&tn=lottery,2601998853@okicici,1,2.922,1.0,10,0,0.0,1,1
upi://pay?pa=goog1e-pay711@axl&pn=Cashback%20Desk&cu=INR&am=1.86&tn=reward,goog1e-pay711@axl,1,3.027,0.308,13,1,1.86,1,1
upi://pay?pa=7668153018@axl&pn=Sharma%20Kirana%20Store&cu=INR,7668153018@axl,1,2.722,1.0,10,0,0.0,0,0
upi://pay?pa=paytrn610@ibl&pn=Prize%20Center&cu=INR&tn=refund,paytrn610@ibl,1,3.17,0.333,9,0,0.0,1,1
upi://pay?pa=8162347268@apl&pn=Green%20Grocers&cu=INR,8162347268@apl,1,2.722,1.0,10,0,0.0,0,0
upi://pay?pa=7035804939@kotak&pn=Green%20Grocers&cu=INR,7035804939@kotak,1,2.722,1.0,10,0,0.0,0,0
upi://pay?pa=3661267396@ybl&pn=Refund%20Team&cu=INR&am=1.31&tn=reward,3661267396@ybl,1,2.322,1.0,10,1,1.31,1,1
upi://pay?pa=kohelh913sd0@paytm&pn=Prize%20Center&cu=INR&tn=winner,kohelh913sd0@paytm,1,3.418,0.333,12,0,0.0,1,1
upi://pay?pa=rahul.sharma@upi&pn=Om%20Traders&cu=INR,rahul.sharma@upi,1,2.855,0.0,12,0,0.0,0,0
upi://pay?pa=6447075554@okicici&pn=Auto%20Rickshaw%20Stand&cu=INR,6447075554@okicici,1,2.171,1.0,10,0,0.0,0,0
upi://pay?pa=paytrn479@ybl&pn=Refund%20Team&cu=INR&tn=verify-now,paytrn479@ybl,1,3.17,0.333,9,0,0.0,1,1
upi://pay?pa=1350932610@apl&pn=Cashback%20Desk&cu=INR&tn=verify-now,1350932610@apl,1,2.722,1.0,10,0,0.0,1,1
upi://pay?pa=sunita.devi@jio&pn=Auto%20Rickshaw%20Stand&cu=INR&am=1162.19,sunita.devi@jio,1,3.278,0.0,11,1,1162.19,0,0
upi://pay?pa=phcnpe492@idfcbank&pn=Cashback%20Desk&cu=INR&am=2.25&tn=lottery,phcnpe492@idfcbank,1,2.948,0.333,9,1,2.25,1,1
upi://pay?pa=l7u1p8otxou@apl&pn=Prize%20Center&cu=INR&tn=urgent,l7u1p8otxou@apl,1,3.096,0.273,11,0,0.0,1,1
upi://pay?pa=6940051898@axl&pn=Green%20Grocers&cu=INR,6940051898@axl,1,2.722,1.0,10,0,0.0,0,0
upi://pay?pa=merchant.8049@apl&pn=Om%20Traders&cu=INR&am=2475.08,merchant.8049@apl,1,3.7,0.308,13,1,2475.08,0,0
upi://pay?pa=merchant.5895@oksbi&pn=Priya%20Singh&cu=INR,merchant.5895@oksbi,1,3.547,0.308,13,0,0.0,0,0
upi://pay?pa=4428835326@ibl&pn=Cashback%20Desk&cu=INR&am=3.06,4428835326@ibl,1,2.522,1.0,10,1,3.06,0,1
upi://pay?pa=ysvuhiwzwt9@kotak&pn=Prize%20Center&cu=INR&am=1.36&tn=lottery,ysvuhiwzwt9@kotak,1,3.278,0.091,11,1,1.36,1,1
upi://pay?pa=rahul.sharma@okicici&pn=Priya%20Singh&cu=INR,rahul.sharma@okicici,1,2.855,0.0,12,0,0.0,0,0
upi://pay?pa=rahul.sharma@okhdfcbank&pn=City%20Cafe&cu=INR&am=2166.28,rahul.sharma@okhdfcbank,1,2.855,0.0,12,1,2166.28,0,0
upi://pay?pa=goog1e-pay864@upi&pn=Verify%20Account&cu=INR&am=4.87&tn=refund,goog1e-pay864@upi,1,3.393,0.308,13,1,4.87,1,1
upi://pay?pa=lwvf36zpi288h23@apl&pn=Verify%20Account&cu=INR&tn=lottery,lwvf36zpi288h23@apl,1,3.507,0.467,15,0,0.0,1,1
upi://pay?pa=merchant.3252@oksbi&pn=Green%20Grocers&cu=INR,merchant.3252@oksbi,1,3.547,0.308,13,0,0.0,0,0
upi://pay?pa=amit.kumar@oksbi&pn=Auto%20Rickshaw%20Stand&cu=INR,amit.kumar@oksbi,1,2.922,0.0,10,0,0.0,0,0
upi://pay?pa=rahul.sharma@axl&pn=Sharma%20Kirana%20Store&cu=INR,rahul.sharma@axl,1,2.855,0.0,12,0,0.0,0,0
upi://pay?pa=paytrn220@hdfcbank&pn=Prize%20Center&cu=INR&am=3.18&tn=urgent,paytrn220@hdfcbank,1,2.948,0.333,9,1,3.18,1,1
upi://pay?pa=cashback4@refund-upi&pn=Verify%20Account&cu=INR&tn=blocked,cashback4@refund-upi,0,2.725,0.111,9,0,0.0,1,1
upi://pay?pa=9505328793@okhdfcbank&pn=Auto%20Rickshaw%20Stand&cu=INR,9505328793@okhdfcbank,1,2.722,1.0,10,0,0.0,0,0
upi://pay?pa=paytrn105@ybl&pn=Cashback%20Desk&cu=INR&tn=cashback,paytrn105@ybl,1,3.17,0.333,9,0,0.0,1,1
upi://pay?pa=148571065@apl&pn=KYC%20Support&cu=INR&tn=blocked,148571065@apl,1,2.725,1.0,9,0,0.0,1,1
upi://pay?pa=merchant.8891@paytm&pn=City%20Cafe&cu=INR,merchant.8891@paytm,1,3.547,0.308,13,0,0.0,0,0
upi://pay?pa=8006712036@jio&pn=Auto%20Rickshaw%20Stand&cu=INR,8006712036@jio,1,2.646,1.0,10,0,0.0,0,0
upi://pay?pa=phcnpe714@okicici&pn=Refund%20Team&cu=INR&am=3.85&tn=kyc,phcnpe714@okicici,1,2.948,0.333,9,1,3.85,1,1
upi://pay?pa=amit.kumar@okaxis&pn=Rahul%20Sharma&cu=INR,amit.kumar@okaxis,1,2.922,0.0,10,0,0.0,0,0
upi://pay?pa=goog1e-pay963@upi&pn=Verify%20Account&cu=INR,goog1e-pay963@upi,1,3.393,0.308,13,0,0.0,0,1
upi://pay?pa=merchant.8937@apl&pn=Green%20Grocers&cu=INR&am=2359.7,merchant.8937@apl,1,3.7,0.308,13,1,2359.7,0,0
upi://pay?pa=d2fj5pijxqtc8s@ybl&pn=KYC%20Support&cu=INR&tn=winner,d2fj5pijxqtc8s@ybl,1,3.664,0.214,14,0,0.0,1,1
upi://pay?pa=kyc-team1@refund-upi&pn=Verify%20Account&cu=INR&tn=refund,kyc-team1@refund-upi,0,3.17,0.111,9,0,0.0,1,1
upi://pay?pa=goog1e-pay218@oksbi&pn=Refund%20Team&cu=INR&tn=winner,goog1e-pay218@oksbi,1,3.239,0.308,13,0,0.0,1,1
upi://pay?pa=xzy0uqc4wxe@okhdfcbank&pn=Verify%20Account&cu=INR&tn=urgent,xzy0uqc4wxe@okhdfcbank,1,3.278,0.182,11,0,0.0,1,1
upi://pay?pa=merchant.9077@okicici&pn=City%20Cafe&cu=INR,merchant.9077@okicici,1,3.547,0.308,13,0,0.0,0,0
upi://pay?pa=vendor.shop@upi&pn=City%20Cafe&cu=INR&am=1653.27,vendor.shop@upi,1,3.278,0.0,11,1,1653.27,0,0
upi://pay?pa=9688674550@okhdfcbank&pn=KYC%20Support&cu=INR&tn=urgent,9688674550@okhdfcbank,1,2.722,1.0,10,0,0.0,1,1
upi://pay?pa=vendor.shop@hdfcbank&pn=Auto%20Rickshaw%20Stand&cu=INR&am=2895.82,vendor.shop@hdfcbank,1,3.278,0.0,11,1,2895.82,0,0
upi://pay?pa=refund27@refund-upi&pn=Verify%20Account&cu=INR&am=4.48&tn=reward,refund27@refund-upi,0,3.0,0.25,8,1,4.48,1,1
upi://pay?pa=7792265280@upi&pn=Auto%20Rickshaw%20Stand&cu=INR,7792265280@upi,1,2.646,1.0,10,0,0.0,0,0
upi://pay?pa=6748546314@idfcbank&pn=Auto%20Rickshaw%20Stand&cu=INR,6748546314@idfcbank,1,2.646,1.0,10,0,0.0,0,0
upi://pay?pa=7765776327@ibl&pn=Om%20Traders&cu=INR&am=3304.41,7765776327@ibl,1,1.961,1.0,10,1,3304.41,0,0
upi://pay?pa=rahul.sharma@axl&pn=Sharma%20Kirana%20Store&cu=INR&am=2228.02,rahul.sharma@axl,1,2.855,0.0,12,1,2228.02,0,0
upi://pay?pa=merchant.3294@okhdfcbank&pn=Auto%20Rickshaw%20Stand&cu=INR&am=1560.46,merchant.3294@okhdfcbank,1,3.7,0.308,13,1,1560.46,0,0
upi://pay?pa=854967511@axl&pn=Refund%20Team&cu=INR&tn=verify-now,854967511@axl,1,2.725,1.0,9,0,0.0,1,1
upi://pay?pa=kyc-team26@kyc-update&pn=Cashback%20Desk&cu=INR&tn=suspend,kyc-team26@kyc-update,0,3.322,0.2,10,0,0.0,1,1
upi://pay?pa=9156589793@okaxis&pn=Priya%20Singh&cu=INR,9156589793@okaxis,1,2.646,1.0,10,0,0.0,0,0
upi://pay?pa=469917996@jio&pn=Refund%20Team&cu=INR&tn=refund,469917996@jio,1,2.059,1.0,9,0,0.0,1,1
upi://pay?pa=9515099362@okaxis&pn=Cashback%20Desk&cu=INR&am=2.6&tn=kyc,9515099362@okaxis,1,2.646,1.0,10,1,2.6,1,1
upi://pay?pa=9773543367@idfcbank&pn=Priya%20Singh&cu=INR,9773543367@idfcbank,1,2.371,1.0,10,0,0.0,0,0
upi://pay?pa=merchant.2812@kotak&pn=Rahul%20Sharma&cu=INR,merchant.2812@kotak,1,3.547,0.308,13,0,0.0,0,0
upi://pay?pa=support4@kyc-update&pn=Refund%20Team&cu=INR&am=3.36&tn=winner,support4@kyc-update,0,2.75,0.125,8,1,3.36,1,1
upi://pay?pa=paytrn402@hdfcbank&pn=Prize%20Center&cu=INR&tn=suspend,paytrn402@hdfcbank,1,3.17,0.333,9,0,0.0,1,1
upi://pay?pa=merchant.5515@ybl&pn=City%20Cafe&cu=INR&am=2857.89,merchant.5515@ybl,1,3.335,0.308,13,1,2857.89,0,0
upi://pay?pa=vendor.shop@hdfcbank&pn=Auto%20Rickshaw%20Stand&cu=INR,vendor.shop@hdfcbank,1,3.278,0.0,11,0,0.0,0,0
upi://pay?pa=refund23@kyc-update&pn=Verify%20Account&cu=INR&am=1.22&tn=reward,refund23@kyc-update,0,3.0,0.25,8,1,1.22,1,1
upi://pay?pa=support83@secure-pay&pn=Refund%20Team&cu=INR&tn=cashback,support83@secure-pay,0,2.948,0.222,9,0,0.0,1,1
upi://pay?pa=priya123@jio&pn=Priya%20Singh&cu=INR,priya123@jio,1,3.0,0.375,8,0,0.0,0,0
upi://pay?pa=7484491614@ibl&pn=Verify%20Account&cu=INR&tn=suspend,7484491614@ibl,1,2.322,1.0,10,0,0.0,1,1
upi://pay?pa=priya123@okaxis&pn=Rahul%20Sharma&cu=INR,priya123@okaxis,1,3.0,0.375,8,0,0.0,0,0
upi://pay?pa=rahul.sharma@okaxis&pn=Sharma%20Kirana%20Store&cu=INR,rahul.sharma@okaxis,1,2.855,0.0,12,0,0.0,0,0
upi://pay?pa=merchant.6054@okicici&pn=Om%20Traders&cu=INR,merchant.6054@okicici,1,3.7,0.308,13,0,0.0,0,0
upi://pay?pa=8907247090@paytm&pn=Verify%20Account&cu=INR&am=1.1&tn=lottery,8907247090@paytm,1,2.446,1.0,10,1,1.1,1,1
upi://pay?pa=z96sjmhj6c6ab5g@apl&pn=Verify%20Account&cu=INR&tn=kyc,z96sjmhj6c6ab5g@apl,1,3.457,0.333,15,0,0.0,1,1
upi://pay?pa=goog1e-pay659@okicici&pn=Prize%20Center&cu=INR&tn=lottery,goog1e-pay659@okicici,1,3.393,0.308,13,0,0.0,1,1
upi://pay?pa=merchant.9278@upi&pn=Rahul%20Sharma&cu=INR&am=3033.92,merchant.9278@upi,1,3.7,0.308,13,1,3033.92,0,0
upi://pay?pa=7948526738@ybl&pn=Sharma%20Kirana%20Store&cu=INR,7948526738@ybl,1,2.922,1.0,10,0,0.0,0,0
upi://pay?pa=paytrn650@okhdfcbank&pn=Cashback%20Desk&cu=INR,paytrn650@okhdfcbank,1,3.17,0.333,9,0,0.0,0,1
upi://pay?pa=cashback32@pay-verify&pn=Refund%20Team&cu=INR&tn=urgent,cashback32@pay-verify,0,2.922,0.2,10,0,0.0,1,1
upi://pay?pa=l40foc9kcx613@paytm&pn=Refund%20Team&cu=INR&am=2.38&tn=lottery,l40foc9kcx613@paytm,1,3.547,0.462,13,1,2.38,1,1
upi://pay?pa=sunita.devi@kotak&pn=Green%20Grocers&cu=INR,sunita.devi@kotak,1,3.278,0.0,11,0,0.0,0,0
upi://pay?pa=y69620zx79@upi&pn=Cashback%20Desk&cu=INR&tn=winner,y69620zx79@upi,1,2.922,0.7,10,0,0.0,1,1
upi://pay?pa=7993762863@axl&pn=Priya%20Singh&cu=INR&am=2151.97,7993762863@axl,1,2.522,1.0,10,1,2151.97,0,0
upi://pay?pa=8569406052@oksbi&pn=Auto%20Rickshaw%20Stand&cu=INR&am=1786.78,8569406052@oksbi,1,2.722,1.0,10,1,1786.78,0,0
upi://pay?pa=kyc-team18@xn--upi&pn=Verify%20Account&cu=INR&tn=lottery,kyc-team18@xn--upi,0,3.322,0.2,10,0,0.0,1,1
upi://pay?pa=8436293936@oksbi&pn=Green%20Grocers&cu=INR,8436293936@oksbi,1,2.446,1.0,10,0,0.0,0,0
upi://pay?pa=merchant.3003@oksbi&pn=Auto%20Rickshaw%20Stand&cu=INR&am=638.27,merchant.3003@oksbi,1,3.393,0.308,13,1,638.27,0,0
upi://pay?pa=merchant.7698@ybl&pn=Rahul%20Sharma&cu=INR,merchant.7698@ybl,1,3.7,0.308,13,0,0.0,0,0
upi://pay?pa=8m7amndi5tbdjg@okhdfcbank&pn=KYC%20Support&cu=INR&am=3.84&tn=blocked,8m7amndi5tbdjg@okhdfcbank,1,3.522,0.214,14,1,3.84,1,1
upi://pay?pa=7t1m3uhj7d4n@okhdfcbank&pn=Verify%20Account&cu=INR&am=2.81&tn=verify-now,7t1m3uhj7d4n@okhdfcbank,1,3.418,0.417,12,1,2.81,1,1
upi://pay?pa=vendor.shop@jio&pn=Priya%20Singh&cu=INR,vendor.shop@jio,1,3.278,0.0,11,0,0.0,0,0
upi://pay?pa=merchant.2706@oksbi&pn=Om%20Traders&cu=INR,merchant.2706@oksbi,1,3.7,0.308,13,0,0.0,0,0
upi://pay?pa=rahul.sharma@ibl&pn=Priya%20Singh&cu=INR,rahul.sharma@ibl,1,2.855,0.0,12,0,0.0,0,0
upi://pay?pa=vendor.shop@okicici&pn=Auto%20Rickshaw%20Stand&cu=INR&am=3186.99,vendor.shop@okicici,1,3.278,0.0,11,1,3186.99,0,0
upi://pay?pa=phcnpe975@ybl&pn=Refund%20Team&cu=INR&am=2.26,phcnpe975@ybl,1,2.948,0.333,9,1,2.26,0,1
upi://pay?pa=refund74@secure-pay&pn=KYC%20Support&cu=INR&tn=reward,refund74@secure-pay,0,3.0,0.25,8,0,0.0,1,1
upi://pay?pa=merchant.8956@paytm&pn=Priya%20Singh&cu=INR,merchant.8956@paytm,1,3.7,0.308,13,0,0.0,0,0
upi://pay?pa=7009359976@okhdfcbank&pn=Priya%20Singh&cu=INR&am=2580.99,7009359976@okhdfcbank,1,2.446,1.0,10,1,2580.99,0,0
upi://pay?pa=priya123@upi&pn=Sharma%20Kirana%20Store&cu=INR&am=607.02,priya123@upi,1,3.0,0.375,8,1,607.02,0,0
upi://pay?pa=vendor.shop@paytm&pn=Auto%20Rickshaw%20Stand&cu=INR,vendor.shop@paytm,1,3.278,0.0,11,0,0.0,0,0
upi://pay?pa=merchant.9470@okicici&pn=Green%20Grocers&cu=INR,merchant.9470@okicici,1,3.7,0.308,13,0,0.0,0,0
upi://pay?pa=sunita.devi@oksbi&pn=Rahul%20Sharma&cu=INR&am=1502.28,sunita.devi@oksbi,1,3.278,0.0,11,1,1502.28,0,0
upi://pay?pa=lussh1z97yt@jio&pn=Prize%20Center&cu=INR&tn=winner,lussh1z97yt@jio,1,3.278,0.273,11,0,0.0,1,1
upi://pay?pa=8376399126@axl&pn=Sharma%20Kirana%20Store&cu=INR&am=4832.14,8376399126@axl,1,2.722,1.0,10,1,4832.14,0,0
upi://pay?pa=9629288123@oksbi&pn=Rahul%20Sharma&cu=INR,9629288123@oksbi,1,2.446,1.0,10,0,0.0,0,0
upi://pay?pa=7878940263@hdfcbank&pn=Om%20Traders&cu=INR,7878940263@hdfcbank,1,2.922,1.0,10,0,0.0,0,0
upi://pay?pa=8100614636@kotak&pn=Auto%20Rickshaw%20Stand&cu=INR&am=2738.67,8100614636@kotak,1,2.446,1.0,10,1,2738.67,0,0
upi://pay?pa=8603481095@ybl&pn=Priya%20Singh&cu=INR,8603481095@ybl,1,2.922,1.0,10,0,0.0,0,0
upi://pay?pa=txece98j6zr@idfcbank&pn=Prize%20Center&cu=INR&tn=refund,txece98j6zr@idfcbank,1,3.278,0.273,11,0,0.0,1,1
upi://pay?pa=rahul.sharma@okicici&pn=Auto%20Rickshaw%20Stand&cu=INR,rahul.sharma@okicici,1,2.855,0.0,12,0,0.0,0,0
upi://pay?pa=support89@xn--upi&pn=KYC%20Support&cu=INR&am=4.68&tn=cashback,support89@xn--upi,0,2.948,0.222,9,1,4.68,1,1
upi://pay?pa=6311772068@apl&pn=Green%20Grocers&cu=INR&am=840.37,6311772068@apl,1,2.722,1.0,10,1,840.37,0,0
upi://pay?pa=6276651752@axl&pn=Refund%20Team&cu=INR&am=2.39,6276651752@axl,1,2.246,1.0,10,1,2.39,0,1
upi://pay?pa=priya123@apl&pn=Rahul%20Sharma&cu=INR,priya123@apl,1,3.0,0.375,8,0,0.0,0,0
upi://pay?pa=4974887893@okaxis&pn=Verify%20Account&cu=INR&am=3.92&tn=reward,4974887893@okaxis,1,2.246,1.0,10,1,3.92,1,1
upi://pay?pa=8618846537@hdfcbank&pn=Om%20Traders&cu=INR,8618846537@hdfcbank,1,2.646,1.0,10,0,0.0,0,0
upi://pay?pa=goog1e-pay607@kotak&pn=KYC%20Support&cu=INR&tn=winner,goog1e-pay607@kotak,1,3.393,0.308,13,0,0.0,1,1
upi://pay?pa=8592071203@jio&pn=City%20Cafe&cu=INR,8592071203@jio,1,2.922,1.0,10,0,0.0,0,0
upi://pay?pa=8749708434@okhdfcbank&pn=City%20Cafe&cu=INR,8749708434@okhdfcbank,1,2.446,1.0,10,0,0.0,0,0
upi://pay?pa=4295690864@axl&pn=Refund%20Team&cu=INR&am=4.69&tn=urgent,4295690864@axl,1,2.722,1.0,10,1,4.69,1,1
upi://pay?pa=7339006857@ibl&pn=Priya%20Singh&cu=INR&am=2619.49,7339006857@ibl,1,2.722,1.0,10,1,2619.49,0,0
upi://pay?pa=vendor.shop@axl&pn=Rahul%20Sharma&cu=INR,vendor.shop@axl,1,3.278,0.0,11,0,0.0,0,0
upi://pay?pa=priya123@axl&pn=City%20Cafe&cu=INR,priya123@axl,1,3.0,0.375,8,0,0.0,0,0
upi://pay?pa=3130636862@idfcbank&pn=Prize%20Center&cu=INR&am=1.46&tn=blocked,3130636862@idfcbank,1,2.371,1.0,10,1,1.46,1,1
upi://pay?pa=880401576@ibl&pn=Prize%20Center&cu=INR&tn=verify-now,880401576@ibl,1,2.725,1.0,9,0,0.0,1,1
upi://pay?pa=ccazxpngmzyzc0@ibl&pn=Verify%20Account&cu=INR&am=2.24&tn=blocked,ccazxpngmzyzc0@ibl,1,3.128,0.071,14,1,2.24,1,1
upi://pay?pa=6unuwixuy3@axl&pn=Prize%20Center&cu=INR&tn=verify-now,6unuwixuy3@axl,1,2.846,0.2,10,0,0.0,1,1
upi://pay?pa=goog1e-pay421@okicici&pn=KYC%20Support&cu=INR&tn=kyc,goog1e-pay421@okicici,1,3.239,0.308,13,0,0.0,1,1
upi://pay?pa=50qyrzlz72@ybl&pn=Verify%20Account&cu=INR&am=1.38&tn=urgent,50qyrzlz72@ybl,1,3.122,0.4,10,1,1.38,1,1
upi://pay?pa=merchant.5459@oksbi&pn=City%20Cafe&cu=INR,merchant.5459@oksbi,1,3.547,0.308,13,0,0.0,0,0
upi://pay?pa=9840964769@kotak&pn=Green%20Grocers&cu=INR,9840964769@kotak,1,2.446,1.0,10,0,0.0,0,0
upi://pay?pa=8883192498@okhdfcbank&pn=Rahul%20Sharma&cu=INR,8883192498@okhdfcbank,1,2.322,1.0,10,0,0.0,0,0
upi://pay?pa=phcnpe913@apl&pn=KYC%20Support&cu=INR,phcnpe913@apl,1,2.948,0.333,9,0,0.0,0,1
upi://pay?pa=vendor.shop@kotak&pn=Om%20Traders&cu=INR,vendor.shop@kotak,1,3.278,0.0,11,0,0.0,0,0
upi://pay?pa=4c9vxk2fib7akks@paytm&pn=Verify%20Account&cu=INR&am=2.2&tn=urgent,4c9vxk2fib7akks@paytm,1,3.59,0.267,15,1,2.2,1,1
upi://pay?pa=priya123@kotak&pn=Green%20Grocers&cu=INR,priya123@kotak,1,3.0,0.375,8,0,0.0,0,0
upi://pay?pa=1359982852@axl&pn=KYC%20Support&cu=INR&tn=reward,1359982852@axl,1,2.522,1.0,10,0,0.0,1,1
upi://pay?pa=9476930582@apl&pn=Cashback%20Desk&cu=INR&am=3.94&tn=verify-now,9476930582@apl,1,3.122,1.0,10,1,3.94,1,1
upi://pay?pa=435166734@idfcbank&pn=Prize%20Center&cu=INR&tn=refund,435166734@idfcbank,1,2.503,1.0,9,0,0.0,1,1
upi://pay?pa=9640rgzxri7@apl&pn=Refund%20Team&cu=INR&am=1.93&tn=reward,9640rgzxri7@apl,1,3.278,0.455,11,1,1.93,1,1
upi://pay?pa=support46@xn--upi&pn=Prize%20Center&cu=INR&tn=suspend,support46@xn--upi,0,2.948,0.222,9,0,0.0,1,1
upi://pay?pa=merchant.628@okaxis&pn=Auto%20Rickshaw%20Stand&cu=INR,merchant.628@okaxis,1,3.585,0.25,12,0,0.0,0,0
upi://pay?pa=sunita.devi@okhdfcbank&pn=Rahul%20Sharma&cu=INR,sunita.devi@okhdfcbank,1,3.278,0.0,11,0,0.0,0,0
upi://pay?pa=priya123@paytm&pn=Auto%20Rickshaw%20Stand&cu=INR,priya123@paytm,1,3.0,0.375,8,0,0.0,0,0
upi://pay?pa=6858932011@okicici&pn=Sharma%20Kirana%20Store&cu=INR,6858932011@okicici,1,2.922,1.0,10,0,0.0,0,0
upi://pay?pa=cashback35@refund-upi&pn=Cashback%20Desk&cu=INR&tn=verify-now,cashback35@refund-upi,0,2.922,0.2,10,0,0.0,1,1
upi://pay?pa=merchant.9287@kotak&pn=City%20Cafe&cu=INR&am=4769.35,merchant.9287@kotak,1,3.7,0.308,13,1,4769.35,0,0
upi://pay?pa=9384822653@axl&pn=Auto%20Rickshaw%20Stand&cu=INR&am=1870.98,9384822653@axl,1,2.722,1.0,10,1,1870.98,0,0
upi://pay?pa=7607608764@apl&pn=Green%20Grocers&cu=INR,7607608764@apl,1,2.171,1.0,10,0,0.0,0,0
upi://pay?pa=8738362362@idfcbank&pn=City%20Cafe&cu=INR&am=1070.07,8738362362@idfcbank,1,2.246,1.0,10,1,1070.07,0,0
upi://pay?pa=paytrn786@idfcbank&pn=Refund%20Team&cu=INR&tn=suspend,paytrn786@idfcbank,1,3.17,0.333,9,0,0.0,1,1
upi://pay?pa=543bb9h5c7rsmf@paytm&pn=Cashback%20Desk&cu=INR&tn=urgent,543bb9h5c7rsmf@paytm,1,3.522,0.429,14,0,0.0,1,1
upi://pay?pa=merchant.5859@axl&pn=Om%20Traders&cu=INR,merchant.5859@axl,1,3.547,0.308,13,0,0.0,0,0
upi://pay?pa=8069520666@hdfcbank&pn=Priya%20Singh&cu=INR,8069520666@hdfcbank,1,2.322,1.0,10,0,0.0,0,0
upi://pay?pa=merchant.6783@okicici&pn=Sharma%20Kirana%20Store&cu=INR,merchant.6783@okicici,1,3.7,0.308,13,0,0.0,0,0
upi://pay?pa=vendor.shop@upi&pn=Green%20Grocers&cu=INR,vendor.shop@upi,1,3.278,0.0,11,0,0.0,0,0
upi://pay?pa=paytrn721@idfcbank&pn=Refund%20Team&cu=INR&am=2.53&tn=kyc,paytrn721@idfcbank,1,3.17,0.333,9,1,2.53,1,1
upi://pay?pa=refund59@refund-upi&pn=KYC%20Support&cu=INR&tn=blocked,refund59@refund-upi,0,3.0,0.25,8,0,0.0,1,1
upi://pay?pa=8845601902@jio&pn=Green%20Grocers&cu=INR&am=4541.14,8845601902@jio,1,2.922,1.0,10,1,4541.14,0,0
upi://pay?pa=paytrn136@kotak&pn=Cashback%20Desk&cu=INR&tn=suspend,paytrn136@kotak,1,3.17,0.333,9,0,0.0,1,1
upi://pay?pa=9088485099@jio&pn=Green%20Grocers&cu=INR,9088485099@jio,1,2.171,1.0,10,0,0.0,0,0
upi://pay?pa=merchant.847@hdfcbank&pn=Auto%20Rickshaw%20Stand&cu=INR,merchant.847@hdfcbank,1,3.585,0.25,12,0,0.0,0,0
upi://pay?pa=merchant.1346@ibl&pn=Auto%20Rickshaw%20Stand&cu=INR,merchant.1346@ibl,1,3.7,0.308,13,0,0.0,0,0
upi://pay?pa=merchant.8301@ybl&pn=Priya%20Singh&cu=INR,merchant.8301@ybl,1,3.7,0.308,13,0,0.0,0,0
upi://pay?pa=ikgo40q9gi7611@ibl&pn=KYC%20Support&cu=INR&tn=winner,ikgo40q9gi7611@ibl,1,3.379,0.5,14,0,0.0,1,1
upi://pay?pa=merchant.7817@okhdfcbank&pn=Priya%20Singh&cu=INR&am=383.5,merchant.7817@okhdfcbank,1,3.547,0.308,13,1,383.5,0,0
upi://pay?pa=6206066199@ibl&pn=Priya%20Singh&cu=INR&am=1158.33,6206066199@ibl,1,2.122,1.0,10,1,1158.33,0,0
upi://pay?pa=goog1e-pay390@oksbi&pn=Refund%20Team&cu=INR&am=1.6&tn=urgent,goog1e-pay390@oksbi,1,3.393,0.308,13,1,1.6,1,1
upi://pay?pa=goog1e-pay497@kotak&pn=Verify%20Account&cu=INR&tn=suspend,goog1e-pay497@kotak,1,3.393,0.308,13,0,0.0,1,1
upi://pay?pa=goog1e-pay928@hdfcbank&pn=KYC%20Support&cu=INR&tn=urgent,goog1e-pay928@hdfcbank,1,3.393,0.308,13,0,0.0,1,1
upi://pay?pa=vendor.shop@ibl&pn=Om%20Traders&cu=INR&am=2170.6,vendor.shop@ibl,1,3.278,0.0,11,1,2170.6,0,0
upi://pay?pa=merchant.6772@okhdfcbank&pn=City%20Cafe&cu=INR&am=869.59,merchant.6772@okhdfcbank,1,3.547,0.308,13,1,869.59,0,0
upi://pay?pa=rahul.sharma@hdfcbank&pn=Auto%20Rickshaw%20Stand&cu=INR&am=555.16,rahul.sharma@hdfcbank,1,2.855,0.0,12,1,555.16,0,0
upi://pay?pa=merchant.3194@okhdfcbank&pn=Priya%20Singh&cu=INR,merchant.3194@okhdfcbank,1,3.7,0.308,13,0,0.0,0,0
upi://pay?pa=sunita.devi@jio&pn=Rahul%20Sharma&cu=INR,sunita.devi@jio,1,3.278,0.0,11,0,0.0,0,0
upi://pay?pa=2768994494@jio&pn=Verify%20Account&cu=INR&tn=winner,2768994494@jio,1,2.371,1.0,10,0,0.0,1,1
upi://pay?pa=merchant.3077@axl&pn=Auto%20Rickshaw%20Stand&cu=INR&am=2667.82,merchant.3077@axl,1,3.547,0.308,13,1,2667.82,0,0
upi://pay?pa=merchant.5138@jio&pn=Om%20Traders&cu=INR,merchant.5138@jio,1,3.7,0.308,13,0,0.0,0,0
upi://pay?pa=7129374882@okicici&pn=KYC%20Support&cu=INR&am=1.51&tn=refund,7129374882@okicici,1,2.722,1.0,10,1,1.51,1,1
upi://pay?pa=sunita.devi@upi&pn=Om%20Traders&cu=INR&am=3294.76,sunita.devi@upi,1,3.278,0.0,11,1,3294.76,0,0
upi://pay?pa=merchant.4070@okicici&pn=Om%20Traders&cu=INR,merchant.4070@okicici,1,3.547,0.308,13,0,0.0,0,0
upi://pay?pa=phcnpe625@okhdfcbank&pn=Prize%20Center&cu=INR&tn=refund,phcnpe625@okhdfcbank,1,2.948,0.333,9,0,0.0,1,1
upi://pay?pa=rahul.sharma@ybl&pn=Green%20Grocers&cu=INR&am=1635.28,rahul.sharma@ybl,1,2.855,0.0,12,1,1635.28,0,0
upi://pay?pa=amit.kumar@oksbi&pn=Priya%20Singh&cu=INR,amit.kumar@oksbi,1,2.922,0.0,10,0,0.0,0,0
upi://pay?pa=vendor.shop@ibl&pn=Sharma%20Kirana%20Store&cu=INR,vendor.shop@ibl,1,3.278,0.0,11,0,0.0,0,0
upi://pay?pa=c3oko3vpk2u4avp@ibl&pn=Verify%20Account&cu=INR&tn=winner,c3oko3vpk2u4avp@ibl,1,3.24,0.267,15,0,0.0,1,1
upi://pay?pa=6351197575@upi&pn=Priya%20Singh&cu=INR,6351197575@upi,1,2.446,1.0,10,0,0.0,0,0
upi://pay?pa=phcnpe763@okaxis&pn=Refund%20Team&cu=INR&am=3.05&tn=urgent,phcnpe763@okaxis,1,2.948,0.333,9,1,3.05,1,1
upi://pay?pa=lb8tnjxcmlzti89@upi&pn=Verify%20Account&cu=INR&am=4.08&tn=reward,lb8tnjxcmlzti89@upi,1,3.507,0.2,15,1,4.08,1,1
upi://pay?pa=rahul.sharma@upi&pn=Green%20Grocers&cu=INR&am=2233.26,rahul.sharma@upi,1,2.855,0.0,12,1,2233.26,0,0
upi://pay?pa=cashback59@secure-pay&pn=Verify%20Account&cu=INR&tn=kyc,cashback59@secure-pay,0,2.922,0.2,10,0,0.0,1,1
upi://pay?pa=7800224026@okicici&pn=Om%20Traders&cu=INR,7800224026@okicici,1,2.371,1.0,10,0,0.0,0,0
upi://pay?pa=kyc-team19@refund-upi&pn=Verify%20Account&cu=INR&am=2.12&tn=cashback,kyc-team19@refund-upi,0,3.322,0.2,10,1,2.12,1,1
upi://pay?pa=merchant.6719@idfcbank&pn=City%20Cafe&cu=INR,merchant.6719@idfcbank,1,3.7,0.308,13,0,0.0,0,0
upi://pay?pa=goog1e-pay169@paytm&pn=Verify%20Account&cu=INR&tn=reward,goog1e-pay169@paytm,1,3.239,0.308,13,0,0.0,1,1
upi://pay?pa=sunita.devi@apl&pn=Auto%20Rickshaw%20Stand&cu=INR,sunita.devi@apl,1,3.278,0.0,11,0,0.0,0,0
upi://pay?pa=phcnpe987@axl&pn=KYC%20Support&cu=INR&tn=refund,phcnpe987@axl,1,2.948,0.333,9,0,0.0,1,1
upi://pay?pa=merchant.4701@oksbi&pn=Rahul%20Sharma&cu=INR,merchant.4701@oksbi,1,3.7,0.308,13,0,0.0,0,0
upi://pay?pa=vendor.shop@jio&pn=Sharma%20Kirana%20Store&cu=INR&am=4210.54,vendor.shop@jio,1,3.278,0.0,11,1,4210.54,0,0
upi://pay?pa=p01vwteh6y5f8n@apl&pn=Verify%20Account&cu=INR&tn=verify-now,p01vwteh6y5f8n@apl,1,3.807,0.357,14,0,0.0,1,1
upi://pay?pa=phcnpe630@axl&pn=Prize%20Center&cu=INR&am=2.19&tn=verify-now,phcnpe630@axl,1,2.948,0.333,9,1,2.19,1,1
upi://pay?pa=merchant.4712@oksbi&pn=Priya%20Singh&cu=INR,merchant.4712@oksbi,1,3.7,0.308,13,0,0.0,0,0
upi://pay?pa=6lzkwe9cztar@apl&pn=KYC%20Support&cu=INR&tn=kyc,6lzkwe9cztar@apl,1,3.418,0.167,12,0,0.0,1,1
upi://pay?pa=7124798551@ybl&pn=Om%20Traders&cu=INR&am=286.37,7124798551@ybl,1,2.722,1.0,10,1,286.37,0,0
upi://pay?pa=merchant.7992@oksbi&pn=Sharma%20Kirana%20Store&cu=INR,merchant.7992@oksbi,1,3.547,0.308,13,0,0.0,0,0
upi://pay?pa=amit.kumar@paytm&pn=Auto%20Rickshaw%20Stand&cu=INR,amit.kumar@paytm,1,2.922,0.0,10,0,0.0,0,0
upi://pay?pa=merchant.8083@hdfcbank&pn=Priya%20Singh&cu=INR&am=1469.71,merchant.8083@hdfcbank,1,3.547,0.308,13,1,1469.71,0,0
upi://pay?pa=refund12@secure-pay&pn=Prize%20Center&cu=INR&tn=reward,refund12@secure-pay,0,3.0,0.25,8,0,0.0,1,1
upi://pay?pa=lu8a3pwjt7d0ac@idfcbank&pn=Cashback%20Desk&cu=INR&tn=winner,lu8a3pwjt7d0ac@idfcbank,1,3.664,0.286,14,0,0.0,1,1
upi://pay?pa=wf6pzifs4s5qt@jio&pn=Prize%20Center&cu=INR&am=1.43&tn=cashback,wf6pzifs4s5qt@jio,1,3.393,0.231,13,1,1.43,1,1
upi://pay?pa=8bw69zmq9p7eqf@ybl&pn=KYC%20Support&cu=INR&tn=kyc,8bw69zmq9p7eqf@ybl,1,3.522,0.357,14,0,0.0,1,1
upi://pay?pa=6492856415@okhdfcbank&pn=Cashback%20Desk&cu=INR&tn=kyc,6492856415@okhdfcbank,1,2.722,1.0,10,0,0.0,1,1
upi://pay?pa=ct498grupbo@apl&pn=Verify%20Account&cu=INR&am=4.18&tn=urgent,ct498grupbo@apl,1,3.459,0.273,11,1,4.18,1,1
upi://pay?pa=k1vpangw3p@okaxis&pn=Cashback%20Desk&cu=INR&am=2.03&tn=suspend,k1vpangw3p@okaxis,1,3.122,0.2,10,1,2.03,1,1
upi://pay?pa=rahul.sharma@jio&pn=Sharma%20Kirana%20Store&cu=INR,rahul.sharma@jio,1,2.855,0.0,12,0,0.0,0,0
upi://pay?pa=8001563185@axl&pn=Prize%20Center&cu=INR&tn=verify-now,8001563185@axl,1,2.522,1.0,10,0,0.0,1,1
upi://pay?pa=priya123@okicici&pn=Rahul%20Sharma&cu=INR,priya123@okicici,1,3.0,0.375,8,0,0.0,0,0
upi://pay?pa=phcnpe422@okicici&pn=Verify%20Account&cu=INR&tn=lottery,phcnpe422@okicici,1,2.725,0.333,9,0,0.0,1,1
upi://pay?pa=cashback42@refund-upi&pn=Verify%20Account&cu=INR&tn=verify-now,cashback42@refund-upi,0,2.922,0.2,10,0,0.0,1,1
upi://pay?pa=rahul.sharma@axl&pn=Sharma%20Kirana%20Store&cu=INR,rahul.sharma@axl,1,2.855,0.0,12,0,0.0,0,0
upi://pay?pa=amit.kumar@axl&pn=Green%20Grocers&cu=INR,amit.kumar@axl,1,2.922,0.0,10,0,0.0,0,0
upi://pay?pa=goog1e-pay303@okaxis&pn=KYC%20Support&cu=INR&tn=blocked,goog1e-pay303@okaxis,1,3.239,0.308,13,0,0.0,1,1
upi://pay?pa=goog1e-pay868@paytm&pn=KYC%20Support&cu=INR&tn=winner,goog1e-pay868@paytm,1,3.239,0.308,13,0,0.0,1,1
upi://pay?pa=merchant.9654@okicici&pn=Om%20Traders&cu=INR&am=472.89,merchant.9654@okicici,1,3.7,0.308,13,1,472.89,0,0
upi://pay?pa=o76o8qhe4qgfulz@kotak&pn=Cashback%20Desk&cu=INR&tn=blocked,o76o8qhe4qgfulz@kotak,1,3.64,0.267,15,0,0.0,1,1
upi://pay?pa=rahul.sharma@oksbi&pn=Om%20Traders&cu=INR,rahul.sharma@oksbi,1,2.855,0.0,12,0,0.0,0,0
upi://pay?pa=6969549862@ibl&pn=City%20Cafe&cu=INR,6969549862@ibl,1,2.371,1.0,10,0,0.0,0,0
upi://pay?pa=6733105340@upi&pn=Priya%20Singh&cu=INR,6733105340@upi,1,2.646,1.0,10,0,0.0,0,0
upi://pay?pa=9944676828@okaxis&pn=Rahul%20Sharma&cu=INR,9944676828@okaxis,1,2.522,1.0,10,0,0.0,0,0
upi://pay?pa=8337593079@apl&pn=Refund%20Team&cu=INR&tn=kyc,8337593079@apl,1,2.446,1.0,10,0,0.0,1,1
upi://pay?pa=goog1e-pay361@hdfcbank&pn=Prize%20Center&cu=INR&am=2.04&tn=blocked,goog1e-pay361@hdfcbank,1,3.239,0.308,13,1,2.04,1,1
upi://pay?pa=7128955415@okicici&pn=Om%20Traders&cu=INR,7128955415@okicici,1,2.646,1.0,10,0,0.0,0,0
upi://pay?pa=2gs4ye45te3p@axl&pn=KYC%20Support&cu=INR&tn=winner,2gs4ye45te3p@axl,1,3.252,0.417,12,0,0.0,1,1
upi://pay?pa=79uda97zil@oksbi&pn=Prize%20Center&cu=INR&am=4.5&tn=kyc,79uda97zil@oksbi,1,2.922,0.4,10,1,4.5,1,1
upi://pay?pa=merchant.4382@ibl&pn=Priya%20Singh&cu=INR,merchant.4382@ibl,1,3.7,0.308,13,0,0.0,0,0
upi://pay?pa=goog1e-pay495@kotak&pn=Verify%20Account&cu=INR&tn=cashback,goog1e-pay495@kotak,1,3.393,0.308,13,0,0.0,1,1
upi://pay?pa=4498167166@idfcbank&pn=Cashback%20Desk&cu=INR&tn=refund,4498167166@idfcbank,1,2.446,1.0,10,0,0.0,1,1
upi://pay?pa=8715450490@upi&pn=Om%20Traders&cu=INR,8715450490@upi,1,2.722,1.0,10,0,0.0,0,0
upi://pay?pa=7644347110@ibl&pn=Green%20Grocers&cu=INR,7644347110@ibl,1,2.446,1.0,10,0,0.0,0,0
upi://pay?pa=phcnpe965@hdfcbank&pn=Prize%20Center&cu=INR&tn=lottery,phcnpe965@hdfcbank,1,2.948,0.333,9,0,0.0,1,1
upi://pay?pa=goog1e-pay112@okhdfcbank&pn=Refund%20Team&cu=INR&am=4.74&tn=verify-now,goog1e-pay112@okhdfcbank,1,3.027,0.308,13,1,4.74,1,1
upi://pay?pa=support49@kyc-update&pn=KYC%20Support&cu=INR&am=1.48&tn=reward,support49@kyc-update,0,2.948,0.222,9,1,1.48,1,1
upi://pay?pa=9442058095@okhdfcbank&pn=Om%20Traders&cu=INR&am=3344.54,9442058095@okhdfcbank,1,2.522,1.0,10,1,3344.54,0,0
upi://pay?pa=merchant.3249@okaxis&pn=Priya%20Singh&cu=INR,merchant.3249@okaxis,1,3.7,0.308,13,0,0.0,0,0
upi://pay?pa=merchant.8485@jio&pn=Priya%20Singh&cu=INR,merchant.8485@jio,1,3.547,0.308,13,0,0.0,0,0
upi://pay?pa=vendor.shop@oksbi&pn=Rahul%20Sharma&cu=INR,vendor.shop@oksbi,1,3.278,0.0,11,0,0.0,0,0
upi://pay?pa=phcnpe657@apl&pn=Refund%20Team&cu=INR&tn=cashback,phcnpe657@apl,1,2.948,0.333,9,0,0.0,1,1
upi://pay?pa=merchant.2764@okicici&pn=Om%20Traders&cu=INR,merchant.2764@okicici,1,3.7,0.308,13,0,0.0,0,0
upi://pay?pa=priya123@upi&pn=Rahul%20Sharma&cu=INR,priya123@upi,1,3.0,0.375,8,0,0.0,0,0
upi://pay?pa=amit.kumar@okaxis&pn=Sharma%20Kirana%20Store&cu=INR&am=1333.36,amit.kumar@okaxis,1,2.922,0.0,10,1,1333.36,0,0
upi://pay?pa=merchant.8935@hdfcbank&pn=City%20Cafe&cu=INR,merchant.8935@hdfcbank,1,3.7,0.308,13,0,0.0,0,0
upi://pay?pa=phcnpe818@ibl&pn=Refund%20Team&cu=INR&am=3.72&tn=kyc,phcnpe818@ibl,1,2.725,0.333,9,1,3.72,1,1
upi://pay?pa=phcnpe529@upi&pn=Cashback%20Desk&cu=INR&tn=cashback,phcnpe529@upi,1,2.948,0.333,9,0,0.0,1,1
upi://pay?pa=refund96@secure-pay&pn=KYC%20Support&cu=INR&tn=reward,refund96@secure-pay,0,3.0,0.25,8,0,0.0,1,1
upi://pay?pa=vendor.shop@okaxis&pn=Auto%20Rickshaw%20Stand&cu=INR&am=590.08,vendor.shop@okaxis,1,3.278,0.0,11,1,590.08,0,0
upi://pay?pa=6097702405@paytm&pn=Auto%20Rickshaw%20Stand&cu=INR&am=1060.87,6097702405@paytm,1,2.646,1.0,10,1,1060.87,0,0
upi://pay?pa=cashback45@pay-verify&pn=Verify%20Account&cu=INR&tn=urgent,cashback45@pay-verify,0,2.922,0.2,10,0,0.0,1,1
upi://pay?pa=priya123@paytm&pn=Priya%20Singh&cu=INR,priya123@paytm,1,3.0,0.375,8,0,0.0,0,0
upi://pay?pa=153536204@upi&pn=KYC%20Support&cu=INR&tn=urgent,153536204@upi,1,2.725,1.0,9,0,0.0,1,1
upi://pay?pa=merchant.4106@axl&pn=Sharma%20Kirana%20Store&cu=INR&am=3820.15,merchant.4106@axl,1,3.7,0.308,13,1,3820.15,0,0
upi://pay?pa=amit.kumar@apl&pn=Sharma%20Kirana%20Store&cu=INR&am=2501.47,amit.kumar@apl,1,2.922,0.0,10,1,2501.47,0,0
upi://pay?pa=xmmnr1v1zn5h5@ybl&pn=Verify%20Account&cu=INR&tn=reward,xmmnr1v1zn5h5@ybl,1,3.085,0.308,13,0,0.0,1,1
upi://pay?pa=5da5h3z4lb0fmitw@axl&pn=KYC%20Support&cu=INR&tn=urgent,5da5h3z4lb0fmitw@axl,1,3.875,0.312,16,0,0.0,1,1
upi://pay?pa=goog1e-pay942@idfcbank&pn=Verify%20Account&cu=INR&am=2.3&tn=reward,goog1e-pay942@idfcbank,1,3.393,0.308,13,1,2.3,1,1
upi://pay?pa=merchant.978@jio&pn=City%20Cafe&cu=INR&am=763.0,merchant.978@jio,1,3.585,0.25,12,1,763.0,0,0
upi://pay?pa=2329892932@hdfcbank&pn=Refund%20Team&cu=INR&tn=refund,2329892932@hdfcbank,1,1.846,1.0,10,0,0.0,1,1
upi://pay?pa=merchant.8896@kotak&pn=Green%20Grocers&cu=INR,merchant.8896@kotak,1,3.547,0.308,13,0,0.0,0,0
upi://pay?pa=8483646110@kotak&pn=KYC%20Support&cu=INR&tn=kyc,8483646110@kotak,1,2.522,1.0,10,0,0.0,1,1
upi://pay?pa=paytrn63@hdfcbank&pn=Verify%20Account&cu=INR&tn=verify-now,paytrn63@hdfcbank,1,3.0,0.25,8,0,0.0,1,1
upi://pay?pa=amit.kumar@oksbi&pn=Green%20Grocers&cu=INR&am=1045.19,amit.kumar@oksbi,1,2.922,0.0,10,1,1045.19,0,0
upi://pay?pa=merchant.6300@okhdfcbank&pn=Green%20Grocers&cu=INR,merchant.6300@okhdfcbank,1,3.547,0.308,13,0,0.0,0,0
upi://pay?pa=ydybv33yw1v49t@oksbi&pn=KYC%20Support&cu=INR&tn=winner,ydybv33yw1v49t@oksbi,1,3.182,0.357,14,0,0.0,1,1
upi://pay?pa=paytrn789@ybl&pn=Cashback%20Desk&cu=INR&tn=kyc,paytrn789@ybl,1,3.17,0.333,9,0,0.0,1,1
upi://pay?pa=7149234069@ibl&pn=Verify%20Account&cu=INR&tn=reward,7149234069@ibl,1,2.922,1.0,10,0,0.0,1,1
upi://pay?pa=merchant.7121@paytm&pn=Priya%20Singh&cu=INR,merchant.7121@paytm,1,3.547,0.308,13,0,0.0,0,0
upi://pay?pa=phcnpe136@okaxis&pn=Verify%20Account&cu=INR&tn=kyc,phcnpe136@okaxis,1,2.948,0.333,9,0,0.0,1,1
upi://pay?pa=refund1@secure-pay&pn=Prize%20Center&cu=INR&am=1.67&tn=refund,refund1@secure-pay,0,2.807,0.143,7,1,1.67,1,1
upi://pay?pa=merchant.6683@ibl&pn=Green%20Grocers&cu=INR,merchant.6683@ibl,1,3.547,0.308,13,0,0.0,0,0
upi://pay?pa=merchant.4155@hdfcbank&pn=Auto%20Rickshaw%20Stand&cu=INR,merchant.4155@hdfcbank,1,3.547,0.308,13,0,0.0,0,0
upi://pay?pa=kgg5pkxundm@okhdfcbank&pn=KYC%20Support&cu=INR&am=3.85&tn=verify-now,kgg5pkxundm@okhdfcbank,1,3.096,0.091,11,1,3.85,1,1
upi://pay?pa=vendor.shop@idfcbank&pn=Om%20Traders&cu=INR,vendor.shop@idfcbank,1,3.278,0.0,11,0,0.0,0,0
upi://pay?pa=5ocy1vl6c3vl@jio&pn=Verify%20Account&cu=INR&am=4.16&tn=winner,5ocy1vl6c3vl@jio,1,3.085,0.333,12,1,4.16,1,1
upi://pay?pa=support32@refund-upi&pn=Refund%20Team&cu=INR&tn=cashback,support32@refund-upi,0,2.948,0.222,9,0,0.0,1,1
upi://pay?pa=merchant.8719@axl&pn=Sharma%20Kirana%20Store&cu=INR,merchant.8719@axl,1,3.7,0.308,13,0,0.0,0,0
upi://pay?pa=kyc-team61@pay-verify&pn=Cashback%20Desk&cu=INR&tn=urgent,kyc-team61@pay-verify,0,3.322,0.2,10,0,0.0,1,1
upi://pay?pa=2576196702@axl&pn=Prize%20Center&cu=INR&am=4.82&tn=lottery,2576196702@axl,1,2.722,1.0,10,1,4.82,1,1
upi://pay?pa=8876090795@okaxis&pn=Rahul%20Sharma&cu=INR&am=3491.68,8876090795@okaxis,1,2.522,1.0,10,1,3491.68,0,0
upi://pay?pa=support7@refund-upi&pn=KYC%20Support&cu=INR&tn=reward,support7@refund-upi,0,2.75,0.125,8,0,0.0,1,1
upi://pay?pa=merchant.3634@hdfcbank&pn=Om%20Traders&cu=INR,merchant.3634@hdfcbank,1,3.547,0.308,13,0,0.0,0,0
upi://pay?pa=9026567207@okhdfcbank&pn=Green%20Grocers&cu=INR&am=4458.55,9026567207@okhdfcbank,1,2.522,1.0,10,1,4458.55,0,0
upi://pay?pa=9471189200@upi&pn=Green%20Grocers&cu=INR,9471189200@upi,1,2.722,1.0,10,0,0.0,0,0
upi://pay?pa=amit.kumar@okaxis&pn=City%20Cafe&cu=INR&am=3950.16,amit.kumar@okaxis,1,2.922,0.0,10,1,3950.16,0,0
upi://pay?pa=7285098225@okhdfcbank&pn=Cashback%20Desk&cu=INR&tn=verify-now,7285098225@okhdfcbank,1,2.446,1.0,10,0,0.0,1,1
upi://pay?pa=priya123@paytm&pn=Sharma%20Kirana%20Store&cu=INR&am=3909.42,priya123@paytm,1,3.0,0.375,8,1,3909.42,0,0
upi://pay?pa=amit.kumar@axl&pn=Green%20Grocers&cu=INR,amit.kumar@axl,1,2.922,0.0,10,0,0.0,0,0
upi://pay?pa=zkswnvmo4d0ut@okhdfcbank&pn=Refund%20Team&cu=INR&tn=winner,zkswnvmo4d0ut@okhdfcbank,1,3.7,0.154,13,0,0.0,1,1
upi://pay?pa=cashback12@pay-verify&pn=KYC%20Support&cu=INR&tn=blocked,cashback12@pay-verify,0,2.922,0.2,10,0,0.0,1,1
upi://pay?pa=merchant.6859@kotak&pn=Green%20Grocers&cu=INR,merchant.6859@kotak,1,3.7,0.308,13,0,0.0,0,0
upi://pay?pa=refund98@secure-pay&pn=Verify%20Account&cu=INR&tn=suspend,refund98@secure-pay,0,3.0,0.25,8,0,0.0,1,1
upi://pay?pa=merchant.9511@hdfcbank&pn=Priya%20Singh&cu=INR,merchant.9511@hdfcbank,1,3.547,0.308,13,0,0.0,0,0
upi://pay?pa=d9q7gqjt51@idfcbank&pn=Cashback%20Desk&cu=INR&tn=winner,d9q7gqjt51@idfcbank,1,3.122,0.4,10,0,0.0,1,1
upi://pay?pa=support47@pay-verify&pn=Verify%20Account&cu=INR&tn=cashback,support47@pay-verify,0,2.948,0.222,9,0,0.0,1,1
upi://pay?pa=kyc-team87@refund-upi&pn=Verify%20Account&cu=INR&am=3.8&tn=urgent,kyc-team87@refund-upi,0,3.322,0.2,10,1,3.8,1,1
upi://pay?pa=8093998844@hdfcbank&pn=Cashback%20Desk&cu=INR&tn=lottery,8093998844@hdfcbank,1,2.171,1.0,10,0,0.0,1,1
upi://pay?pa=cashback58@refund-upi&pn=Refund%20Team&cu=INR&am=4.93&tn=blocked,cashback58@refund-upi,0,2.922,0.2,10,1,4.93,1,1
upi://pay?pa=7590119326@axl&pn=Auto%20Rickshaw%20Stand&cu=INR,7590119326@axl,1,2.922,1.0,10,0,0.0,0,0
upi://pay?pa=olk32j1wmpq3@idfcbank&pn=Prize%20Center&cu=INR&am=3.4&tn=kyc,olk32j1wmpq3@idfcbank,1,3.418,0.333,12,1,3.4,1,1
upi://pay?pa=cig6oxi82p3t@jio&pn=Prize%20Center&cu=INR,cig6oxi82p3t@jio,1,3.418,0.333,12,0,0.0,0,1
upi://pay?pa=paytrn146@apl&pn=Verify%20Account&cu=INR&am=2.43&tn=refund,paytrn146@apl,1,3.17,0.333,9,1,2.43,1,1
upi://pay?pa=8934040683@upi&pn=City%20Cafe&cu=INR&am=2498.38,8934040683@upi,1,2.522,1.0,10,1,2498.38,0,0
upi://pay?pa=merchant.8152@okhdfcbank&pn=Om%20Traders&cu=INR&am=689.75,merchant.8152@okhdfcbank,1,3.7,0.308,13,1,689.75,0,0
upi://pay?pa=sunita.devi@kotak&pn=Rahul%20Sharma&cu=INR&am=938.57,sunita.devi@kotak,1,3.278,0.0,11,1,938.57,0,0
upi://pay?pa=merchant.8381@okicici&pn=Om%20Traders&cu=INR&am=881.38,merchant.8381@okicici,1,3.547,0.308,13,1,881.38,0,0
upi://pay?pa=paytrn2@kotak&pn=Verify%20Account&cu=INR&tn=blocked,paytrn2@kotak,1,2.807,0.143,7,0,0.0,1,1
upi://pay?pa=paytrn955@apl&pn=KYC%20Support&cu=INR&am=2.85&tn=kyc,paytrn955@apl,1,2.948,0.333,9,1,2.85,1,1
upi://pay?pa=6124015059@okhdfcbank&pn=Sharma%20Kirana%20Store&cu=INR&am=2311.96,6124015059@okhdfcbank,1,2.722,1.0,10,1,2311.96,0,0
upi://pay?pa=priya123@jio&pn=Priya%20Singh&cu=INR,priya123@jio,1,3.0,0.375,8,0,0.0,0,0
upi://pay?pa=rahul.sharma@kotak&pn=City%20Cafe&cu=INR,rahul.sharma@kotak,1,2.855,0.0,12,0,0.0,0,0
upi://pay?pa=amit.kumar@oksbi&pn=Om%20Traders&cu=INR,amit.kumar@oksbi,1,2.922,0.0,10,0,0.0,0,0
upi://pay?pa=support71@refund-upi&pn=Verify%20Account&cu=INR,support71@refund-upi,0,2.948,0.222,9,0,0.0,0,1
upi://pay?pa=phcnpe496@oksbi&pn=Verify%20Account&cu=INR&tn=reward,phcnpe496@oksbi,1,2.948,0.333,9,0,0.0,1,1
upi://pay?pa=refund16@xn--upi&pn=Prize%20Center&cu=INR&tn=reward,refund16@xn--upi,0,3.0,0.25,8,0,0.0,1,1
upi://pay?pa=9880036912@idfcbank&pn=Rahul%20Sharma&cu=INR,9880036912@idfcbank,1,2.722,1.0,10,0,0.0,0,0
upi://pay?pa=rahul.sharma@oksbi&pn=Priya%20Singh&cu=INR,rahul.sharma@oksbi,1,2.855,0.0,12,0,0.0,0,0
upi://pay?pa=merchant.358@ibl&pn=City%20Cafe&cu=INR,merchant.358@ibl,1,3.585,0.25,12,0,0.0,0,0
upi://pay?pa=8ip5obk7596d4@okicici&pn=Verify%20Account&cu=INR&tn=verify-now,8ip5obk7596d4@okicici,1,3.547,0.538,13,0,0.0,1,1
upi://pay?pa=cashback33@pay-verify&pn=Prize%20Center&cu=INR&tn=blocked,cashback33@pay-verify,0,2.722,0.2,10,0,0.0,1,1
upi://pay?pa=8595746889@ibl&pn=Om%20Traders&cu=INR&am=1078.92,8595746889@ibl,1,2.446,1.0,10,1,1078.92,0,0
upi://pay?pa=0iba65d2h5l@axl&pn=Cashback%20Desk&cu=INR&am=3.12&tn=urgent,0iba65d2h5l@axl,1,3.278,0.455,11,1,3.12,1,1
upi://pay?pa=rahul.sharma@apl&pn=Rahul%20Sharma&cu=INR,rahul.sharma@apl,1,2.855,0.0,12,0,0.0,0,0
upi://pay?pa=5759587705@apl&pn=KYC%20Support&cu=INR&tn=winner,5759587705@apl,1,2.046,1.0,10,0,0.0,1,1
upi://pay?pa=2905966046@apl&pn=Verify%20Account&cu=INR,2905966046@apl,1,2.446,1.0,10,0,0.0,0,1
upi://pay?pa=goog1e-pay356@okaxis&pn=Prize%20Center&cu=INR,goog1e-pay356@okaxis,1,3.393,0.308,13,0,0.0,0,1
upi://pay?pa=cashback62@kyc-update&pn=Prize%20Center&cu=INR&tn=verify-now,cashback62@kyc-update,0,2.922,0.2,10,0,0.0,1,1
upi://pay?pa=amit.kumar@apl&pn=Sharma%20Kirana%20Store&cu=INR,amit.kumar@apl,1,2.922,0.0,10,0,0.0,0,0
upi://pay?pa=rahul.sharma@idfcbank&pn=City%20Cafe&cu=INR,rahul.sharma@idfcbank,1,2.855,0.0,12,0,0.0,0,0
upi://pay?pa=refund88@refund-upi&pn=Cashback%20Desk&cu=INR&am=3.45&tn=kyc,refund88@refund-upi,0,2.75,0.25,8,1,3.45,1,1
upi://pay?pa=2433907907@idfcbank&pn=Prize%20Center&cu=INR&tn=reward,2433907907@idfcbank,1,2.522,1.0,10,0,0.0,1,1
upi://pay?pa=3szxdf0nsgt6l@ybl&pn=KYC%20Support&cu=INR&tn=kyc,3szxdf0nsgt6l@ybl,1,3.547,0.231,13,0,0.0,1,1
upi://pay?pa=merchant.3328@jio&pn=Auto%20Rickshaw%20Stand&cu=INR&am=2167.86,merchant.3328@jio,1,3.547,0.308,13,1,2167.86,0,0
upi://pay?pa=merchant.2070@okhdfcbank&pn=Priya%20Singh&cu=INR,merchant.2070@okhdfcbank,1,3.547,0.308,13,0,0.0,0,0
upi://pay?pa=goog1e-pay735@ibl&pn=Verify%20Account&cu=INR&tn=lottery,goog1e-pay735@ibl,1,3.393,0.308,13,0,0.0,1,1
upi://pay?pa=1172593382@idfcbank&pn=KYC%20Support&cu=INR&tn=winner,1172593382@idfcbank,1,2.722,1.0,10,0,0.0,1,1
upi://pay?pa=7410745520@ibl&pn=Refund%20Team&cu=INR&am=4.48&tn=kyc,7410745520@ibl,1,2.522,1.0,10,1,4.48,1,1
upi://pay?pa=refund77@refund-upi&pn=KYC%20Support&cu=INR,refund77@refund-upi,0,2.75,0.25,8,0,0.0,0,1
upi://pay?pa=6857561275@idfcbank&pn=City%20Cafe&cu=INR,6857561275@idfcbank,1,2.446,1.0,10,0,0.0,0,0
upi://pay?pa=8480913126@axl&pn=Refund%20Team&cu=INR&tn=suspend,8480913126@axl,1,2.922,1.0,10,0,0.0,1,1
upi://pay?pa=goog1e-pay201@ibl&pn=Refund%20Team&cu=INR&tn=winner,goog1e-pay201@ibl,1,3.239,0.308,13,0,0.0,1,1
upi://pay?pa=cashback98@xn--upi&pn=KYC%20Support&cu=INR&tn=lottery,cashback98@xn--upi,0,2.922,0.2,10,0,0.0,1,1
upi://pay?pa=3iyx95ojw9bf@oksbi&pn=Prize%20Center&cu=INR&am=3.9&tn=suspend,3iyx95ojw9bf@oksbi,1,3.418,0.333,12,1,3.9,1,1
upi://pay?pa=sunita.devi@kotak&pn=Om%20Traders&cu=INR&am=728.01,sunita.devi@kotak,1,3.278,0.0,11,1,728.01,0,0
upi://pay?pa=yvy96qzusofvd2ml@idfcbank&pn=Verify%20Account&cu=INR&tn=lottery,yvy96qzusofvd2ml@idfcbank,1,3.75,0.188,16,0,0.0,1,1
upi://pay?pa=merchant.8469@jio&pn=Rahul%20Sharma&cu=INR&am=3590.42,merchant.8469@jio,1,3.7,0.308,13,1,3590.42,0,0
upi://pay?pa=kyc-team37@secure-pay&pn=Refund%20Team&cu=INR&tn=verify-now,kyc-team37@secure-pay,0,3.322,0.2,10,0,0.0,1,1
upi://pay?pa=2447297919@jio&pn=Cashback%20Desk&cu=INR&tn=kyc,2447297919@jio,1,2.246,1.0,10,0,0.0,1,1
upi://pay?pa=kyc-team52@xn--upi&pn=KYC%20Support&cu=INR&tn=lottery,kyc-team52@xn--upi,0,3.322,0.2,10,0,0.0,1,1
upi://pay?pa=paytrn632@upi&pn=Refund%20Team&cu=INR&tn=winner,paytrn632@upi,1,3.17,0.333,9,0,0.0,1,1
upi://pay?pa=goog1e-pay519@hdfcbank&pn=Verify%20Account&cu=INR&am=2.4&tn=refund,goog1e-pay519@hdfcbank,1,3.239,0.308,13,1,2.4,1,1
upi://pay?pa=phcnpe335@okicici&pn=Cashback%20Desk&cu=INR&tn=urgent,phcnpe335@okicici,1,2.725,0.333,9,0,0.0,1,1
upi://pay?pa=merchant.6939@upi&pn=Rahul%20Sharma&cu=INR&am=3744.39,merchant.6939@upi,1,3.547,0.308,13,1,3744.39,0,0
upi://pay?pa=merchant.5373@oksbi&pn=Om%20Traders&cu=INR,merchant.5373@oksbi,1,3.547,0.308,13,0,0.0,0,0
upi://pay?pa=kyc-team68@secure-pay&pn=Cashback%20Desk&cu=INR&tn=verify-now,kyc-team68@secure-pay,0,3.322,0.2,10,0,0.0,1,1
upi://pay?pa=haahop0e62n@hdfcbank&pn=Refund%20Team&cu=INR&tn=reward,haahop0e62n@hdfcbank,1,3.096,0.273,11,0,0.0,1,1
upi://pay?pa=vendor.shop@apl&pn=Om%20Traders&cu=INR&am=3735.62,vendor.shop@apl,1,3.278,0.0,11,1,3735.62,0,0
upi://pay?pa=9373835078@kotak&pn=City%20Cafe&cu=INR&am=4917.99,9373835078@kotak,1,2.446,1.0,10,1,4917.99,0,0
upi://pay?pa=priya123@hdfcbank&pn=Om%20Traders&cu=INR,priya123@hdfcbank,1,3.0,0.375,8,0,0.0,0,0
upi://pay?pa=phcnpe908@paytm&pn=KYC%20Support&cu=INR&tn=lottery,phcnpe908@paytm,1,2.948,0.333,9,0,0.0,1,1
upi://pay?pa=g3u1swyutfefz@kotak&pn=KYC%20Support&cu=INR&tn=blocked,g3u1swyutfefz@kotak,1,3.393,0.154,13,0,0.0,1,1
upi://pay?pa=refund86@kyc-update&pn=Verify%20Account&cu=INR&tn=verify-now,refund86@kyc-update,0,3.0,0.25,8,0,0.0,1,1
upi://pay?pa=merchant.9051@paytm&pn=City%20Cafe&cu=INR,merchant.9051@paytm,1,3.7,0.308,13,0,0.0,0,0
upi://pay?pa=merchant.2818@jio&pn=City%20Cafe&cu=INR&am=1465.18,merchant.2818@jio,1,3.547,0.308,13,1,1465.18,0,0
upi://pay?pa=support82@xn--upi&pn=Verify%20Account&cu=INR&am=1.4&tn=lottery,support82@xn--upi,0,2.948,0.222,9,1,1.4,1,1
upi://pay?pa=sunita.devi@apl&pn=Green%20Grocers&cu=INR,sunita.devi@apl,1,3.278,0.0,11,0,0.0,0,0
upi://pay?pa=amit.kumar@upi&pn=Rahul%20Sharma&cu=INR&am=4662.57,amit.kumar@upi,1,2.922,0.0,10,1,4662.57,0,0
upi://pay?pa=merchant.253@okaxis&pn=Priya%20Singh&cu=INR&am=549.57,merchant.253@okaxis,1,3.585,0.25,12,1,549.57,0,0
upi://pay?pa=paytrn849@ybl&pn=Prize%20Center&cu=INR&tn=reward,paytrn849@ybl,1,3.17,0.333,9,0,0.0,1,1
upi://pay?pa=kyc-team32@secure-pay&pn=Verify%20Account&cu=INR&tn=kyc,kyc-team32@secure-pay,0,3.322,0.2,10,0,0.0,1,1
upi://pay?pa=merchant.7206@hdfcbank&pn=Green%20Grocers&cu=INR,merchant.7206@hdfcbank,1,3.7,0.308,13,0,0.0,0,0
upi://pay?pa=2413807010@okhdfcbank&pn=Verify%20Account&cu=INR&am=3.48&tn=blocked,2413807010@okhdfcbank,1,2.646,1.0,10,1,3.48,1,1
upi://pay?pa=1169906484@axl&pn=KYC%20Support&cu=INR&tn=suspend,1169906484@axl,1,2.522,1.0,10,0,0.0,1,1
upi://pay?pa=mfztgp8d20gm62s6@idfcbank&pn=Refund%20Team&cu=INR&am=3.75&tn=refund,mfztgp8d20gm62s6@idfcbank,1,3.5,0.375,16,1,3.75,1,1
upi://pay?pa=refund72@pay-verify&pn=Prize%20Center&cu=INR&tn=urgent,refund72@pay-verify,0,3.0,0.25,8,0,0.0,1,1
upi://pay?pa=rahul.sharma@okicici&pn=Rahul%20Sharma&cu=INR,rahul.sharma@okicici,1,2.855,0.0,12,0,0.0,0,0
upi://pay?pa=merchant.2182@okicici&pn=Auto%20Rickshaw%20Stand&cu=INR&am=3912.34,merchant.2182@okicici,1,3.547,0.308,13,1,3912.34,0,0
upi://pay?pa=7737041805@kotak&pn=Om%20Traders&cu=INR&am=3920.73,7737041805@kotak,1,2.646,1.0,10,1,3920.73,0,0
upi://pay?pa=goog1e-pay328@jio&pn=Verify%20Account&cu=INR&tn=blocked,goog1e-pay328@jio,1,3.393,0.308,13,0,0.0,1,1
upi://pay?pa=goog1e-pay43@upi&pn=Cashback%20Desk&cu=INR&am=2.74&tn=refund,goog1e-pay43@upi,1,3.252,0.25,12,1,2.74,1,1
upi://pay?pa=goog1e-pay608@okhdfcbank&pn=Cashback%20Desk&cu=INR&tn=cashback,goog1e-pay608@okhdfcbank,1,3.393,0.308,13,0,0.0,1,1
upi://pay?pa=67aibxjunms9m6e@okhdfcbank&pn=KYC%20Support&cu=INR&tn=kyc,67aibxjunms9m6e@okhdfcbank,1,3.64,0.267,15,0,0.0,1,1
upi://pay?pa=9306055065@ybl&pn=Green%20Grocers&cu=INR&am=3081.59,9306055065@ybl,1,2.171,1.0,10,1,3081.59,0,0
upi://pay?pa=6316672924@okaxis&pn=Auto%20Rickshaw%20Stand&cu=INR,6316672924@okaxis,1,2.646,1.0,10,0,0.0,0,0
upi://pay?pa=vhi6t0ycu7r97rq@paytm&pn=Prize%20Center&cu=INR&tn=winner,vhi6t0ycu7r97rq@paytm,1,3.64,0.333,15,0,0.0,1,1
upi://pay?pa=sunita.devi@ybl&pn=City%20Cafe&cu=INR,sunita.devi@ybl,1,3.278,0.0,11,0,0.0,0,0
upi://pay?pa=sunita.devi@okaxis&pn=Rahul%20Sharma&cu=INR,sunita.devi@okaxis,1,3.278,0.0,11,0,0.0,0,0
upi://pay?pa=6495389030@okaxis&pn=Auto%20Rickshaw%20Stand&cu=INR,6495389030@okaxis,1,2.722,1.0,10,0,0.0,0,0
upi://pay?pa=support53@xn--upi&pn=KYC%20Support&cu=INR&tn=cashback,support53@xn--upi,0,2.948,0.222,9,0,0.0,1,1
upi://pay?pa=8287910603@hdfcbank&pn=KYC%20Support&cu=INR&am=4.0&tn=winner,8287910603@hdfcbank,1,2.922,1.0,10,1,4.0,1,1
upi://pay?pa=6259025044@ybl&pn=City%20Cafe&cu=INR,6259025044@ybl,1,2.522,1.0,10,0,0.0,0,0
upi://pay?pa=goog1e-pay464@apl&pn=Refund%20Team&cu=INR&am=3.08&tn=suspend,goog1e-pay464@apl,1,3.239,0.308,13,1,3.08,1,1
upi://pay?pa=6273943664@oksbi&pn=Prize%20Center&cu=INR&tn=cashback,6273943664@oksbi,1,2.446,1.0,10,0,0.0,1,1
upi://pay?pa=32gy422kkwfapg0@ybl&pn=Prize%20Center&cu=INR,32gy422kkwfapg0@ybl,1,3.323,0.4,15,0,0.0,0,1
upi://pay?pa=534646416@apl&pn=Prize%20Center&cu=INR,534646416@apl,1,2.113,1.0,9,0,0.0,0,1
upi://pay?pa=amit.kumar@upi&pn=City%20Cafe&cu=INR&am=3190.36,amit.kumar@upi,1,2.922,0.0,10,1,3190.36,0,0
upi://pay?pa=merchant.4181@kotak&pn=Rahul%20Sharma&cu=INR&am=3051.34,merchant.4181@kotak,1,3.547,0.308,13,1,3051.34,0,0
upi://pay?pa=refund89@kyc-update&pn=Cashback%20Desk&cu=INR&am=4.53&tn=suspend,refund89@kyc-update,0,3.0,0.25,8,1,4.53,1,1
upi://pay?pa=wc279igffen1@upi&pn=Cashback%20Desk&cu=INR&tn=refund,wc279igffen1@upi,1,3.418,0.333,12,0,0.0,1,1
upi://pay?pa=7728742796@jio&pn=Sharma%20Kirana%20Store&cu=INR,7728742796@jio,1,2.322,1.0,10,0,0.0,0,0
upi://pay?pa=9104756811@upi&pn=Green%20Grocers&cu=INR&am=76.95,9104756811@upi,1,2.846,1.0,10,1,76.95,0,0
upi://pay?pa=kyc-team18@secure-pay&pn=Prize%20Center&cu=INR&tn=lottery,kyc-team18@secure-pay,0,3.322,0.2,10,0,0.0,1,1
upi://pay?pa=6741000011@upi&pn=Priya%20Singh&cu=INR,6741000011@upi,1,2.046,1.0,10,0,0.0,0,0
upi://pay?pa=551saia7qf850w2@jio&pn=KYC%20Support&cu=INR&tn=kyc,551saia7qf850w2@jio,1,3.457,0.533,15,0,0.0,1,1
upi://pay?pa=phcnpe971@ybl&pn=Cashback%20Desk&cu=INR&am=1.38&tn=lottery,phcnpe971@ybl,1,2.948,0.333,9,1,1.38,1,1
upi://pay?pa=kyc-team63@secure-pay&pn=Refund%20Team&cu=INR&tn=kyc,kyc-team63@secure-pay,0,3.322,0.2,10,0,0.0,1,1
upi://pay?pa=3786232207@ybl&pn=Cashback%20Desk&cu=INR&tn=refund,3786232207@ybl,1,2.446,1.0,10,0,0.0,1,1
upi://pay?pa=merchant.9046@upi&pn=Auto%20Rickshaw%20Stand&cu=INR&am=4533.47,merchant.9046@upi,1,3.7,0.308,13,1,4533.47,0,0
upi://pay?pa=8614967674@axl&pn=Priya%20Singh&cu=INR&am=1596.11,8614967674@axl,1,2.446,1.0,10,1,1596.11,0,0
upi://pay?pa=phcnpe811@axl&pn=Verify%20Account&cu=INR&am=1.57&tn=refund,phcnpe811@axl,1,2.725,0.333,9,1,1.57,1,1
upi://pay?pa=refund4@pay-verify&pn=Cashback%20Desk&cu=INR&tn=verify-now,refund4@pay-verify,0,2.807,0.143,7,0,0.0,1,1
upi://pay?pa=7195611791@oksbi&pn=Om%20Traders&cu=INR,7195611791@oksbi,1,2.122,1.0,10,0,0.0,0,0
upi://pay?pa=paytrn417@axl&pn=Prize%20Center&cu=INR&am=3.94&tn=urgent,paytrn417@axl,1,3.17,0.333,9,1,3.94,1,1
upi://pay?pa=amit.kumar@upi&pn=Auto%20Rickshaw%20Stand&cu=INR,amit.kumar@upi,1,2.922,0.0,10,0,0.0,0,0
upi://pay?pa=rahul.sharma@kotak&pn=City%20Cafe&cu=INR,rahul.sharma@kotak,1,2.855,0.0,12,0,0.0,0,0
upi://pay?pa=1541540305@okaxis&pn=Cashback%20Desk&cu=INR,1541540305@okaxis,1,2.246,1.0,10,0,0.0,0,1
upi://pay?pa=vendor.shop@axl&pn=Sharma%20Kirana%20Store&cu=INR,vendor.shop@axl,1,3.278,0.0,11,0,0.0,0,0
upi://pay?pa=7947957237@ybl&pn=Sharma%20Kirana%20Store&cu=INR,7947957237@ybl,1,2.322,1.0,10,0,0.0,0,0
upi://pay?pa=vendor.shop@axl&pn=Sharma%20Kirana%20Store&cu=INR,vendor.shop@axl,1,3.278,0.0,11,0,0.0,0,0
upi://pay?pa=merchant.9103@upi&pn=Om%20Traders&cu=INR&am=1571.85,merchant.9103@upi,1,3.7,0.308,13,1,1571.85,0,0
upi://pay?pa=merchant.6584@kotak&pn=Sharma%20Kirana%20Store&cu=INR,merchant.6584@kotak,1,3.7,0.308,13,0,0.0,0,0
upi://pay?pa=phcnpe609@oksbi&pn=Prize%20Center&cu=INR&tn=lottery,phcnpe609@oksbi,1,2.948,0.333,9,0,0.0,1,1
upi://pay?pa=7643810426@okaxis&pn=Rahul%20Sharma&cu=INR,7643810426@okaxis,1,2.922,1.0,10,0,0.0,0,0
upi://pay?pa=merchant.9287@oksbi&pn=Rahul%20Sharma&cu=INR,merchant.9287@oksbi,1,3.7,0.308,13,0,0.0,0,0
upi://pay?pa=8qenvguasmcj2jg@okaxis&pn=Prize%20Center&cu=INR&tn=cashback,8qenvguasmcj2jg@okaxis,1,3.64,0.133,15,0,0.0,1,1
upi://pay?pa=support86@refund-upi&pn=Cashback%20Desk&cu=INR&tn=urgent,support86@refund-upi,0,2.948,0.222,9,0,0.0,1,1
upi://pay?pa=sunita.devi@jio&pn=Auto%20Rickshaw%20Stand&cu=INR&am=4687.07,sunita.devi@jio,1,3.278,0.0,11,1,4687.07,0,0
upi://pay?pa=u8hrav85886d6i@jio&pn=Verify%20Account&cu=INR&am=2.18&tn=refund,u8hrav85886d6i@jio,1,3.093,0.5,14,1,2.18,1,1
upi://pay?pa=support58@pay-verify&pn=Verify%20Account&cu=INR&tn=kyc,support58@pay-verify,0,2.948,0.222,9,0,0.0,1,1
upi://pay?pa=kyc-team78@refund-upi&pn=Cashback%20Desk&cu=INR&tn=verify-now,kyc-team78@refund-upi,0,3.322,0.2,10,0,0.0,1,1
upi://pay?pa=refund81@pay-verify&pn=KYC%20Support&cu=INR&am=1.9&tn=suspend,refund81@pay-verify,0,3.0,0.25,8,1,1.9,1,1
upi://pay?pa=paytrn932@kotak&pn=Cashback%20Desk&cu=INR&am=1.75,paytrn932@kotak,1,3.17,0.333,9,1,1.75,0,1
upi://pay?pa=3043807759@idfcbank&pn=Cashback%20Desk&cu=INR&tn=blocked,3043807759@idfcbank,1,2.722,1.0,10,0,0.0,1,1
upi://pay?pa=merchant.8288@okaxis&pn=Priya%20Singh&cu=INR,merchant.8288@okaxis,1,3.335,0.308,13,0,0.0,0,0
upi://pay?pa=9564179535@oksbi&pn=Priya%20Singh&cu=INR,9564179535@oksbi,1,2.646,1.0,10,0,0.0,0,0
upi://pay?pa=iuos60n8o1s9kt9@okhdfcbank&pn=Verify%20Account&cu=INR&tn=cashback,iuos60n8o1s9kt9@okhdfcbank,1,3.507,0.4,15,0,0.0,1,1
upi://pay?pa=6643941414@okicici&pn=Green%20Grocers&cu=INR,6643941414@okicici,1,2.122,1.0,10,0,0.0,0,0
upi://pay?pa=merchant.9206@oksbi&pn=Green%20Grocers&cu=INR,merchant.9206@oksbi,1,3.7,0.308,13,0,0.0,0,0
upi://pay?pa=goog1e-pay381@ybl&pn=Prize%20Center&cu=INR&tn=winner,goog1e-pay381@ybl,1,3.239,0.308,13,0,0.0,1,1
upi://pay?pa=paytrn760@ybl&pn=Prize%20Center&cu=INR&tn=urgent,paytrn760@ybl,1,3.17,0.333,9,0,0.0,1,1
upi://pay?pa=merchant.6762@idfcbank&pn=City%20Cafe&cu=INR,merchant.6762@idfcbank,1,3.547,0.308,13,0,0.0,0,0
upi://pay?pa=8603882423@idfcbank&pn=Refund%20Team&cu=INR&am=1.13,8603882423@idfcbank,1,2.446,1.0,10,1,1.13,0,1
upi://pay?pa=rahul.sharma@upi&pn=Green%20Grocers&cu=INR,rahul.sharma@upi,1,2.855,0.0,12,0,0.0,0,0
upi://pay?pa=rahul.sharma@oksbi&pn=Priya%20Singh&cu=INR,rahul.sharma@oksbi,1,2.855,0.0,12,0,0.0,0,0
upi://pay?pa=merchant.3473@apl&pn=City%20Cafe&cu=INR,merchant.3473@apl,1,3.547,0.308,13,0,0.0,0,0
upi://pay?pa=8489250532@okaxis&pn=Auto%20Rickshaw%20Stand&cu=INR,8489250532@okaxis,1,2.722,1.0,10,0,0.0,0,0
upi://pay?pa=6364193040@jio&pn=Priya%20Singh&cu=INR,6364193040@jio,1,2.522,1.0,10,0,0.0,0,0
upi://pay?pa=merchant.2234@kotak&pn=Auto%20Rickshaw%20Stand&cu=INR,merchant.2234@kotak,1,3.547,0.308,13,0,0.0,0,0
upi://pay?pa=phcnpe614@jio&pn=Cashback%20Desk&cu=INR,phcnpe614@jio,1,2.948,0.333,9,0,0.0,0,1
upi://pay?pa=merchant.2274@jio&pn=City%20Cafe&cu=INR,merchant.2274@jio,1,3.547,0.308,13,0,0.0,0,0
upi://pay?pa=goog1e-pay613@hdfcbank&pn=Refund%20Team&cu=INR&am=3.56&tn=urgent,goog1e-pay613@hdfcbank,1,3.239,0.308,13,1,3.56,1,1
upi://pay?pa=rahul.sharma@ibl&pn=Auto%20Rickshaw%20Stand&cu=INR,rahul.sharma@ibl,1,2.855,0.0,12,0,0.0,0,0
upi://pay?pa=c9pfhj1oycfz61i@kotak&pn=KYC%20Support&cu=INR&am=1.51&tn=lottery,c9pfhj1oycfz61i@kotak,1,3.507,0.267,15,1,1.51,1,1
upi://pay?pa=priya123@axl&pn=Om%20Traders&cu=INR,priya123@axl,1,3.0,0.375,8,0,0.0,0,0
upi://pay?pa=2243336953@paytm&pn=Prize%20Center&cu=INR&tn=suspend,2243336953@paytm,1,2.322,1.0,10,0,0.0,1,1
upi://pay?pa=goog1e-pay980@axl&pn=Prize%20Center&cu=INR&tn=blocked,goog1e-pay980@axl,1,3.393,0.308,13,0,0.0,1,1
upi://pay?pa=phcnpe253@axl&pn=Verify%20Account&cu=INR&tn=suspend,phcnpe253@axl,1,2.948,0.333,9,0,0.0,1,1
upi://pay?pa=paytrn887@okhdfcbank&pn=Cashback%20Desk&cu=INR&tn=lottery,paytrn887@okhdfcbank,1,2.948,0.333,9,0,0.0,1,1
upi://pay?pa=merchant.7789@okhdfcbank&pn=Auto%20Rickshaw%20Stand&cu=INR,merchant.7789@okhdfcbank,1,3.547,0.308,13,0,0.0,0,0
upi://pay?pa=9710150572@paytm&pn=Rahul%20Sharma&cu=INR&am=289.77,9710150572@paytm,1,2.522,1.0,10,1,289.77,0,0
upi://pay?pa=merchant.3516@upi&pn=Rahul%20Sharma&cu=INR,merchant.3516@upi,1,3.7,0.308,13,0,0.0,0,0
upi://pay?pa=vwv6yshhyaf@upi&pn=Verify%20Account&cu=INR&am=2.5,vwv6yshhyaf@upi,1,2.914,0.091,11,1,2.5,0,1
upi://pay?pa=1076138794@upi&pn=Prize%20Center&cu=INR&tn=urgent,1076138794@upi,1,2.922,1.0,10,0,0.0,1,1
upi://pay?pa=9992554381@apl&pn=Om%20Traders&cu=INR,9992554381@apl,1,2.646,1.0,10,0,0.0,0,0
upi://pay?pa=vendor.shop@jio&pn=Sharma%20Kirana%20Store&cu=INR,vendor.shop@jio,1,3.278,0.0,11,0,0.0,0,0
upi://pay?pa=6498495745@apl&pn=Sharma%20Kirana%20Store&cu=INR&am=4477.49,6498495745@apl,1,2.446,1.0,10,1,4477.49,0,0
upi://pay?pa=7798671637@ibl&pn=Sharma%20Kirana%20Store&cu=INR,7798671637@ibl,1,2.322,1.0,10,0,0.0,0,0
upi://pay?pa=merchant.6579@jio&pn=City%20Cafe&cu=INR&am=2241.36,merchant.6579@jio,1,3.7,0.308,13,1,2241.36,0,0
upi://pay?pa=7103616435@hdfcbank&pn=Sharma%20Kirana%20Store&cu=INR&am=3712.32,7103616435@hdfcbank,1,2.722,1.0,10,1,3712.32,0,0
upi://pay?pa=paytrn571@axl&pn=Verify%20Account&cu=INR&am=4.25&tn=lottery,paytrn571@axl,1,3.17,0.333,9,1,4.25,1,1
upi://pay?pa=8021635448@okicici&pn=Om%20Traders&cu=INR,8021635448@okicici,1,2.922,1.0,10,0,0.0,0,0
upi://pay?pa=merchant.2819@hdfcbank&pn=Green%20Grocers&cu=INR,merchant.2819@hdfcbank,1,3.7,0.308,13,0,0.0,0,0
upi://pay?pa=phcnpe839@upi&pn=Refund%20Team&cu=INR&tn=lottery,phcnpe839@upi,1,2.948,0.333,9,0,0.0,1,1
upi://pay?pa=oldi47i10a40jr@paytm&pn=KYC%20Support&cu=INR&tn=reward,oldi47i10a40jr@paytm,1,3.379,0.429,14,0,0.0,1,1
upi://pay?pa=va51nn5io7r6fwkb@idfcbank&pn=Verify%20Account&cu=INR&tn=urgent,va51nn5io7r6fwkb@idfcbank,1,3.75,0.312,16,0,0.0,1,1
upi://pay?pa=merchant.3219@ibl&pn=Priya%20Singh&cu=INR&am=2799.69,merchant.3219@ibl,1,3.7,0.308,13,1,2799.69,0,0
upi://pay?pa=amit.kumar@hdfcbank&pn=City%20Cafe&cu=INR,amit.kumar@hdfcbank,1,2.922,0.0,10,0,0.0,0,0
upi://pay?pa=refund28@kyc-update&pn=Verify%20Account&cu=INR&am=1.9&tn=blocked,refund28@kyc-update,0,3.0,0.25,8,1,1.9,1,1
upi://pay?pa=amit.kumar@ybl&pn=Sharma%20Kirana%20Store&cu=INR&am=2048.53,amit.kumar@ybl,1,2.922,0.0,10,1,2048.53,0,0
upi://pay?pa=6500186829@okaxis&pn=City%20Cafe&cu=INR&am=4514.03,6500186829@okaxis,1,2.722,1.0,10,1,4514.03,0,0
upi://pay?pa=7099624585@paytm&pn=Priya%20Singh&cu=INR&am=4385.76,7099624585@paytm,1,2.922,1.0,10,1,4385.76,0,0
upi://pay?pa=merchant.7908@kotak&pn=City%20Cafe&cu=INR&am=2521.58,merchant.7908@kotak,1,3.7,0.308,13,1,2521.58,0,0
upi://pay?pa=merchant.8160@idfcbank&pn=Sharma%20Kirana%20Store&cu=INR,merchant.8160@idfcbank,1,3.7,0.308,13,0,0.0,0,0
upi://pay?pa=512649658@okicici&pn=KYC%20Support&cu=INR&tn=urgent,512649658@okicici,1,2.725,1.0,9,0,0.0,1,1
upi://pay?pa=goog1e-pay388@axl&pn=Refund%20Team&cu=INR&tn=lottery,goog1e-pay388@axl,1,3.239,0.308,13,0,0.0,1,1
upi://pay?pa=m3bcoxz0oic@ibl&pn=Cashback%20Desk&cu=INR&am=3.48&tn=refund,m3bcoxz0oic@ibl,1,3.096,0.182,11,1,3.48,1,1
upi://pay?pa=4wsscn9obxc56kvw@paytm&pn=Cashback%20Desk&cu=INR&tn=cashback,4wsscn9obxc56kvw@paytm,1,3.625,0.25,16,0,0.0,1,1
upi://pay?pa=merchant.4547@oksbi&pn=Green%20Grocers&cu=INR&am=4809.05,merchant.4547@oksbi,1,3.547,0.308,13,1,4809.05,0,0
upi://pay?pa=8xtsffn9s0@okaxis&pn=Cashback%20Desk&cu=INR&tn=suspend,8xtsffn9s0@okaxis,1,2.922,0.3,10,0,0.0,1,1
upi://pay?pa=n1nzih5kcaeh@ybl&pn=Prize%20Center&cu=INR&tn=reward,n1nzih5kcaeh@ybl,1,3.252,0.167,12,0,0.0,1,1
upi://pay?pa=paytrn144@okhdfcbank&pn=Refund%20Team&cu=INR&am=2.69&tn=kyc,paytrn144@okhdfcbank,1,2.948,0.333,9,1,2.69,1,1
upi://pay?pa=9159041842@jio&pn=Green%20Grocers&cu=INR,9159041842@jio,1,2.722,1.0,10,0,0.0,0,0
upi://pay?pa=phcnpe658@okaxis&pn=Cashback%20Desk&cu=INR&tn=winner,phcnpe658@okaxis,1,2.948,0.333,9,0,0.0,1,1
upi://pay?pa=8617328226@apl&pn=Rahul%20Sharma&cu=INR,8617328226@apl,1,2.446,1.0,10,0,0.0,0,0
upi://pay?pa=2169309119@okhdfcbank&pn=Prize%20Center&cu=INR&tn=reward,2169309119@okhdfcbank,1,2.371,1.0,10,0,0.0,1,1
upi://pay?pa=merchant.8698@axl&pn=City%20Cafe&cu=INR,merchant.8698@axl,1,3.547,0.308,13,0,0.0,0,0
upi://pay?pa=9042592654@okaxis&pn=Green%20Grocers&cu=INR,9042592654@okaxis,1,2.522,1.0,10,0,0.0,0,0
upi://pay?pa=paytrn437@okaxis&pn=Refund%20Team&cu=INR&tn=refund,paytrn437@okaxis,1,3.17,0.333,9,0,0.0,1,1
upi://pay?pa=priya123@kotak&pn=Om%20Traders&cu=INR,priya123@kotak,1,3.0,0.375,8,0,0.0,0,0
upi://pay?pa=ecksl5d00a1@ybl&pn=Prize%20Center&cu=INR&am=3.27,ecksl5d00a1@ybl,1,3.278,0.364,11,1,3.27,0,1
upi://pay?pa=merchant.1738@okhdfcbank&pn=Green%20Grocers&cu=INR,merchant.1738@okhdfcbank,1,3.7,0.308,13,0,0.0,0,0
upi://pay?pa=support94@kyc-update&pn=KYC%20Support&cu=INR&tn=blocked,support94@kyc-update,0,2.948,0.222,9,0,0.0,1,1
upi://pay?pa=1465267048@kotak&pn=Prize%20Center&cu=INR&am=4.77&tn=lottery,1465267048@kotak,1,2.922,1.0,10,1,4.77,1,1
upi://pay?pa=merchant.600@apl&pn=Priya%20Singh&cu=INR,merchant.600@apl,1,3.418,0.25,12,0,0.0,0,0
upi://pay?pa=6650180329@idfcbank&pn=Prize%20Center&cu=INR&tn=reward,6650180329@idfcbank,1,2.922,1.0,10,0,0.0,1,1
upi://pay?pa=rahul.sharma@idfcbank&pn=Sharma%20Kirana%20Store&cu=INR&am=4250.94,rahul.sharma@idfcbank,1,2.855,0.0,12,1,4250.94,0,0
upi://pay?pa=priya123@okaxis&pn=Green%20Grocers&cu=INR,priya123@okaxis,1,3.0,0.375,8,0,0.0,0,0
upi://pay?pa=merchant.7535@okhdfcbank&pn=Auto%20Rickshaw%20Stand&cu=INR&am=4591.62,merchant.7535@okhdfcbank,1,3.547,0.308,13,1,4591.62,0,0
upi://pay?pa=4635259838@ybl&pn=Prize%20Center&cu=INR&tn=winner,4635259838@ybl,1,2.722,1.0,10,0,0.0,1,1
upi://pay?pa=merchant.1240@axl&pn=City%20Cafe&cu=INR,merchant.1240@axl,1,3.7,0.308,13,0,0.0,0,0
upi://pay?pa=177692500@idfcbank&pn=Verify%20Account&cu=INR&am=4.4&tn=winner,177692500@idfcbank,1,2.725,1.0,9,1,4.4,1,1
upi://pay?pa=goog1e-pay24@axl&pn=Prize%20Center&cu=INR&tn=winner,goog1e-pay24@axl,1,3.252,0.25,12,0,0.0,1,1
upi://pay?pa=6899825838@ibl&pn=Rahul%20Sharma&cu=INR&am=1349.55,6899825838@ibl,1,2.322,1.0,10,1,1349.55,0,0
upi://pay?pa=y22d1b3po4@paytm&pn=KYC%20Support&cu=INR&tn=verify-now,y22d1b3po4@paytm,1,3.122,0.5,10,0,0.0,1,1
upi://pay?pa=9073899209@okaxis&pn=Verify%20Account&cu=INR&am=4.58&tn=lottery,9073899209@okaxis,1,2.322,1.0,10,1,4.58,1,1
upi://pay?pa=priya123@upi&pn=Sharma%20Kirana%20Store&cu=INR,priya123@upi,1,3.0,0.375,8,0,0.0,0,0
upi://pay?pa=priya123@ibl&pn=Green%20Grocers&cu=INR&am=604.41,priya123@ibl,1,3.0,0.375,8,1,604.41,0,0
upi://pay?pa=merchant.4384@axl&pn=Rahul%20Sharma&cu=INR,merchant.4384@axl,1,3.547,0.308,13,0,0.0,0,0
upi://pay?pa=3391926479@axl&pn=KYC%20Support&cu=INR,3391926479@axl,1,2.646,1.0,10,0,0.0,0,1
upi://pay?pa=kyc-team65@pay-verify&pn=Verify%20Account&cu=INR&am=2.32&tn=lottery,kyc-team65@pay-verify,0,3.322,0.2,10,1,2.32,1,1
upi://pay?pa=merchant.4636@ibl&pn=Auto%20Rickshaw%20Stand&cu=INR&am=3287.48,merchant.4636@ibl,1,3.547,0.308,13,1,3287.48,0,0
upi://pay?pa=9716586492@paytm&pn=KYC%20Support&cu=INR,9716586492@paytm,1,2.922,1.0,10,0,0.0,0,1
upi://pay?pa=merchant.8584@ibl&pn=Priya%20Singh&cu=INR&am=3326.41,merchant.8584@ibl,1,3.547,0.308,13,1,3326.41,0,0
upi://pay?pa=cashback65@kyc-update&pn=Refund%20Team&cu=INR&tn=lottery,cashback65@kyc-update,0,2.922,0.2,10,0,0.0,1,1
upi://pay?pa=paytrn913@hdfcbank&pn=Prize%20Center&cu=INR&tn=lottery,paytrn913@hdfcbank,1,3.17,0.333,9,0,0.0,1,1
upi://pay?pa=goog1e-pay95@ybl&pn=Refund%20Team&cu=INR&tn=refund,goog1e-pay95@ybl,1,3.252,0.25,12,0,0.0,1,1
upi://pay?pa=5274298219@oksbi&pn=KYC%20Support&cu=INR&tn=blocked,5274298219@oksbi,1,2.646,1.0,10,0,0.0,1,1
upi://pay?pa=9201293805@idfcbank&pn=Sharma%20Kirana%20Store&cu=INR,9201293805@idfcbank,1,2.722,1.0,10,0,0.0,0,0
upi://pay?pa=priya123@ibl&pn=Rahul%20Sharma&cu=INR,priya123@ibl,1,3.0,0.375,8,0,0.0,0,0
upi://pay?pa=lumwfrgn1f32l0@okhdfcbank&pn=Prize%20Center&cu=INR&tn=urgent,lumwfrgn1f32l0@okhdfcbank,1,3.522,0.286,14,0,0.0,1,1
upi://pay?pa=cashback57@pay-verify&pn=Refund%20Team&cu=INR&am=4.53,cashback57@pay-verify,0,2.922,0.2,10,1,4.53,0,1
upi://pay?pa=9740953930@ybl&pn=City%20Cafe&cu=INR,9740953930@ybl,1,2.446,1.0,10,0,0.0,0,0
upi://pay?pa=merchant.954@paytm&pn=Om%20Traders&cu=INR&am=3833.09,merchant.954@paytm,1,3.585,0.25,12,1,3833.09,0,0
upi://pay?pa=priya123@idfcbank&pn=Om%20Traders&cu=INR&am=4351.56,priya123@idfcbank,1,3.0,0.375,8,1,4351.56,0,0
upi://pay?pa=rahul.sharma@jio&pn=Rahul%20Sharma&cu=INR,rahul.sharma@jio,1,2.855,0.0,12,0,0.0,0,0
upi://pay?pa=9111279791@apl&pn=City%20Cafe&cu=INR,9111279791@apl,1,1.846,1.0,10,0,0.0,0,0
upi://pay?pa=refund65@kyc-update&pn=Cashback%20Desk&cu=INR&am=1.19&tn=cashback,refund65@kyc-update,0,3.0,0.25,8,1,1.19,1,1
upi://pay?pa=merchant.1355@kotak&pn=City%20Cafe&cu=INR,merchant.1355@kotak,1,3.547,0.308,13,0,0.0,0,0
upi://pay?pa=merchant.9193@apl&pn=Rahul%20Sharma&cu=INR&am=2663.71,merchant.9193@apl,1,3.547,0.308,13,1,2663.71,0,0
upi://pay?pa=paytrn476@paytm&pn=Prize%20Center&cu=INR&tn=urgent,paytrn476@paytm,1,3.17,0.333,9,0,0.0,1,1
upi://pay?pa=paytrn283@oksbi&pn=Cashback%20Desk&cu=INR&tn=urgent,paytrn283@oksbi,1,3.17,0.333,9,0,0.0,1,1
upi://pay?pa=refund62@pay-verify&pn=KYC%20Support&cu=INR&tn=suspend,refund62@pay-verify,0,3.0,0.25,8,0,0.0,1,1
upi://pay?pa=merchant.3127@kotak&pn=Sharma%20Kirana%20Store&cu=INR,merchant.3127@kotak,1,3.7,0.308,13,0,0.0,0,0
upi://pay?pa=priya123@oksbi&pn=Rahul%20Sharma&cu=INR,priya123@oksbi,1,3.0,0.375,8,0,0.0,0,0
upi://pay?pa=sunita.devi@oksbi&pn=Sharma%20Kirana%20Store&cu=INR,sunita.devi@oksbi,1,3.278,0.0,11,0,0.0,0,0
upi://pay?pa=paytrn116@apl&pn=Verify%20Account&cu=INR&am=1.35,paytrn116@apl,1,2.948,0.333,9,1,1.35,0,1
upi://pay?pa=6851819913@idfcbank&pn=Sharma%20Kirana%20Store&cu=INR&am=2968.65,6851819913@idfcbank,1,2.446,1.0,10,1,2968.65,0,0
upi://pay?pa=merchant.5081@upi&pn=Rahul%20Sharma&cu=INR,merchant.5081@upi,1,3.7,0.308,13,0,0.0,0,0
upi://pay?pa=merchant.6463@hdfcbank&pn=Auto%20Rickshaw%20Stand&cu=INR,merchant.6463@hdfcbank,1,3.547,0.308,13,0,0.0,0,0
upi://pay?pa=merchant.1982@ibl&pn=Priya%20Singh&cu=INR,merchant.1982@ibl,1,3.7,0.308,13,0,0.0,0,0
upi://pay?pa=goog1e-pay893@okaxis&pn=Verify%20Account&cu=INR&am=4.06&tn=urgent,goog1e-pay893@okaxis,1,3.393,0.308,13,1,4.06,1,1
upi://pay?pa=7322922444@paytm&pn=Om%20Traders&cu=INR,7322922444@paytm,1,2.046,1.0,10,0,0.0,0,0
upi://pay?pa=goog1e-pay587@idfcbank&pn=Prize%20Center&cu=INR&am=1.39&tn=cashback,goog1e-pay587@idfcbank,1,3.393,0.308,13,1,1.39,1,1
upi://pay?pa=merchant.5522@okhdfcbank&pn=Green%20Grocers&cu=INR,merchant.5522@okhdfcbank,1,3.393,0.308,13,0,0.0,0,0
upi://pay?pa=merchant.7678@oksbi&pn=Green%20Grocers&cu=INR&am=3809.08,merchant.7678@oksbi,1,3.547,0.308,13,1,3809.08,0,0
upi://pay?pa=8890973792@hdfcbank&pn=Rahul%20Sharma&cu=INR,8890973792@hdfcbank,1,2.446,1.0,10,0,0.0,0,0
upi://pay?pa=priya123@oksbi&pn=Om%20Traders&cu=INR,priya123@oksbi,1,3.0,0.375,8,0,0.0,0,0
upi://pay?pa=phcnpe158@ibl&pn=Prize%20Center&cu=INR&tn=winner,phcnpe158@ibl,1,2.948,0.333,9,0,0.0,1,1
upi://pay?pa=priya123@axl&pn=Rahul%20Sharma&cu=INR,priya123@axl,1,3.0,0.375,8,0,0.0,0,0
upi://pay?pa=6903349553@okicici&pn=Sharma%20Kirana%20Store&cu=INR,6903349553@okicici,1,2.446,1.0,10,0,0.0,0,0
upi://pay?pa=phcnpe595@ibl&pn=Cashback%20Desk&cu=INR&tn=urgent,phcnpe595@ibl,1,2.725,0.333,9,0,0.0,1,1
upi://pay?pa=vendor.shop@axl&pn=Priya%20Singh&cu=INR,vendor.shop@axl,1,3.278,0.0,11,0,0.0,0,0
upi://pay?pa=rahul.sharma@axl&pn=Rahul%20Sharma&cu=INR,rahul.sharma@axl,1,2.855,0.0,12,0,0.0,0,0
upi://pay?pa=goog1e-pay215@axl&pn=Cashback%20Desk&cu=INR&am=2.79&tn=cashback,goog1e-pay215@axl,1,3.239,0.308,13,1,2.79,1,1
upi://pay?pa=wklx2wedf4@hdfcbank&pn=Prize%20Center&cu=INR&tn=lottery,wklx2wedf4@hdfcbank,1,3.122,0.2,10,0,0.0,1,1
upi://pay?pa=merchant.4452@okhdfcbank&pn=Priya%20Singh&cu=INR,merchant.4452@okhdfcbank,1,3.547,0.308,13,0,0.0,0,0
upi://pay?pa=merchant.1729@ibl&pn=Auto%20Rickshaw%20Stand&cu=INR,merchant.1729@ibl,1,3.7,0.308,13,0,0.0,0,0
upi://pay?pa=9019075919@paytm&pn=Prize%20Center&cu=INR&tn=verify-now,9019075919@paytm,1,2.122,1.0,10,0,0.0,1,1
upi://pay?pa=phcnpe728@okicici&pn=KYC%20Support&cu=INR&am=4.42&tn=verify-now,phcnpe728@okicici,1,2.948,0.333,9,1,4.42,1,1
upi://pay?pa=phcnpe499@kotak&pn=Verify%20Account&cu=INR&am=3.42&tn=lottery,phcnpe499@kotak,1,2.725,0.333,9,1,3.42,1,1
upi://pay?pa=merchant.1071@upi&pn=Om%20Traders&cu=INR,merchant.1071@upi,1,3.547,0.308,13,0,0.0,0,0
upi://pay?pa=rahul.sharma@axl&pn=City%20Cafe&cu=INR&am=1516.99,rahul.sharma@axl,1,2.855,0.0,12,1,1516.99,0,0
upi://pay?pa=amit.kumar@hdfcbank&pn=Sharma%20Kirana%20Store&cu=INR,amit.kumar@hdfcbank,1,2.922,0.0,10,0,0.0,0,0
upi://pay?pa=merchant.6312@okaxis&pn=Sharma%20Kirana%20Store&cu=INR,merchant.6312@okaxis,1,3.7,0.308,13,0,0.0,0,0
upi://pay?pa=9938979233@hdfcbank&pn=Om%20Traders&cu=INR&am=1890.71,9938979233@hdfcbank,1,2.046,1.0,10,1,1890.71,0,0
upi://pay?pa=rahul.sharma@apl&pn=Rahul%20Sharma&cu=INR,rahul.sharma@apl,1,2.855,0.0,12,0,0.0,0,0
upi://pay?pa=9mit3vhtn7su62j8@ybl&pn=Refund%20Team&cu=INR&am=3.63&tn=reward,9mit3vhtn7su62j8@ybl,1,3.875,0.375,16,1,3.63,1,1
upi://pay?pa=rahul.sharma@okaxis&pn=Green%20Grocers&cu=INR&am=3242.59,rahul.sharma@okaxis,1,2.855,0.0,12,1,3242.59,0,0
upi://pay?pa=8343730965@jio&pn=Green%20Grocers&cu=INR,8343730965@jio,1,2.846,1.0,10,0,0.0,0,0
upi://pay?pa=8196545325@upi&pn=Sharma%20Kirana%20Store&cu=INR&am=1938.27,8196545325@upi,1,2.846,1.0,10,1,1938.27,0,0
upi://pay?pa=cashback1@xn--upi&pn=Refund%20Team&cu=INR&am=3.36&tn=kyc,cashback1@xn--upi,0,2.725,0.111,9,1,3.36,1,1
upi://pay?pa=8090084527@ybl&pn=Om%20Traders&cu=INR,8090084527@ybl,1,2.646,1.0,10,0,0.0,0,0
upi://pay?pa=qaibhyhhx2x5d@okaxis&pn=Refund%20Team&cu=INR&tn=suspend,qaibhyhhx2x5d@okaxis,1,3.181,0.154,13,0,0.0,1,1
upi://pay?pa=6029563103@kotak&pn=Refund%20Team&cu=INR&tn=refund,6029563103@kotak,1,2.722,1.0,10,0,0.0,1,1
upi://pay?pa=refund52@kyc-update&pn=Cashback%20Desk&cu=INR&tn=blocked,refund52@kyc-update,0,3.0,0.25,8,0,0.0,1,1
upi://pay?pa=8307246477@upi&pn=City%20Cafe&cu=INR,8307246477@upi,1,2.646,1.0,10,0,0.0,0,0
upi://pay?pa=7507817344@okicici&pn=KYC%20Support&cu=INR&am=4.19&tn=blocked,7507817344@okicici,1,2.646,1.0,10,1,4.19,1,1
upi://pay?pa=phcnpe446@paytm&pn=Verify%20Account&cu=INR&am=4.32&tn=kyc,phcnpe446@paytm,1,2.725,0.333,9,1,4.32,1,1
upi://pay?pa=support30@pay-verify&pn=Refund%20Team&cu=INR&am=3.85&tn=refund,support30@pay-verify,0,2.948,0.222,9,1,3.85,1,1
upi://pay?pa=8169630572@paytm&pn=Auto%20Rickshaw%20Stand&cu=INR,8169630572@paytm,1,3.122,1.0,10,0,0.0,0,0
upi://pay?pa=lchapor7az48q@paytm&pn=KYC%20Support&cu=INR&am=1.68&tn=refund,lchapor7az48q@paytm,1,3.547,0.231,13,1,1.68,1,1
upi://pay?pa=7421182517@okicici&pn=Auto%20Rickshaw%20Stand&cu=INR,7421182517@okicici,1,2.446,1.0,10,0,0.0,0,0
upi://pay?pa=cashback20@pay-verify&pn=Verify%20Account&cu=INR&tn=winner,cashback20@pay-verify,0,2.922,0.2,10,0,0.0,1,1
upi://pay?pa=merchant.8417@ybl&pn=Green%20Grocers&cu=INR,merchant.8417@ybl,1,3.7,0.308,13,0,0.0,0,0
upi://pay?pa=vendor.shop@hdfcbank&pn=Priya%20Singh&cu=INR,vendor.shop@hdfcbank,1,3.278,0.0,11,0,0.0,0,0
upi://pay?pa=tftt7ija6mih6spg@jio&pn=Cashback%20Desk&cu=INR&tn=lottery,tftt7ija6mih6spg@jio,1,3.453,0.188,16,0,0.0,1,1
upi://pay?pa=merchant.898@idfcbank&pn=Auto%20Rickshaw%20Stand&cu=INR&am=2936.59,merchant.898@idfcbank,1,3.418,0.25,12,1,2936.59,0,0
upi://pay?pa=merchant.1488@upi&pn=Rahul%20Sharma&cu=INR,merchant.1488@upi,1,3.547,0.308,13,0,0.0,0,0
upi://pay?pa=3398702867@idfcbank&pn=Cashback%20Desk&cu=INR&tn=verify-now,3398702867@idfcbank,1,2.722,1.0,10,0,0.0,1,1
upi://pay?pa=priya123@idfcbank&pn=City%20Cafe&cu=INR,priya123@idfcbank,1,3.0,0.375,8,0,0.0,0,0
upi://pay?pa=refund41@pay-verify&pn=Prize%20Center&cu=INR&am=3.85&tn=cashback,refund41@pay-verify,0,3.0,0.25,8,1,3.85,1,1
upi://pay?pa=amit.kumar@jio&pn=Green%20Grocers&cu=INR&am=3597.23,amit.kumar@jio,1,2.922,0.0,10,1,3597.23,0,0
upi://pay?pa=8486641280@idfcbank&pn=Auto%20Rickshaw%20Stand&cu=INR,8486641280@idfcbank,1,2.446,1.0,10,0,0.0,0,0
upi://pay?pa=7100558303@idfcbank&pn=Priya%20Singh&cu=INR&am=1857.1,7100558303@idfcbank,1,2.446,1.0,10,1,1857.1,0,0
upi://pay?pa=6055517225@oksbi&pn=Sharma%20Kirana%20Store&cu=INR,6055517225@oksbi,1,2.322,1.0,10,0,0.0,0,0
upi://pay?pa=9874504655@apl&pn=KYC%20Support&cu=INR&tn=refund,9874504655@apl,1,2.646,1.0,10,0,0.0,1,1
upi://pay?pa=727053741@idfcbank&pn=Refund%20Team&cu=INR&am=4.83&tn=verify-now,727053741@idfcbank,1,2.642,1.0,9,1,4.83,1,1
upi://pay?pa=rahul.sharma@oksbi&pn=Om%20Traders&cu=INR&am=77.46,rahul.sharma@oksbi,1,2.855,0.0,12,1,77.46,0,0
upi://pay?pa=merchant.2363@upi&pn=Green%20Grocers&cu=INR,merchant.2363@upi,1,3.547,0.308,13,0,0.0,0,0
upi://pay?pa=priya123@axl&pn=Sharma%20Kirana%20Store&cu=INR&am=3914.61,priya123@axl,1,3.0,0.375,8,1,3914.61,0,0
upi://pay?pa=rahul.sharma@okaxis&pn=Auto%20Rickshaw%20Stand&cu=INR,rahul.sharma@okaxis,1,2.855,0.0,12,0,0.0,0,0
upi://pay?pa=merchant.5108@jio&pn=Rahul%20Sharma&cu=INR&am=2929.17,merchant.5108@jio,1,3.7,0.308,13,1,2929.17,0,0
upi://pay?pa=9071743181@okhdfcbank&pn=Om%20Traders&cu=INR,9071743181@okhdfcbank,1,2.646,1.0,10,0,0.0,0,0
upi://pay?pa=9831138280@okaxis&pn=Auto%20Rickshaw%20Stand&cu=INR&am=3789.1,9831138280@okaxis,1,2.446,1.0,10,1,3789.1,0,0
upi://pay?pa=cashback22@secure-pay&pn=Prize%20Center&cu=INR&am=2.25&tn=verify-now,cashback22@secure-pay,0,2.722,0.2,10,1,2.25,1,1
upi://pay?pa=8287sf1pt6trou@jio&pn=KYC%20Support&cu=INR&tn=suspend,8287sf1pt6trou@jio,1,3.522,0.429,14,0,0.0,1,1
upi://pay?pa=p720oevgdgojgp2g@okaxis&pn=Verify%20Account&cu=INR&tn=blocked,p720oevgdgojgp2g@okaxis,1,3.125,0.25,16,0,0.0,1,1
upi://pay?pa=7284585263@ibl&pn=Priya%20Singh&cu=INR,7284585263@ibl,1,2.722,1.0,10,0,0.0,0,0
upi://pay?pa=vendor.shop@okhdfcbank&pn=Sharma%20Kirana%20Store&cu=INR,vendor.shop@okhdfcbank,1,3.278,0.0,11,0,0.0,0,0
upi://pay?pa=9172328859@apl&pn=Sharma%20Kirana%20Store&cu=INR&am=531.02,9172328859@apl,1,2.722,1.0,10,1,531.02,0,0
upi://pay?pa=vendor.shop@paytm&pn=City%20Cafe&cu=INR,vendor.shop@paytm,1,3.278,0.0,11,0,0.0,0,0
upi://pay?pa=merchant.2410@ybl&pn=Sharma%20Kirana%20Store&cu=INR&am=1050.08,merchant.2410@ybl,1,3.7,0.308,13,1,1050.08,0,0
upi://pay?pa=sunita.devi@idfcbank&pn=Rahul%20Sharma&cu=INR,sunita.devi@idfcbank,1,3.278,0.0,11,0,0.0,0,0
upi://pay?pa=6619077629@paytm&pn=Priya%20Singh&cu=INR,6619077629@paytm,1,2.446,1.0,10,0,0.0,0,0
upi://pay?pa=208025568@ibl&pn=KYC%20Support&cu=INR&tn=urgent,208025568@ibl,1,2.281,1.0,9,0,0.0,1,1
upi://pay?pa=cashback4@refund-upi&pn=Prize%20Center&cu=INR&am=4.46&tn=winner,cashback4@refund-upi,0,2.725,0.111,9,1,4.46,1,1
upi://pay?pa=3148521202@okhdfcbank&pn=Cashback%20Desk&cu=INR&am=1.58&tn=urgent,3148521202@okhdfcbank,1,2.646,1.0,10,1,1.58,1,1
upi://pay?pa=6389701693@paytm&pn=City%20Cafe&cu=INR,6389701693@paytm,1,2.722,1.0,10,0,0.0,0,0
upi://pay?pa=sunita.devi@oksbi&pn=Green%20Grocers&cu=INR&am=4803.82,sunita.devi@oksbi,1,3.278,0.0,11,1,4803.82,0,0
upi://pay?pa=7281406275@ibl&pn=Auto%20Rickshaw%20Stand&cu=INR,7281406275@ibl,1,2.922,1.0,10,0,0.0,0,0
upi://pay?pa=ggh02wpkqj39qzj9@jio&pn=Verify%20Account&cu=INR&am=2.96&tn=cashback,ggh02wpkqj39qzj9@jio,1,3.5,0.312,16,1,2.96,1,1
upi://pay?pa=refund58@secure-pay&pn=Cashback%20Desk&cu=INR,refund58@secure-pay,0,3.0,0.25,8,0,0.0,0,1
upi://pay?pa=phcnpe241@kotak&pn=Prize%20Center&cu=INR&tn=suspend,phcnpe241@kotak,1,2.948,0.333,9,0,0.0,1,1
upi://pay?pa=6972591419@paytm&pn=Prize%20Center&cu=INR&tn=suspend,6972591419@paytm,1,2.646,1.0,10,0,0.0,1,1
upi://pay?pa=9251931664@oksbi&pn=Om%20Traders&cu=INR&am=251.57,9251931664@oksbi,1,2.722,1.0,10,1,251.57,0,0
upi://pay?pa=support13@refund-upi&pn=Verify%20Account&cu=INR&tn=winner,support13@refund-upi,0,2.948,0.222,9,0,0.0,1,1
upi://pay?pa=f8k4hbaboi@idfcbank&pn=Verify%20Account&cu=INR&am=3.8&tn=reward,f8k4hbaboi@idfcbank,1,3.122,0.2,10,1,3.8,1,1
upi://pay?pa=refund89@refund-upi&pn=KYC%20Support&cu=INR&tn=cashback,refund89@refund-upi,0,3.0,0.25,8,0,0.0,1,1
upi://pay?pa=phcnpe410@okaxis&pn=Refund%20Team&cu=INR&am=2.04&tn=lottery,phcnpe410@okaxis,1,2.948,0.333,9,1,2.04,1,1
upi://pay?pa=6536491730@apl&pn=Cashback%20Desk&cu=INR&am=4.13&tn=blocked,6536491730@apl,1,2.922,1.0,10,1,4.13,1,1
upi://pay?pa=n7j5ukr8ieu122jn@ybl&pn=KYC%20Support&cu=INR&tn=winner,n7j5ukr8ieu122jn@ybl,1,3.5,0.375,16,0,0.0,1,1
upi://pay?pa=support18@xn--upi&pn=Cashback%20Desk&cu=INR&tn=lottery,support18@xn--upi,0,2.948,0.222,9,0,0.0,1,1
upi://pay?pa=goog1e-pay979@idfcbank&pn=Refund%20Team&cu=INR&tn=urgent,goog1e-pay979@idfcbank,1,3.239,0.308,13,0,0.0,1,1
upi://pay?pa=paytrn732@upi&pn=Verify%20Account&cu=INR&tn=lottery,paytrn732@upi,1,3.17,0.333,9,0,0.0,1,1
upi://pay?pa=j9zqnkyp1m2vc8bz@okaxis&pn=Refund%20Team&cu=INR&tn=urgent,j9zqnkyp1m2vc8bz@okaxis,1,3.875,0.25,16,0,0.0,1,1
upi://pay?pa=5909136378@oksbi&pn=Verify%20Account&cu=INR&am=4.52&tn=blocked,5909136378@oksbi,1,2.922,1.0,10,1,4.52,1,1
upi://pay?pa=cashback8@secure-pay&pn=KYC%20Support&cu=INR&tn=refund,cashback8@secure-pay,0,2.725,0.111,9,0,0.0,1,1
upi://pay?pa=6829755541@okhdfcbank&pn=Prize%20Center&cu=INR&tn=refund,6829755541@okhdfcbank,1,2.846,1.0,10,0,0.0,1,1
upi://pay?pa=y8j1ui9l69i@apl&pn=Cashback%20Desk&cu=INR&am=3.28&tn=verify-now,y8j1ui9l69i@apl,1,3.096,0.455,11,1,3.28,1,1
upi://pay?pa=paytrn350@paytm&pn=Prize%20Center&cu=INR&tn=blocked,paytrn350@paytm,1,3.17,0.333,9,0,0.0,1,1
upi://pay?pa=vendor.shop@ibl&pn=Auto%20Rickshaw%20Stand&cu=INR,vendor.shop@ibl,1,3.278,0.0,11,0,0.0,0,0
upi://pay?pa=7598174241@okhdfcbank&pn=Verify%20Account&cu=INR&am=4.46&tn=urgent,7598174241@okhdfcbank,1,2.722,1.0,10,1,4.46,1,1
upi://pay?pa=cashback94@pay-verify&pn=Verify%20Account&cu=INR,cashback94@pay-verify,0,2.922,0.2,10,0,0.0,0,1
upi://pay?pa=paytrn745@idfcbank&pn=Cashback%20Desk&cu=INR&tn=cashback,paytrn745@idfcbank,1,3.17,0.333,9,0,0.0,1,1
upi://pay?pa=9840787093@okaxis&pn=Auto%20Rickshaw%20Stand&cu=INR,9840787093@okaxis,1,2.522,1.0,10,0,0.0,0,0
upi://pay?pa=phcnpe123@upi&pn=Verify%20Account&cu=INR&tn=kyc,phcnpe123@upi,1,2.948,0.333,9,0,0.0,1,1
upi://pay?pa=2c9ypc45u26914@hdfcbank&pn=Cashback%20Desk&cu=INR&tn=refund,2c9ypc45u26914@hdfcbank,1,3.236,0.643,14,0,0.0,1,1
upi://pay?pa=merchant.4076@okaxis&pn=Rahul%20Sharma&cu=INR,merchant.4076@okaxis,1,3.7,0.308,13,0,0.0,0,0
upi://pay?pa=doqso9oc7zofqzl@hdfcbank&pn=Verify%20Account&cu=INR&tn=lottery,doqso9oc7zofqzl@hdfcbank,1,3.107,0.133,15,0,0.0,1,1
upi://pay?pa=amit.kumar@ybl&pn=Rahul%20Sharma&cu=INR,amit.kumar@ybl,1,2.922,0.0,10,0,0.0,0,0
upi://pay?pa=8410048503@okicici&pn=Refund%20Team&cu=INR&tn=verify-now,8410048503@okicici,1,2.446,1.0,10,0,0.0,1,1
upi://pay?pa=support86@xn--upi&pn=Cashback%20Desk&cu=INR&am=1.21&tn=cashback,support86@xn--upi,0,2.948,0.222,9,1,1.21,1,1
upi://pay?pa=cashback43@kyc-update&pn=Verify%20Account&cu=INR&tn=kyc,cashback43@kyc-update,0,2.922,0.2,10,0,0.0,1,1
upi://pay?pa=3387635892@ybl&pn=Refund%20Team&cu=INR&am=1.76&tn=refund,3387635892@ybl,1,2.646,1.0,10,1,1.76,1,1
upi://pay?pa=merchant.6823@okicici&pn=Green%20Grocers&cu=INR,merchant.6823@okicici,1,3.7,0.308,13,0,0.0,0,0
upi://pay?pa=sunita.devi@kotak&pn=Rahul%20Sharma&cu=INR,sunita.devi@kotak,1,3.278,0.0,11,0,0.0,0,0
upi://pay?pa=cashback78@secure-pay&pn=Refund%20Team&cu=INR&tn=cashback,cashback78@secure-pay,0,2.922,0.2,10,0,0.0,1,1
upi://pay?pa=merchant.7436@ibl&pn=Sharma%20Kirana%20Store&cu=INR,merchant.7436@ibl,1,3.7,0.308,13,0,0.0,0,0
upi://pay?pa=x0rtmg7c0q6ulh@hdfcbank&pn=Cashback%20Desk&cu=INR&tn=urgent,x0rtmg7c0q6ulh@hdfcbank,1,3.664,0.286,14,0,0.0,1,1
upi://pay?pa=sunita.devi@oksbi&pn=Sharma%20Kirana%20Store&cu=INR,sunita.devi@oksbi,1,3.278,0.0,11,0,0.0,0,0
upi://pay?pa=8509661989@hdfcbank&pn=Rahul%20Sharma&cu=INR&am=1961.95,8509661989@hdfcbank,1,2.446,1.0,10,1,1961.95,0,0
upi://pay?pa=refund26@secure-pay&pn=Refund%20Team&cu=INR&tn=winner,refund26@secure-pay,0,3.0,0.25,8,0,0.0,1,1
upi://pay?pa=paytrn367@oksbi&pn=KYC%20Support&cu=INR&tn=reward,paytrn367@oksbi,1,3.17,0.333,9,0,0.0,1,1
upi://pay?pa=paytrn167@hdfcbank&pn=Refund%20Team&cu=INR&tn=urgent,paytrn167@hdfcbank,1,3.17,0.333,9,0,0.0,1,1
upi://pay?pa=6422310010@axl&pn=Refund%20Team&cu=INR&am=4.4&tn=reward,6422310010@axl,1,2.446,1.0,10,1,4.4,1,1
upi://pay?pa=amit.kumar@upi&pn=Rahul%20Sharma&cu=INR&am=1739.56,amit.kumar@upi,1,2.922,0.0,10,1,1739.56,0,0
upi://pay?pa=goog1e-pay133@oksbi&pn=Refund%20Team&cu=INR,goog1e-pay133@oksbi,1,3.085,0.308,13,0,0.0,0,1
upi://pay?pa=6451951731@upi&pn=City%20Cafe&cu=INR,6451951731@upi,1,2.646,1.0,10,0,0.0,0,0
upi://pay?pa=1030639411@ibl&pn=Refund%20Team&cu=INR,1030639411@ibl,1,2.446,1.0,10,0,0.0,0,1
upi://pay?pa=goog1e-pay675@okaxis&pn=Refund%20Team&cu=INR&tn=refund,goog1e-pay675@okaxis,1,3.393,0.308,13,0,0.0,1,1
upi://pay?pa=nlma4ac1puvd3xa@ybl&pn=Verify%20Account&cu=INR&tn=blocked,nlma4ac1puvd3xa@ybl,1,3.59,0.2,15,0,0.0,1,1
upi://pay?pa=6089924269@idfcbank&pn=Om%20Traders&cu=INR,6089924269@idfcbank,1,2.446,1.0,10,0,0.0,0,0
upi://pay?pa=paytrn450@axl&pn=KYC%20Support&cu=INR&tn=kyc,paytrn450@axl,1,3.17,0.333,9,0,0.0,1,1
upi://pay?pa=2830714054@oksbi&pn=Verify%20Account&cu=INR&tn=cashback,2830714054@oksbi,1,2.922,1.0,10,0,0.0,1,1
upi://pay?pa=paytrn139@paytm&pn=Prize%20Center&cu=INR&tn=urgent,paytrn139@paytm,1,3.17,0.333,9,0,0.0,1,1
upi://pay?pa=6395346763@apl&pn=Sharma%20Kirana%20Store&cu=INR&am=1242.04,6395346763@apl,1,2.371,1.0,10,1,1242.04,0,0
upi://pay?pa=8263674265@ibl&pn=Om%20Traders&cu=INR&am=2632.74,8263674265@ibl,1,2.646,1.0,10,1,2632.74,0,0
upi://pay?pa=support33@secure-pay&pn=Refund%20Team&cu=INR&am=1.96&tn=reward,support33@secure-pay,0,2.725,0.222,9,1,1.96,1,1
upi://pay?pa=refund36@pay-verify&pn=Cashback%20Desk&cu=INR&tn=urgent,refund36@pay-verify,0,3.0,0.25,8,0,0.0,1,1
upi://pay?pa=8370996465@oksbi&pn=Auto%20Rickshaw%20Stand&cu=INR&am=4150.44,8370996465@oksbi,1,2.922,1.0,10,1,4150.44,0,0
upi://pay?pa=4863645096@okaxis&pn=Refund%20Team&cu=INR&am=3.23&tn=cashback,4863645096@okaxis,1,2.646,1.0,10,1,3.23,1,1
upi://pay?pa=9713011051@oksbi&pn=City%20Cafe&cu=INR&am=4965.52,9713011051@oksbi,1,2.322,1.0,10,1,4965.52,0,0
upi://pay?pa=refund11@xn--upi&pn=Refund%20Team&cu=INR&am=3.72&tn=urgent,refund11@xn--upi,0,2.75,0.25,8,1,3.72,1,1
upi://pay?pa=5208547814@apl&pn=Refund%20Team&cu=INR&am=4.19&tn=winner,5208547814@apl,1,2.722,1.0,10,1,4.19,1,1
upi://pay?pa=kyc-team38@secure-pay&pn=KYC%20Support&cu=INR&am=1.06&tn=lottery,kyc-team38@secure-pay,0,3.322,0.2,10,1,1.06,1,1
upi://pay?pa=support27@pay-verify&pn=KYC%20Support&cu=INR&tn=verify-now,support27@pay-verify,0,2.948,0.222,9,0,0.0,1,1
upi://pay?pa=8047479513@axl&pn=Cashback%20Desk&cu=INR&tn=refund,8047479513@axl,1,2.922,1.0,10,0,0.0,1,1
upi://pay?pa=wbx54qotvog5kk@apl&pn=Cashback%20Desk&cu=INR,wbx54qotvog5kk@apl,1,3.379,0.214,14,0,0.0,0,1
upi://pay?pa=kk14nk1qbcd@paytm&pn=KYC%20Support&cu=INR&am=1.24&tn=blocked,kk14nk1qbcd@paytm,1,2.845,0.273,11,1,1.24,1,1
upi://pay?pa=bbvmia63ymddvxk@ybl&pn=KYC%20Support&cu=INR&tn=lottery,bbvmia63ymddvxk@ybl,1,3.374,0.133,15,0,0.0,1,1
upi://pay?pa=goog1e-pay991@okhdfcbank&pn=Cashback%20Desk&cu=INR&am=4.89&tn=lottery,goog1e-pay991@okhdfcbank,1,3.085,0.308,13,1,4.89,1,1
upi://pay?pa=phcnpe750@idfcbank&pn=Cashback%20Desk&cu=INR&am=1.86&tn=winner,phcnpe750@idfcbank,1,2.948,0.333,9,1,1.86,1,1
upi://pay?pa=bb3vcpea74tbs9i@idfcbank&pn=Cashback%20Desk&cu=INR&am=1.26&tn=verify-now,bb3vcpea74tbs9i@idfcbank,1,3.59,0.267,15,1,1.26,1,1
upi://pay?pa=merchant.1694@axl&pn=City%20Cafe&cu=INR&am=1630.62,merchant.1694@axl,1,3.7,0.308,13,1,1630.62,0,0
upi://pay?pa=8278313244@paytm&pn=Rahul%20Sharma&cu=INR,8278313244@paytm,1,2.522,1.0,10,0,0.0,0,0
upi://pay?pa=934729372@jio&pn=Prize%20Center&cu=INR&tn=refund,934729372@jio,1,2.281,1.0,9,0,0.0,1,1
upi://pay?pa=9304680262@oksbi&pn=KYC%20Support&cu=INR&tn=urgent,9304680262@oksbi,1,2.722,1.0,10,0,0.0,1,1
upi://pay?pa=rahul.sharma@ybl&pn=City%20Cafe&cu=INR&am=944.86,rahul.sharma@ybl,1,2.855,0.0,12,1,944.86,0,0
upi://pay?pa=sunita.devi@jio&pn=Auto%20Rickshaw%20Stand&cu=INR&am=2575.17,sunita.devi@jio,1,3.278,0.0,11,1,2575.17,0,0
upi://pay?pa=phcnpe973@kotak&pn=KYC%20Support&cu=INR&tn=verify-now,phcnpe973@kotak,1,2.948,0.333,9,0,0.0,1,1
upi://pay?pa=refund20@refund-upi&pn=Cashback%20Desk&cu=INR&tn=kyc,refund20@refund-upi,0,3.0,0.25,8,0,0.0,1,1
upi://pay?pa=2898090601@okicici&pn=KYC%20Support&cu=INR&tn=urgent,2898090601@okicici,1,2.446,1.0,10,0,0.0,1,1
upi://pay?pa=kyc-team69@kyc-update&pn=Prize%20Center&cu=INR&tn=winner,kyc-team69@kyc-update,0,3.322,0.2,10,0,0.0,1,1
upi://pay?pa=cashback84@secure-pay&pn=Refund%20Team&cu=INR&tn=cashback,cashback84@secure-pay,0,2.922,0.2,10,0,0.0,1,1
upi://pay?pa=paytrn389@ibl&pn=Verify%20Account&cu=INR&tn=winner,paytrn389@ibl,1,3.17,0.333,9,0,0.0,1,1
upi://pay?pa=sunita.devi@paytm&pn=Om%20Traders&cu=INR,sunita.devi@paytm,1,3.278,0.0,11,0,0.0,0,0
upi://pay?pa=cashback22@xn--upi&pn=Prize%20Center&cu=INR,cashback22@xn--upi,0,2.722,0.2,10,0,0.0,0,1
upi://pay?pa=paytrn395@ibl&pn=Prize%20Center&cu=INR&tn=lottery,paytrn395@ibl,1,3.17,0.333,9,0,0.0,1,1
upi://pay?pa=goog1e-pay299@ybl&pn=KYC%20Support&cu=INR&tn=verify-now,goog1e-pay299@ybl,1,3.239,0.308,13,0,0.0,1,1
upi://pay?pa=amit.kumar@idfcbank&pn=Rahul%20Sharma&cu=INR&am=3516.68,amit.kumar@idfcbank,1,2.922,0.0,10,1,3516.68,0,0
upi://pay?pa=paytrn761@jio&pn=Cashback%20Desk&cu=INR&tn=kyc,paytrn761@jio,1,3.17,0.333,9,0,0.0,1,1
upi://pay?pa=merchant.434@ybl&pn=Green%20Grocers&cu=INR&am=323.29,merchant.434@ybl,1,3.418,0.25,12,1,323.29,0,0
upi://pay?pa=phcnpe933@idfcbank&pn=KYC%20Support&cu=INR&tn=verify-now,phcnpe933@idfcbank,1,2.725,0.333,9,0,0.0,1,1
upi://pay?pa=zf9wtdnapgfhtn@jio&pn=Verify%20Account&cu=INR,zf9wtdnapgfhtn@jio,1,3.379,0.071,14,0,0.0,0,1
upi://pay?pa=priya123@oksbi&pn=Rahul%20Sharma&cu=INR&am=884.08,priya123@oksbi,1,3.0,0.375,8,1,884.08,0,0
upi://pay?pa=vendor.shop@okhdfcbank&pn=Auto%20Rickshaw%20Stand&cu=INR,vendor.shop@okhdfcbank,1,3.278,0.0,11,0,0.0,0,0
upi://pay?pa=goog1e-pay648@axl&pn=KYC%20Support&cu=INR&tn=verify-now,goog1e-pay648@axl,1,3.393,0.308,13,0,0.0,1,1
upi://pay?pa=vendor.shop@oksbi&pn=Sharma%20Kirana%20Store&cu=INR,vendor.shop@oksbi,1,3.278,0.0,11,0,0.0,0,0
upi://pay?pa=goog1e-pay601@okicici&pn=Refund%20Team&cu=INR&tn=verify-now,goog1e-pay601@okicici,1,3.239,0.308,13,0,0.0,1,1
upi://pay?pa=merchant.3938@okicici&pn=Om%20Traders&cu=INR,merchant.3938@okicici,1,3.547,0.308,13,0,0.0,0,0
upi://pay?pa=merchant.122@jio&pn=Priya%20Singh&cu=INR,merchant.122@jio,1,3.418,0.25,12,0,0.0,0,0
upi://pay?pa=9925726040@kotak&pn=Om%20Traders&cu=INR&am=2076.42,9925726040@kotak,1,2.722,1.0,10,1,2076.42,0,0
upi://pay?pa=kvxt2fho8cc@okhdfcbank&pn=Refund%20Team&cu=INR&tn=blocked,kvxt2fho8cc@okhdfcbank,1,3.278,0.182,11,0,0.0,1,1
upi://pay?pa=vendor.shop@jio&pn=Sharma%20Kirana%20Store&cu=INR,vendor.shop@jio,1,3.278,0.0,11,0,0.0,0,0
upi://pay?pa=refund93@xn--upi&pn=Cashback%20Desk&cu=INR&am=1.36&tn=reward,refund93@xn--upi,0,3.0,0.25,8,1,1.36,1,1
upi://pay?pa=kyc-team90@refund-upi&pn=Refund%20Team&cu=INR&tn=suspend,kyc-team90@refund-upi,0,3.322,0.2,10,0,0.0,1,1
upi://pay?pa=6026333597@kotak&pn=Sharma%20Kirana%20Store&cu=INR,6026333597@kotak,1,2.646,1.0,10,0,0.0,0,0
upi://pay?pa=kyc-team47@secure-pay&pn=Verify%20Account&cu=INR&tn=refund,kyc-team47@secure-pay,0,3.322,0.2,10,0,0.0,1,1
upi://pay?pa=merchant.7886@kotak&pn=Rahul%20Sharma&cu=INR,merchant.7886@kotak,1,3.547,0.308,13,0,0.0,0,0
upi://pay?pa=merchant.4867@idfcbank&pn=City%20Cafe&cu=INR&am=2334.21,merchant.4867@idfcbank,1,3.7,0.308,13,1,2334.21,0,0
upi://pay?pa=paytrn485@axl&pn=Cashback%20Desk&cu=INR&am=2.34&tn=reward,paytrn485@axl,1,3.17,0.333,9,1,2.34,1,1
upi://pay?pa=3800977869@hdfcbank&pn=Refund%20Team&cu=INR&tn=cashback,3800977869@hdfcbank,1,2.522,1.0,10,0,0.0,1,1
upi://pay?pa=6905594622@axl&pn=Green%20Grocers&cu=INR,6905594622@axl,1,2.522,1.0,10,0,0.0,0,0
upi://pay?pa=refund58@kyc-update&pn=KYC%20Support&cu=INR&tn=lottery,refund58@kyc-update,0,3.0,0.25,8,0,0.0,1,1
upi://pay?pa=9397047795@idfcbank&pn=Om%20Traders&cu=INR,9397047795@idfcbank,1,2.371,1.0,10,0,0.0,0,0
upi://pay?pa=kyc-team85@refund-upi&pn=Prize%20Center&cu=INR&tn=suspend,kyc-team85@refund-upi,0,3.322,0.2,10,0,0.0,1,1
upi://pay?pa=merchant.3517@okicici&pn=Rahul%20Sharma&cu=INR,merchant.3517@okicici,1,3.7,0.308,13,0,0.0,0,0
upi://pay?pa=paytrn525@kotak&pn=KYC%20Support&cu=INR&tn=kyc,paytrn525@kotak,1,2.948,0.333,9,0,0.0,1,1
upi://pay?pa=merchant.4438@okicici&pn=Green%20Grocers&cu=INR,merchant.4438@okicici,1,3.547,0.308,13,0,0.0,0,0
upi://pay?pa=nhjydak4u9@ibl&pn=Prize%20Center&cu=INR&tn=suspend,nhjydak4u9@ibl,1,3.322,0.2,10,0,0.0,1,1
upi://pay?pa=vendor.shop@oksbi&pn=Sharma%20Kirana%20Store&cu=INR,vendor.shop@oksbi,1,3.278,0.0,11,0,0.0,0,0
upi://pay?pa=kn207kioaypyemnn@axl&pn=Refund%20Team&cu=INR&tn=kyc,kn207kioaypyemnn@axl,1,3.453,0.188,16,0,0.0,1,1
upi://pay?pa=7937569973@axl&pn=Rahul%20Sharma&cu=INR,7937569973@axl,1,2.171,1.0,10,0,0.0,0,0
upi://pay?pa=6882485123@upi&pn=Auto%20Rickshaw%20Stand&cu=INR,6882485123@upi,1,2.646,1.0,10,0,0.0,0,0
upi://pay?pa=rahul.sharma@upi&pn=City%20Cafe&cu=INR,rahul.sharma@upi,1,2.855,0.0,12,0,0.0,0,0
upi://pay?pa=sunita.devi@oksbi&pn=Auto%20Rickshaw%20Stand&cu=INR,sunita.devi@oksbi,1,3.278,0.0,11,0,0.0,0,0
upi://pay?pa=9544329808@kotak&pn=Green%20Grocers&cu=INR,9544329808@kotak,1,2.722,1.0,10,0,0.0,0,0
upi://pay?pa=refund29@kyc-update&pn=Prize%20Center&cu=INR&tn=blocked,refund29@kyc-update,0,3.0,0.25,8,0,0.0,1,1
upi://pay?pa=merchant.3276@apl&pn=Priya%20Singh&cu=INR&am=1759.89,merchant.3276@apl,1,3.7,0.308,13,1,1759.89,0,0
upi://pay?pa=4375339710@ibl&pn=KYC%20Support&cu=INR&tn=urgent,4375339710@ibl,1,2.646,1.0,10,0,0.0,1,1
upi://pay?pa=9163355791@kotak&pn=Om%20Traders&cu=INR,9163355791@kotak,1,2.522,1.0,10,0,0.0,0,0
upi://pay?pa=merchant.8824@kotak&pn=City%20Cafe&cu=INR&am=1911.41,merchant.8824@kotak,1,3.547,0.308,13,1,1911.41,0,0
upi://pay?pa=amit.kumar@upi&pn=Om%20Traders&cu=INR,amit.kumar@upi,1,2.922,0.0,10,0,0.0,0,0
upi://pay?pa=vendor.shop@idfcbank&pn=Green%20Grocers&cu=INR,vendor.shop@idfcbank,1,3.278,0.0,11,0,0.0,0,0
upi://pay?pa=kyc-team53@secure-pay&pn=KYC%20Support&cu=INR&tn=kyc,kyc-team53@secure-pay,0,3.322,0.2,10,0,0.0,1,1
upi://pay?pa=goog1e-pay995@jio&pn=Verify%20Account&cu=INR&tn=reward,goog1e-pay995@jio,1,3.239,0.308,13,0,0.0,1,1
upi://pay?pa=vendor.shop@paytm&pn=Auto%20Rickshaw%20Stand&cu=INR&am=2090.91,vendor.shop@paytm,1,3.278,0.0,11,1,2090.91,0,0
upi://pay?pa=goog1e-pay212@okhdfcbank&pn=Refund%20Team&cu=INR,goog1e-pay212@okhdfcbank,1,3.085,0.308,13,0,0.0,0,1
upi://pay?pa=merchant.1253@okaxis&pn=Priya%20Singh&cu=INR,merchant.1253@okaxis,1,3.7,0.308,13,0,0.0,0,0
upi://pay?pa=7057260932@kotak&pn=Verify%20Account&cu=INR,7057260932@kotak,1,2.722,1.0,10,0,0.0,0,1
upi://pay?pa=9231408612@okaxis&pn=Om%20Traders&cu=INR,9231408612@okaxis,1,2.922,1.0,10,0,0.0,0,0
upi://pay?pa=phcnpe662@jio&pn=KYC%20Support&cu=INR&am=4.0&tn=refund,phcnpe662@jio,1,2.725,0.333,9,1,4.0,1,1
upi://pay?pa=8848077598@paytm&pn=City%20Cafe&cu=INR,8848077598@paytm,1,2.322,1.0,10,0,0.0,0,0
upi://pay?pa=merchant.9643@okicici&pn=Om%20Traders&cu=INR&am=3217.52,merchant.9643@okicici,1,3.7,0.308,13,1,3217.52,0,0
upi://pay?pa=7832186746@okhdfcbank&pn=Cashback%20Desk&cu=INR&am=2.79&tn=urgent,7832186746@okhdfcbank,1,2.722,1.0,10,1,2.79,1,1
upi://pay?pa=6190763336@paytm&pn=City%20Cafe&cu=INR,6190763336@paytm,1,2.371,1.0,10,0,0.0,0,0
upi://pay?pa=6548852796@okhdfcbank&pn=Rahul%20Sharma&cu=INR,6548852796@okhdfcbank,1,2.722,1.0,10,0,0.0,0,0
upi://pay?pa=merchant.9394@jio&pn=City%20Cafe&cu=INR,merchant.9394@jio,1,3.547,0.308,13,0,0.0,0,0
upi://pay?pa=i7xk2jl6kk2n@okicici&pn=Verify%20Account&cu=INR&tn=refund,i7xk2jl6kk2n@okicici,1,3.022,0.333,12,0,0.0,1,1
upi://pay?pa=6649994725@paytm&pn=Priya%20Singh&cu=INR&am=2645.5,6649994725@paytm,1,2.446,1.0,10,1,2645.5,0,0
upi://pay?pa=priya123@paytm&pn=City%20Cafe&cu=INR,priya123@paytm,1,3.0,0.375,8,0,0.0,0,0
upi://pay?pa=merchant.6959@apl&pn=City%20Cafe&cu=INR&am=4088.12,merchant.6959@apl,1,3.547,0.308,13,1,4088.12,0,0
upi://pay?pa=6298828907@kotak&pn=Om%20Traders&cu=INR,6298828907@kotak,1,2.446,1.0,10,0,0.0,0,0
upi://pay?pa=merchant.7292@paytm&pn=Sharma%20Kirana%20Store&cu=INR&am=1024.5,merchant.7292@paytm,1,3.547,0.308,13,1,1024.5,0,0
upi://pay?pa=vendor.shop@okaxis&pn=Green%20Grocers&cu=INR,vendor.shop@okaxis,1,3.278,0.0,11,0,0.0,0,0
upi://pay?pa=vjfuy0f39wg0mcg5@ibl&pn=KYC%20Support&cu=INR&tn=urgent,vjfuy0f39wg0mcg5@ibl,1,3.625,0.312,16,0,0.0,1,1
upi://pay?pa=paytrn645@axl&pn=Cashback%20Desk&cu=INR&am=1.26&tn=winner,paytrn645@axl,1,3.17,0.333,9,1,1.26,1,1
upi://pay?pa=support37@xn--upi&pn=Refund%20Team&cu=INR&tn=kyc,support37@xn--upi,0,2.948,0.222,9,0,0.0,1,1
upi://pay?pa=rahul.sharma@jio&pn=Auto%20Rickshaw%20Stand&cu=INR,rahul.sharma@jio,1,2.855,0.0,12,0,0.0,0,0
upi://pay?pa=merchant.8222@paytm&pn=City%20Cafe&cu=INR,merchant.8222@paytm,1,3.335,0.308,13,0,0.0,0,0
upi://pay?pa=8004212823@axl&pn=KYC%20Support&cu=INR&am=2.67&tn=kyc,8004212823@axl,1,2.446,1.0,10,1,2.67,1,1
upi://pay?pa=merchant.4897@oksbi&pn=Om%20Traders&cu=INR&am=690.04,merchant.4897@oksbi,1,3.7,0.308,13,1,690.04,0,0
upi://pay?pa=merchant.9869@okhdfcbank&pn=City%20Cafe&cu=INR&am=1735.86,merchant.9869@okhdfcbank,1,3.547,0.308,13,1,1735.86,0,0
upi://pay?pa=refund7@refund-upi&pn=KYC%20Support&cu=INR&tn=lottery,refund7@refund-upi,0,2.807,0.143,7,0,0.0,1,1
upi://pay?pa=5862142762@ibl&pn=Cashback%20Desk&cu=INR&tn=blocked,5862142762@ibl,1,2.646,1.0,10,0,0.0,1,1
upi://pay?pa=rahul.sharma@ibl&pn=City%20Cafe&cu=INR,rahul.sharma@ibl,1,2.855,0.0,12,0,0.0,0,0
upi://pay?pa=phcnpe445@okaxis&pn=Prize%20Center&cu=INR&am=2.8&tn=winner,phcnpe445@okaxis,1,2.725,0.333,9,1,2.8,1,1
upi://pay?pa=9134997913@upi&pn=City%20Cafe&cu=INR&am=3481.45,9134997913@upi,1,2.122,1.0,10,1,3481.45,0,0
upi://pay?pa=7720532107@hdfcbank&pn=Auto%20Rickshaw%20Stand&cu=INR&am=2264.63,7720532107@hdfcbank,1,2.446,1.0,10,1,2264.63,0,0
upi://pay?pa=ai75ml06u3dk@ibl&pn=Prize%20Center&cu=INR&tn=reward,ai75ml06u3dk@ibl,1,3.585,0.417,12,0,0.0,1,1
upi://pay?pa=phcnpe948@ibl&pn=Prize%20Center&cu=INR&am=4.4&tn=suspend,phcnpe948@ibl,1,2.948,0.333,9,1,4.4,1,1
upi://pay?pa=oqwycwyuiw0jufzm@okicici&pn=Verify%20Account&cu=INR&am=1.46&tn=refund,oqwycwyuiw0jufzm@okicici,1,3.453,0.062,16,1,1.46,1,1
upi://pay?pa=6633378785@okaxis&pn=KYC%20Support&cu=INR,6633378785@okaxis,1,2.246,1.0,10,0,0.0,0,1
upi://pay?pa=paytrn672@oksbi&pn=Refund%20Team&cu=INR&am=2.21&tn=blocked,paytrn672@oksbi,1,3.17,0.333,9,1,2.21,1,1
upi://pay?pa=y6i17etmysbtl@idfcbank&pn=Cashback%20Desk&cu=INR&tn=kyc,y6i17etmysbtl@idfcbank,1,3.393,0.231,13,0,0.0,1,1
upi://pay?pa=7473014826@idfcbank&pn=Priya%20Singh&cu=INR,7473014826@idfcbank,1,2.922,1.0,10,0,0.0,0,0
upi://pay?pa=7843761970@upi&pn=Green%20Grocers&cu=INR&am=2034.03,7843761970@upi,1,2.846,1.0,10,1,2034.03,0,0
upi://pay?pa=cashback65@refund-upi&pn=Cashback%20Desk&cu=INR&am=4.65&tn=verify-now,cashback65@refund-upi,0,2.922,0.2,10,1,4.65,1,1
upi://pay?pa=emyd8yh304@okaxis&pn=Verify%20Account&cu=INR&tn=urgent,emyd8yh304@okaxis,1,3.122,0.4,10,0,0.0,1,1
upi://pay?pa=paytrn636@idfcbank&pn=Verify%20Account&cu=INR&tn=urgent,paytrn636@idfcbank,1,2.948,0.333,9,0,0.0,1,1
upi://pay?pa=merchant.3477@okhdfcbank&pn=City%20Cafe&cu=INR&am=3206.33,merchant.3477@okhdfcbank,1,3.547,0.308,13,1,3206.33,0,0
upi://pay?pa=2141701145@okicici&pn=Prize%20Center&cu=INR&tn=lottery,2141701145@okicici,1,2.322,1.0,10,0,0.0,1,1
upi://pay?pa=6855948667@ybl&pn=Refund%20Team&cu=INR&am=3.46&tn=cashback,6855948667@ybl,1,2.446,1.0,10,1,3.46,1,1
upi://pay?pa=merchant.7019@idfcbank&pn=Rahul%20Sharma&cu=INR&am=1587.65,merchant.7019@idfcbank,1,3.7,0.308,13,1,1587.65,0,0
upi://pay?pa=support43@refund-upi&pn=Prize%20Center&cu=INR&tn=cashback,support43@refund-upi,0,2.948,0.222,9,0,0.0,1,1
upi://pay?pa=2378008518@ibl&pn=Refund%20Team&cu=INR,2378008518@ibl,1,2.646,1.0,10,0,0.0,0,1
upi://pay?pa=merchant.1208@ibl&pn=Green%20Grocers&cu=INR&am=2729.53,merchant.1208@ibl,1,3.7,0.308,13,1,2729.53,0,0
upi://pay?pa=phcnpe726@okaxis&pn=Verify%20Account&cu=INR&am=1.51&tn=blocked,phcnpe726@okaxis,1,2.948,0.333,9,1,1.51,1,1
upi://pay?pa=merchant.2617@idfcbank&pn=Sharma%20Kirana%20Store&cu=INR,merchant.2617@idfcbank,1,3.7,0.308,13,0,0.0,0,0
upi://pay?pa=kyc-team60@pay-verify&pn=Prize%20Center&cu=INR&tn=reward,kyc-team60@pay-verify,0,3.322,0.2,10,0,0.0,1,1
upi://pay?pa=9278968035@ybl&pn=Sharma%20Kirana%20Store&cu=INR,9278968035@ybl,1,2.922,1.0,10,0,0.0,0,0
upi://pay?pa=sunita.devi@hdfcbank&pn=Sharma%20Kirana%20Store&cu=INR,sunita.devi@hdfcbank,1,3.278,0.0,11,0,0.0,0,0
upi://pay?pa=merchant.4144@kotak&pn=Green%20Grocers&cu=INR&am=1657.88,merchant.4144@kotak,1,3.335,0.308,13,1,1657.88,0,0
upi://pay?pa=support56@refund-upi&pn=KYC%20Support&cu=INR&tn=kyc,support56@refund-upi,0,2.948,0.222,9,0,0.0,1,1
upi://pay?pa=amit.kumar@upi&pn=Sharma%20Kirana%20Store&cu=INR,amit.kumar@upi,1,2.922,0.0,10,0,0.0,0,0
upi://pay?pa=7683957564@ibl&pn=City%20Cafe&cu=INR&am=3504.08,7683957564@ibl,1,2.722,1.0,10,1,3504.08,0,0
upi://pay?pa=3mqw20x3rkwwcf5d@oksbi&pn=Refund%20Team&cu=INR&tn=winner,3mqw20x3rkwwcf5d@oksbi,1,3.578,0.312,16,0,0.0,1,1
upi://pay?pa=merchant.3615@paytm&pn=Green%20Grocers&cu=INR,merchant.3615@paytm,1,3.7,0.308,13,0,0.0,0,0
upi://pay?pa=6xsgafcohbxxht@oksbi&pn=KYC%20Support&cu=INR&tn=reward,6xsgafcohbxxht@oksbi,1,3.325,0.071,14,0,0.0,1,1
upi://pay?pa=te0m8902tulyo3sg@okhdfcbank&pn=Verify%20Account&cu=INR&tn=urgent,te0m8902tulyo3sg@okhdfcbank,1,3.75,0.375,16,0,0.0,1,1
upi://pay?pa=support82@secure-pay&pn=KYC%20Support&cu=INR&tn=reward,support82@secure-pay,0,2.948,0.222,9,0,0.0,1,1
upi://pay?pa=merchant.9185@hdfcbank&pn=City%20Cafe&cu=INR,merchant.9185@hdfcbank,1,3.7,0.308,13,0,0.0,0,0
upi://pay?pa=vendor.shop@kotak&pn=Om%20Traders&cu=INR,vendor.shop@kotak,1,3.278,0.0,11,0,0.0,0,0
upi://pay?pa=phcnpe584@oksbi&pn=Cashback%20Desk&cu=INR&am=2.54&tn=suspend,phcnpe584@oksbi,1,2.948,0.333,9,1,2.54,1,1
upi://pay?pa=335723187@hdfcbank&pn=Prize%20Center&cu=INR&tn=kyc,335723187@hdfcbank,1,2.419,1.0,9,0,0.0,1,1
upi://pay?pa=7014911848@idfcbank&pn=Sharma%20Kirana%20Store&cu=INR,7014911848@idfcbank,1,2.446,1.0,10,0,0.0,0,0
upi://pay?pa=merchant.9945@ibl&pn=Auto%20Rickshaw%20Stand&cu=INR,merchant.9945@ibl,1,3.547,0.308,13,0,0.0,0,0
upi://pay?pa=phcnpe196@paytm&pn=Verify%20Account&cu=INR&am=2.08&tn=refund,phcnpe196@paytm,1,2.948,0.333,9,1,2.08,1,1
upi://pay?pa=support6@xn--upi&pn=Refund%20Team&cu=INR&tn=refund,support6@xn--upi,0,2.75,0.125,8,0,0.0,1,1
upi://pay?pa=merchant.9451@kotak&pn=City%20Cafe&cu=INR,merchant.9451@kotak,1,3.7,0.308,13,0,0.0,0,0
upi://pay?pa=6751717582@axl&pn=Sharma%20Kirana%20Store&cu=INR,6751717582@axl,1,2.446,1.0,10,0,0.0,0,0
upi://pay?pa=sunita.devi@axl&pn=Auto%20Rickshaw%20Stand&cu=INR,sunita.devi@axl,1,3.278,0.0,11,0,0.0,0,0
upi://pay?pa=amit.kumar@axl&pn=Om%20Traders&cu=INR,amit.kumar@axl,1,2.922,0.0,10,0,0.0,0,0
upi://pay?pa=bhgpodusso@ybl&pn=Cashback%20Desk&cu=INR&am=3.78&tn=verify-now,bhgpodusso@ybl,1,2.922,0.0,10,1,3.78,1,1
upi://pay?pa=merchant.9336@okaxis&pn=Priya%20Singh&cu=INR,merchant.9336@okaxis,1,3.547,0.308,13,0,0.0,0,0
upi://pay?pa=merchant.5387@okicici&pn=City%20Cafe&cu=INR,merchant.5387@okicici,1,3.7,0.308,13,0,0.0,0,0
upi://pay?pa=kyc-team7@secure-pay&pn=Cashback%20Desk&cu=INR&tn=refund,kyc-team7@secure-pay,0,3.17,0.111,9,0,0.0,1,1
upi://pay?pa=goog1e-pay304@ibl&pn=Prize%20Center&cu=INR&tn=verify-now,goog1e-pay304@ibl,1,3.393,0.308,13,0,0.0,1,1
upi://pay?pa=rahul.sharma@ibl&pn=Green%20Grocers&cu=INR,rahul.sharma@ibl,1,2.855,0.0,12,0,0.0,0,0
upi://pay?pa=9022652502@apl&pn=Auto%20Rickshaw%20Stand&cu=INR&am=408.95,9022652502@apl,1,2.122,1.0,10,1,408.95,0,0
upi://pay?pa=s0yvzvasi754@axl&pn=Cashback%20Desk&cu=INR&am=2.69&tn=blocked,s0yvzvasi754@axl,1,3.252,0.333,12,1,2.69,1,1
upi://pay?pa=merchant.784@paytm&pn=Sharma%20Kirana%20Store&cu=INR&am=4066.97,merchant.784@paytm,1,3.585,0.25,12,1,4066.97,0,0
upi://pay?pa=7t71ac27x1cen@okaxis&pn=Verify%20Account&cu=INR&tn=refund,7t71ac27x1cen@okaxis,1,3.027,0.462,13,0,0.0,1,1
upi://pay?pa=6226663762@upi&pn=Auto%20Rickshaw%20Stand&cu=INR,6226663762@upi,1,1.685,1.0,10,0,0.0,0,0
upi://pay?pa=6632348809@oksbi&pn=Verify%20Account&cu=INR&tn=urgent,6632348809@oksbi,1,2.722,1.0,10,0,0.0,1,1
upi://pay?pa=merchant.7849@okhdfcbank&pn=Priya%20Singh&cu=INR,merchant.7849@okhdfcbank,1,3.7,0.308,13,0,0.0,0,0
upi://pay?pa=vendor.shop@kotak&pn=Om%20Traders&cu=INR&am=661.77,vendor.shop@kotak,1,3.278,0.0,11,1,661.77,0,0
upi://pay?pa=paytrn220@paytm&pn=Prize%20Center&cu=INR&tn=suspend,paytrn220@paytm,1,2.948,0.333,9,0,0.0,1,1
upi://pay?pa=9141485207@oksbi&pn=Rahul%20Sharma&cu=INR,9141485207@oksbi,1,2.922,1.0,10,0,0.0,0,0
upi://pay?pa=7266498312@jio&pn=City%20Cafe&cu=INR&am=3723.79,7266498312@jio,1,2.922,1.0,10,1,3723.79,0,0
upi://pay?pa=6376964579@ybl&pn=Prize%20Center&cu=INR&tn=urgent,6376964579@ybl,1,2.446,1.0,10,0,0.0,1,1
upi://pay?pa=9942508505@ibl&pn=Auto%20Rickshaw%20Stand&cu=INR,9942508505@ibl,1,2.446,1.0,10,0,0.0,0,0
upi://pay?pa=kyc-team36@xn--upi&pn=Verify%20Account&cu=INR&tn=urgent,kyc-team36@xn--upi,0,3.322,0.2,10,0,0.0,1,1
upi://pay?pa=merchant.584@paytm&pn=City%20Cafe&cu=INR,merchant.584@paytm,1,3.585,0.25,12,0,0.0,0,0
upi://pay?pa=sunita.devi@okicici&pn=Auto%20Rickshaw%20Stand&cu=INR,sunita.devi@okicici,1,3.278,0.0,11,0,0.0,0,0
upi://pay?pa=paytrn407@okaxis&pn=Verify%20Account&cu=INR&tn=winner,paytrn407@okaxis,1,3.17,0.333,9,0,0.0,1,1
upi://pay?pa=vendor.shop@ibl&pn=Rahul%20Sharma&cu=INR&am=1485.72,vendor.shop@ibl,1,3.278,0.0,11,1,1485.72,0,0
upi://pay?pa=amit.kumar@okhdfcbank&pn=City%20Cafe&cu=INR,amit.kumar@okhdfcbank,1,2.922,0.0,10,0,0.0,0,0
upi://pay?pa=cashback82@secure-pay&pn=Prize%20Center&cu=INR&tn=verify-now,cashback82@secure-pay,0,2.922,0.2,10,0,0.0,1,1
upi://pay?pa=8108646283@okaxis&pn=Om%20Traders&cu=INR,8108646283@okaxis,1,2.646,1.0,10,0,0.0,0,0
upi://pay?pa=cashback63@xn--upi&pn=Cashback%20Desk&cu=INR,cashback63@xn--upi,0,2.922,0.2,10,0,0.0,0,1
upi://pay?pa=kyc-team34@refund-upi&pn=Cashback%20Desk&cu=INR&tn=reward,kyc-team34@refund-upi,0,3.322,0.2,10,0,0.0,1,1
upi://pay?pa=vendor.shop@upi&pn=Om%20Traders&cu=INR,vendor.shop@upi,1,3.278,0.0,11,0,0.0,0,0
upi://pay?pa=support6@pay-verify&pn=KYC%20Support&cu=INR&tn=cashback,support6@pay-verify,0,2.75,0.125,8,0,0.0,1,1
upi://pay?pa=merchant.4081@apl&pn=City%20Cafe&cu=INR&am=763.21,merchant.4081@apl,1,3.7,0.308,13,1,763.21,0,0
upi://pay?pa=phcnpe370@upi&pn=Cashback%20Desk&cu=INR&tn=kyc,phcnpe370@upi,1,2.948,0.333,9,0,0.0,1,1
upi://pay?pa=support40@kyc-update&pn=Cashback%20Desk&cu=INR&tn=refund,support40@kyc-update,0,2.948,0.222,9,0,0.0,1,1
upi://pay?pa=refund26@pay-verify&pn=Verify%20Account&cu=INR&tn=urgent,refund26@pay-verify,0,3.0,0.25,8,0,0.0,1,1
upi://pay?pa=goog1e-pay282@kotak&pn=Prize%20Center&cu=INR&tn=reward,goog1e-pay282@kotak,1,3.239,0.308,13,0,0.0,1,1
upi://pay?pa=1666138694@upi&pn=Refund%20Team&cu=INR&tn=urgent,1666138694@upi,1,2.322,1.0,10,0,0.0,1,1
upi://pay?pa=merchant.2043@hdfcbank&pn=City%20Cafe&cu=INR&am=661.0,merchant.2043@hdfcbank,1,3.7,0.308,13,1,661.0,0,0
upi://pay?pa=merchant.5946@upi&pn=City%20Cafe&cu=INR,merchant.5946@upi,1,3.7,0.308,13,0,0.0,0,0
upi://pay?pa=txc23f6zhm@ibl&pn=Refund%20Team&cu=INR&tn=verify-now,txc23f6zhm@ibl,1,3.322,0.3,10,0,0.0,1,1
upi://pay?pa=paytrn901@okhdfcbank&pn=KYC%20Support&cu=INR&tn=kyc,paytrn901@okhdfcbank,1,3.17,0.333,9,0,0.0,1,1
upi://pay?pa=amit.kumar@ibl&pn=City%20Cafe&cu=INR,amit.kumar@ibl,1,2.922,0.0,10,0,0.0,0,0
upi://pay?pa=merchant.8689@paytm&pn=Auto%20Rickshaw%20Stand&cu=INR,merchant.8689@paytm,1,3.547,0.308,13,0,0.0,0,0
upi://pay?pa=5352656867@upi&pn=Cashback%20Desk&cu=INR&tn=cashback,5352656867@upi,1,2.371,1.0,10,0,0.0,1,1
upi://pay?pa=merchant.8435@kotak&pn=Om%20Traders&cu=INR,merchant.8435@kotak,1,3.7,0.308,13,0,0.0,0,0
upi://pay?pa=amit.kumar@okaxis&pn=Om%20Traders&cu=INR&am=4882.66,amit.kumar@okaxis,1,2.922,0.0,10,1,4882.66,0,0
upi://pay?pa=phcnpe287@okicici&pn=KYC%20Support&cu=INR&am=1.93&tn=suspend,phcnpe287@okicici,1,2.948,0.333,9,1,1.93,1,1
upi://pay?pa=rahul.sharma@okhdfcbank&pn=City%20Cafe&cu=INR,rahul.sharma@okhdfcbank,1,2.855,0.0,12,0,0.0,0,0
upi://pay?pa=priya123@oksbi&pn=Priya%20Singh&cu=INR,priya123@oksbi,1,3.0,0.375,8,0,0.0,0,0
upi://pay?pa=merchant.944@ibl&pn=Sharma%20Kirana%20Store&cu=INR,merchant.944@ibl,1,3.418,0.25,12,0,0.0,0,0
upi://pay?pa=merchant.3528@paytm&pn=Rahul%20Sharma&cu=INR,merchant.3528@paytm,1,3.7,0.308,13,0,0.0,0,0
upi://pay?pa=merchant.3783@hdfcbank&pn=Auto%20Rickshaw%20Stand&cu=INR,merchant.3783@hdfcbank,1,3.547,0.308,13,0,0.0,0,0
upi://pay?pa=merchant.7048@ibl&pn=City%20Cafe&cu=INR,merchant.7048@ibl,1,3.7,0.308,13,0,0.0,0,0
upi://pay?pa=priya123@axl&pn=Sharma%20Kirana%20Store&cu=INR,priya123@axl,1,3.0,0.375,8,0,0.0,0,0
upi://pay?pa=paytrn518@upi&pn=KYC%20Support&cu=INR&am=1.03&tn=reward,paytrn518@upi,1,3.17,0.333,9,1,1.03,1,1
upi://pay?pa=6132734573@paytm&pn=City%20Cafe&cu=INR&am=2896.37,6132734573@paytm,1,2.646,1.0,10,1,2896.37,0,0
upi://pay?pa=5779969272@oksbi&pn=KYC%20Support&cu=INR&tn=refund,5779969272@oksbi,1,2.171,1.0,10,0,0.0,1,1
upi://pay?pa=8564262105@ybl&pn=Auto%20Rickshaw%20Stand&cu=INR,8564262105@ybl,1,2.722,1.0,10,0,0.0,0,0
upi://pay?pa=vendor.shop@okicici&pn=City%20Cafe&cu=INR&am=3766.23,vendor.shop@okicici,1,3.278,0.0,11,1,3766.23,0,0
upi://pay?pa=8551397793@paytm&pn=Om%20Traders&cu=INR,8551397793@paytm,1,2.522,1.0,10,0,0.0,0,0
upi://pay?pa=merchant.7681@paytm&pn=Auto%20Rickshaw%20Stand&cu=INR,merchant.7681@paytm,1,3.7,0.308,13,0,0.0,0,0
upi://pay?pa=merchant.7314@apl&pn=Green%20Grocers&cu=INR&am=1600.33,merchant.7314@apl,1,3.7,0.308,13,1,1600.33,0,0
upi://pay?pa=knkv25ukpks@idfcbank&pn=Refund%20Team&cu=INR&am=4.23&tn=kyc,knkv25ukpks@idfcbank,1,2.732,0.182,11,1,4.23,1,1
upi://pay?pa=cashback53@kyc-update&pn=KYC%20Support&cu=INR&tn=blocked,cashback53@kyc-update,0,2.922,0.2,10,0,0.0,1,1
upi://pay?pa=490316477@idfcbank&pn=Verify%20Account&cu=INR&am=1.35,490316477@idfcbank,1,2.725,1.0,9,1,1.35,0,1
upi://pay?pa=paytrn46@paytm&pn=Refund%20Team&cu=INR,paytrn46@paytm,1,3.0,0.25,8,0,0.0,0,1
upi://pay?pa=merchant.6312@upi&pn=Om%20Traders&cu=INR,merchant.6312@upi,1,3.7,0.308,13,0,0.0,0,0
upi://pay?pa=refund95@xn--upi&pn=KYC%20Support&cu=INR&tn=lottery,refund95@xn--upi,0,3.0,0.25,8,0,0.0,1,1
upi://pay?pa=7780837215@idfcbank&pn=KYC%20Support&cu=INR,7780837215@idfcbank,1,2.646,1.0,10,0,0.0,0,1
upi://pay?pa=v5rcr5y8je0dvn@upi&pn=Verify%20Account&cu=INR&tn=suspend,v5rcr5y8je0dvn@upi,1,3.379,0.286,14,0,0.0,1,1
upi://pay?pa=cashback27@secure-pay&pn=Verify%20Account&cu=INR&tn=cashback,cashback27@secure-pay,0,2.922,0.2,10,0,0.0,1,1
upi://pay?pa=9850132482@idfcbank&pn=Om%20Traders&cu=INR&am=715.05,9850132482@idfcbank,1,2.922,1.0,10,1,715.05,0,0
upi://pay?pa=5e93rc1y9lzyeatx@okhdfcbank&pn=Refund%20Team&cu=INR&tn=winner,5e93rc1y9lzyeatx@okhdfcbank,1,3.625,0.312,16,0,0.0,1,1
upi://pay?pa=paytrn373@okicici&pn=Refund%20Team&cu=INR&tn=refund,paytrn373@okicici,1,2.948,0.333,9,0,0.0,1,1
upi://pay?pa=merchant.9223@ybl&pn=City%20Cafe&cu=INR,merchant.9223@ybl,1,3.547,0.308,13,0,0.0,0,0
upi://pay?pa=amit.kumar@idfcbank&pn=City%20Cafe&cu=INR,amit.kumar@idfcbank,1,2.922,0.0,10,0,0.0,0,0
upi://pay?pa=dzv7txx6lk7@okicici&pn=Cashback%20Desk&cu=INR&am=1.07&tn=refund,dzv7txx6lk7@okicici,1,3.096,0.273,11,1,1.07,1,1
upi://pay?pa=goog1e-pay752@ybl&pn=Prize%20Center&cu=INR&am=2.24&tn=suspend,goog1e-pay752@ybl,1,3.393,0.308,13,1,2.24,1,1
upi://pay?pa=9210555359@apl&pn=Rahul%20Sharma&cu=INR&am=2739.74,9210555359@apl,1,2.322,1.0,10,1,2739.74,0,0
upi://pay?pa=yadevkso8ap90@axl&pn=Cashback%20Desk&cu=INR&tn=suspend,yadevkso8ap90@axl,1,3.547,0.231,13,0,0.0,1,1
upi://pay?pa=6629441413@oksbi&pn=Rahul%20Sharma&cu=INR,6629441413@oksbi,1,2.446,1.0,10,0,0.0,0,0
upi://pay?pa=2ufl9mq11p@okicici&pn=Cashback%20Desk&cu=INR&tn=blocked,2ufl9mq11p@okicici,1,3.122,0.4,10,0,0.0,1,1
upi://pay?pa=refund45@secure-pay&pn=Prize%20Center&cu=INR&tn=reward,refund45@secure-pay,0,3.0,0.25,8,0,0.0,1,1
upi://pay?pa=6444900634@jio&pn=City%20Cafe&cu=INR,6444900634@jio,1,2.122,1.0,10,0,0.0,0,0
upi://pay?pa=sunita.devi@ybl&pn=Green%20Grocers&cu=INR,sunita.devi@ybl,1,3.278,0.0,11,0,0.0,0,0
upi://pay?pa=paytrn444@hdfcbank&pn=Cashback%20Desk&cu=INR&am=3.64,paytrn444@hdfcbank,1,2.642,0.333,9,1,3.64,0,1
upi://pay?pa=support27@refund-upi&pn=Prize%20Center&cu=INR&am=3.84&tn=urgent,support27@refund-upi,0,2.948,0.222,9,1,3.84,1,1
upi://pay?pa=sunita.devi@ibl&pn=City%20Cafe&cu=INR,sunita.devi@ibl,1,3.278,0.0,11,0,0.0,0,0
upi://pay?pa=917203163@axl&pn=Prize%20Center&cu=INR,917203163@axl,1,2.725,1.0,9,0,0.0,0,1
upi://pay?pa=8633922877@okicici&pn=Rahul%20Sharma&cu=INR&am=1954.44,8633922877@okicici,1,2.522,1.0,10,1,1954.44,0,0
upi://pay?pa=kuh1dl1zl8g0e@apl&pn=Refund%20Team&cu=INR&am=2.57,kuh1dl1zl8g0e@apl,1,3.393,0.308,13,1,2.57,0,1
upi://pay?pa=priya123@hdfcbank&pn=Rahul%20Sharma&cu=INR,priya123@hdfcbank,1,3.0,0.375,8,0,0.0,0,0
upi://pay?pa=168610606@hdfcbank&pn=KYC%20Support&cu=INR&tn=kyc,168610606@hdfcbank,1,1.837,1.0,9,0,0.0,1,1
upi://pay?pa=priya123@kotak&pn=City%20Cafe&cu=INR,priya123@kotak,1,3.0,0.375,8,0,0.0,0,0
upi://pay?pa=sunita.devi@okicici&pn=Sharma%20Kirana%20Store&cu=INR&am=392.9,sunita.devi@okicici,1,3.278,0.0,11,1,392.9,0,0
upi://pay?pa=merchant.810@okicici&pn=Rahul%20Sharma&cu=INR&am=3920.47,merchant.810@okicici,1,3.585,0.25,12,1,3920.47,0,0
upi://pay?pa=w4p220x3ob@ybl&pn=Cashback%20Desk&cu=INR&tn=blocked,w4p220x3ob@ybl,1,3.122,0.5,10,0,0.0,1,1
upi://pay?pa=goog1e-pay825@oksbi&pn=Verify%20Account&cu=INR&tn=lottery,goog1e-pay825@oksbi,1,3.393,0.308,13,0,0.0,1,1
upi://pay?pa=merchant.6231@idfcbank&pn=Om%20Traders&cu=INR,merchant.6231@idfcbank,1,3.7,0.308,13,0,0.0,0,0
upi://pay?pa=merchant.8616@kotak&pn=Auto%20Rickshaw%20Stand&cu=INR&am=2108.14,merchant.8616@kotak,1,3.547,0.308,13,1,2108.14,0,0
upi://pay?pa=cashback21@pay-verify&pn=Refund%20Team&cu=INR&tn=verify-now,cashback21@pay-verify,0,2.922,0.2,10,0,0.0,1,1
upi://pay?pa=merchant.8941@ibl&pn=Auto%20Rickshaw%20Stand&cu=INR,merchant.8941@ibl,1,3.7,0.308,13,0,0.0,0,0
upi://pay?pa=5xfffgfajlfg@upi&pn=Verify%20Account&cu=INR&tn=kyc,5xfffgfajlfg@upi,1,2.451,0.083,12,0,0.0,1,1
upi://pay?pa=merchant.6897@kotak&pn=Rahul%20Sharma&cu=INR,merchant.6897@kotak,1,3.7,0.308,13,0,0.0,0,0
upi://pay?pa=8754415831@paytm&pn=Green%20Grocers&cu=INR,8754415831@paytm,1,2.522,1.0,10,0,0.0,0,0
upi://pay?pa=phcnpe647@upi&pn=KYC%20Support&cu=INR&tn=reward,phcnpe647@upi,1,2.948,0.333,9,0,0.0,1,1
upi://pay?pa=rahul.sharma@ybl&pn=Sharma%20Kirana%20Store&cu=INR,rahul.sharma@ybl,1,2.855,0.0,12,0,0.0,0,0
upi://pay?pa=gpfwcinvskhd1yu@ybl&pn=Refund%20Team&cu=INR&tn=lottery,gpfwcinvskhd1yu@ybl,1,3.907,0.067,15,0,0.0,1,1
upi://pay?pa=kyc-team4@secure-pay&pn=KYC%20Support&cu=INR&am=4.4&tn=kyc,kyc-team4@secure-pay,0,3.17,0.111,9,1,4.4,1,1
upi://pay?pa=7204978577@ibl&pn=Auto%20Rickshaw%20Stand&cu=INR,7204978577@ibl,1,2.522,1.0,10,0,0.0,0,0
upi://pay?pa=phcnpe624@axl&pn=KYC%20Support&cu=INR&am=1.42&tn=lottery,phcnpe624@axl,1,2.948,0.333,9,1,1.42,1,1
upi://pay?pa=amit.kumar@upi&pn=Green%20Grocers&cu=INR&am=2299.61,amit.kumar@upi,1,2.922,0.0,10,1,2299.61,0,0
upi://pay?pa=paytrn114@hdfcbank&pn=KYC%20Support&cu=INR&am=2.36&tn=verify-now,paytrn114@hdfcbank,1,2.948,0.333,9,1,2.36,1,1
upi://pay?pa=phcnpe764@axl&pn=Refund%20Team&cu=INR&tn=reward,phcnpe764@axl,1,2.948,0.333,9,0,0.0,1,1
upi://pay?pa=yep5zplyo0su0r@axl&pn=KYC%20Support&cu=INR&tn=suspend,yep5zplyo0su0r@axl,1,3.379,0.214,14,0,0.0,1,1
upi://pay?pa=6669486010@jio&pn=Green%20Grocers&cu=INR,6669486010@jio,1,2.322,1.0,10,0,0.0,0,0
upi://pay?pa=cashback12@secure-pay&pn=Prize%20Center&cu=INR,cashback12@secure-pay,0,2.922,0.2,10,0,0.0,0,1
upi://pay?pa=2969308066@axl&pn=KYC%20Support&cu=INR&tn=cashback,2969308066@axl,1,2.446,1.0,10,0,0.0,1,1
upi://pay?pa=merchant.4736@okicici&pn=Rahul%20Sharma&cu=INR,merchant.4736@okicici,1,3.7,0.308,13,0,0.0,0,0
upi://pay?pa=8940963071@oksbi&pn=Auto%20Rickshaw%20Stand&cu=INR,8940963071@oksbi,1,2.922,1.0,10,0,0.0,0,0
upi://pay?pa=merchant.8366@oksbi&pn=Rahul%20Sharma&cu=INR,merchant.8366@oksbi,1,3.547,0.308,13,0,0.0,0,0
upi://pay?pa=paytrn290@upi&pn=KYC%20Support&cu=INR&tn=winner,paytrn290@upi,1,3.17,0.333,9,0,0.0,1,1
upi://pay?pa=merchant.8291@apl&pn=Sharma%20Kirana%20Store&cu=INR,merchant.8291@apl,1,3.7,0.308,13,0,0.0,0,0
upi://pay?pa=rahul.sharma@upi&pn=Sharma%20Kirana%20Store&cu=INR,rahul.sharma@upi,1,2.855,0.0,12,0,0.0,0,0
upi://pay?pa=7125150931@idfcbank&pn=Verify%20Account&cu=INR&tn=cashback,7125150931@idfcbank,1,2.646,1.0,10,0,0.0,1,1
upi://pay?pa=7343884495@idfcbank&pn=Om%20Traders&cu=INR&am=3065.29,7343884495@idfcbank,1,2.446,1.0,10,1,3065.29,0,0
upi://pay?pa=6399222877@idfcbank&pn=Auto%20Rickshaw%20Stand&cu=INR,6399222877@idfcbank,1,2.446,1.0,10,0,0.0,0,0
upi://pay?pa=9237473036@ibl&pn=Refund%20Team&cu=INR&tn=reward,9237473036@ibl,1,2.646,1.0,10,0,0.0,1,1
upi://pay?pa=merchant.7364@okhdfcbank&pn=Priya%20Singh&cu=INR,merchant.7364@okhdfcbank,1,3.7,0.308,13,0,0.0,0,0
upi://pay?pa=sunita.devi@okicici&pn=Rahul%20Sharma&cu=INR,sunita.devi@okicici,1,3.278,0.0,11,0,0.0,0,0
upi://pay?pa=07t3ljokbzvyx@oksbi&pn=KYC%20Support&cu=INR,07t3ljokbzvyx@oksbi,1,3.7,0.231,13,0,0.0,0,1
upi://pay?pa=sunita.devi@apl&pn=Om%20Traders&cu=INR&am=3874.12,sunita.devi@apl,1,3.278,0.0,11,1,3874.12,0,0
upi://pay?pa=mq0ob1n6qw@okaxis&pn=Cashback%20Desk&cu=INR&am=4.55&tn=verify-now,mq0ob1n6qw@okaxis,1,3.122,0.3,10,1,4.55,1,1
upi://pay?pa=4334475178@ybl&pn=Verify%20Account&cu=INR&am=4.92&tn=suspend,4334475178@ybl,1,2.446,1.0,10,1,4.92,1,1
upi://pay?pa=phcnpe516@ybl&pn=Verify%20Account&cu=INR&tn=suspend,phcnpe516@ybl,1,2.948,0.333,9,0,0.0,1,1
upi://pay?pa=9133094557@ybl&pn=Prize%20Center&cu=INR&tn=winner,9133094557@ybl,1,2.722,1.0,10,0,0.0,1,1
upi://pay?pa=8491990661@okhdfcbank&pn=Om%20Traders&cu=INR,8491990661@okhdfcbank,1,2.446,1.0,10,0,0.0,0,0
upi://pay?pa=sunita.devi@idfcbank&pn=Rahul%20Sharma&cu=INR,sunita.devi@idfcbank,1,3.278,0.0,11,0,0.0,0,0
upi://pay?pa=1ppqvq1hu3fiqg@idfcbank&pn=Prize%20Center&cu=INR&tn=kyc,1ppqvq1hu3fiqg@idfcbank,1,3.182,0.214,14,0,0.0,1,1
upi://pay?pa=kyc-team43@xn--upi&pn=Prize%20Center&cu=INR&tn=reward,kyc-team43@xn--upi,0,3.322,0.2,10,0,0.0,1,1
upi://pay?pa=rahul.sharma@okicici&pn=Rahul%20Sharma&cu=INR,rahul.sharma@okicici,1,2.855,0.0,12,0,0.0,0,0
upi://pay?pa=sunita.devi@okhdfcbank&pn=Priya%20Singh&cu=INR&am=2556.21,sunita.devi@okhdfcbank,1,3.278,0.0,11,1,2556.21,0,0
upi://pay?pa=6070572216@apl&pn=Rahul%20Sharma&cu=INR&am=399.82,6070572216@apl,1,2.522,1.0,10,1,399.82,0,0
upi://pay?pa=7000896729@okicici&pn=Auto%20Rickshaw%20Stand&cu=INR,7000896729@okicici,1,2.446,1.0,10,0,0.0,0,0
upi://pay?pa=merchant.2203@hdfcbank&pn=Sharma%20Kirana%20Store&cu=INR&am=1949.28,merchant.2203@hdfcbank,1,3.547,0.308,13,1,1949.28,0,0
upi://pay?pa=merchant.1266@upi&pn=Om%20Traders&cu=INR&am=4449.34,merchant.1266@upi,1,3.547,0.308,13,1,4449.34,0,0
upi://pay?pa=ro2p36y5httnokya@okaxis&pn=Verify%20Account&cu=INR&am=4.78&tn=blocked,ro2p36y5httnokya@okaxis,1,3.625,0.25,16,1,4.78,1,1
upi://pay?pa=merchant.6344@jio&pn=Priya%20Singh&cu=INR&am=2631.83,merchant.6344@jio,1,3.547,0.308,13,1,2631.83,0,0
upi://pay?pa=kyc-team92@secure-pay&pn=Cashback%20Desk&cu=INR&tn=lottery,kyc-team92@secure-pay,0,3.322,0.2,10,0,0.0,1,1
upi://pay?pa=priya123@hdfcbank&pn=Om%20Traders&cu=INR&am=2605.29,priya123@hdfcbank,1,3.0,0.375,8,1,2605.29,0,0
upi://pay?pa=kyc-team47@secure-pay&pn=Refund%20Team&cu=INR&am=1.51&tn=blocked,kyc-team47@secure-pay,0,3.322,0.2,10,1,1.51,1,1
upi://pay?pa=cashback53@xn--upi&pn=Verify%20Account&cu=INR&tn=winner,cashback53@xn--upi,0,2.922,0.2,10,0,0.0,1,1
upi://pay?pa=merchant.7372@hdfcbank&pn=Om%20Traders&cu=INR&am=852.92,merchant.7372@hdfcbank,1,3.547,0.308,13,1,852.92,0,0
upi://pay?pa=9264386557@upi&pn=City%20Cafe&cu=INR,9264386557@upi,1,2.922,1.0,10,0,0.0,0,0
upi://pay?pa=sunita.devi@apl&pn=City%20Cafe&cu=INR,sunita.devi@apl,1,3.278,0.0,11,0,0.0,0,0
upi://pay?pa=rahul.sharma@apl&pn=City%20Cafe&cu=INR,rahul.sharma@apl,1,2.855,0.0,12,0,0.0,0,0
upi://pay?pa=47d7nc2dzdrhe@idfcbank&pn=Refund%20Team&cu=INR&tn=kyc,47d7nc2dzdrhe@idfcbank,1,3.181,0.308,13,0,0.0,1,1
upi://pay?pa=refund54@refund-upi&pn=KYC%20Support&cu=INR&am=4.75&tn=refund,refund54@refund-upi,0,3.0,0.25,8,1,4.75,1,1
upi://pay?pa=merchant.2817@jio&pn=Priya%20Singh&cu=INR,merchant.2817@jio,1,3.7,0.308,13,0,0.0,0,0
upi://pay?pa=7292000844@jio&pn=Verify%20Account&cu=INR&tn=blocked,7292000844@jio,1,2.446,1.0,10,0,0.0,1,1
upi://pay?pa=97kzb5fw1duhbx@hdfcbank&pn=Refund%20Team&cu=INR&tn=lottery,97kzb5fw1duhbx@hdfcbank,1,3.664,0.286,14,0,0.0,1,1
upi://pay?pa=support80@xn--upi&pn=Refund%20Team&cu=INR&am=4.16&tn=kyc,support80@xn--upi,0,2.948,0.222,9,1,4.16,1,1
upi://pay?pa=6015984742@okicici&pn=Green%20Grocers&cu=INR&am=1790.0,6015984742@okicici,1,3.122,1.0,10,1,1790.0,0,0
upi://pay?pa=5962580496@paytm&pn=Cashback%20Desk&cu=INR&tn=winner,5962580496@paytm,1,2.722,1.0,10,0,0.0,1,1
upi://pay?pa=ke94xqfkxm9@paytm&pn=Prize%20Center&cu=INR&am=3.28&tn=refund,ke94xqfkxm9@paytm,1,2.914,0.273,11,1,3.28,1,1
upi://pay?pa=q0mjkkegvka6@hdfcbank&pn=KYC%20Support&cu=INR&tn=suspend,q0mjkkegvka6@hdfcbank,1,3.189,0.167,12,0,0.0,1,1
upi://pay?pa=9090596936@jio&pn=City%20Cafe&cu=INR&am=4848.55,9090596936@jio,1,2.122,1.0,10,1,4848.55,0,0
upi://pay?pa=support23@secure-pay&pn=Prize%20Center&cu=INR&tn=kyc,support23@secure-pay,0,2.948,0.222,9,0,0.0,1,1
upi://pay?pa=priya123@oksbi&pn=Rahul%20Sharma&cu=INR,priya123@oksbi,1,3.0,0.375,8,0,0.0,0,0
upi://pay?pa=2eo4cytn8pla2q7l@ybl&pn=KYC%20Support&cu=INR&am=1.22&tn=suspend,2eo4cytn8pla2q7l@ybl,1,3.75,0.312,16,1,1.22,1,1
upi://pay?pa=va6fbf4fkkhyb0r3@jio&pn=Prize%20Center&cu=INR&tn=verify-now,va6fbf4fkkhyb0r3@jio,1,3.453,0.25,16,0,0.0,1,1
upi://pay?pa=refund43@kyc-update&pn=Prize%20Center&cu=INR&tn=reward,refund43@kyc-update,0,3.0,0.25,8,0,0.0,1,1
upi://pay?pa=7978182654@axl&pn=Rahul%20Sharma&cu=INR,7978182654@axl,1,2.922,1.0,10,0,0.0,0,0
upi://pay?pa=goog1e-pay399@jio&pn=Refund%20Team&cu=INR&tn=verify-now,goog1e-pay399@jio,1,3.239,0.308,13,0,0.0,1,1
upi://pay?pa=goog1e-pay712@oksbi&pn=Cashback%20Desk&cu=INR&tn=verify-now,goog1e-pay712@oksbi,1,3.239,0.308,13,0,0.0,1,1
upi://pay?pa=merchant.2377@ibl&pn=Priya%20Singh&cu=INR&am=2220.85,merchant.2377@ibl,1,3.547,0.308,13,1,2220.85,0,0
upi://pay?pa=7908280434@jio&pn=City%20Cafe&cu=INR,7908280434@jio,1,2.722,1.0,10,0,0.0,0,0
upi://pay?pa=z9e076wyk3x5@idfcbank&pn=Cashback%20Desk&cu=INR&tn=reward,z9e076wyk3x5@idfcbank,1,3.585,0.5,12,0,0.0,1,1
upi://pay?pa=7540170604@kotak&pn=Green%20Grocers&cu=INR&am=163.5,7540170604@kotak,1,2.446,1.0,10,1,163.5,0,0
upi://pay?pa=merchant.8273@ybl&pn=Rahul%20Sharma&cu=INR,merchant.8273@ybl,1,3.7,0.308,13,0,0.0,0,0
upi://pay?pa=8755143093@ibl&pn=Green%20Grocers&cu=INR&am=2010.4,8755143093@ibl,1,2.922,1.0,10,1,2010.4,0,0
upi://pay?pa=rahul.sharma@apl&pn=Green%20Grocers&cu=INR,rahul.sharma@apl,1,2.855,0.0,12,0,0.0,0,0
upi://pay?pa=priya123@okicici&pn=Auto%20Rickshaw%20Stand&cu=INR&am=3148.63,priya123@okicici,1,3.0,0.375,8,1,3148.63,0,0
upi://pay?pa=merchant.4408@okicici&pn=Priya%20Singh&cu=INR,merchant.4408@okicici,1,3.547,0.308,13,0,0.0,0,0
upi://pay?pa=merchant.3576@axl&pn=Rahul%20Sharma&cu=INR,merchant.3576@axl,1,3.7,0.308,13,0,0.0,0,0
upi://pay?pa=s0kdy8lwkh@paytm&pn=KYC%20Support&cu=INR&am=4.22&tn=suspend,s0kdy8lwkh@paytm,1,3.122,0.2,10,1,4.22,1,1
upi://pay?pa=9381542747@upi&pn=Auto%20Rickshaw%20Stand&cu=INR,9381542747@upi,1,2.922,1.0,10,0,0.0,0,0
upi://pay?pa=8359404443@apl&pn=Prize%20Center&cu=INR&tn=refund,8359404443@apl,1,2.322,1.0,10,0,0.0,1,1
upi://pay?pa=6828513941@apl&pn=Om%20Traders&cu=INR,6828513941@apl,1,2.922,1.0,10,0,0.0,0,0
upi://pay?pa=6739808003@ibl&pn=Auto%20Rickshaw%20Stand&cu=INR&am=1285.43,6739808003@ibl,1,2.446,1.0,10,1,1285.43,0,0
upi://pay?pa=paytrn924@oksbi&pn=Verify%20Account&cu=INR&tn=suspend,paytrn924@oksbi,1,3.17,0.333,9,0,0.0,1,1
upi://pay?pa=cashback94@xn--upi&pn=Verify%20Account&cu=INR&tn=urgent,cashback94@xn--upi,0,2.922,0.2,10,0,0.0,1,1
upi://pay?pa=8443499414@idfcbank&pn=Green%20Grocers&cu=INR,8443499414@idfcbank,1,1.961,1.0,10,0,0.0,0,0
upi://pay?pa=vendor.shop@hdfcbank&pn=Auto%20Rickshaw%20Stand&cu=INR,vendor.shop@hdfcbank,1,3.278,0.0,11,0,0.0,0,0
upi://pay?pa=9955267061@ibl&pn=City%20Cafe&cu=INR,9955267061@ibl,1,2.722,1.0,10,0,0.0,0,0
upi://pay?pa=goog1e-pay155@apl&pn=Cashback%20Desk&cu=INR&am=2.3&tn=lottery,goog1e-pay155@apl,1,3.085,0.308,13,1,2.3,1,1
upi://pay?pa=cashback27@kyc-update&pn=Prize%20Center&cu=INR&tn=urgent,cashback27@kyc-update,0,2.922,0.2,10,0,0.0,1,1
upi://pay?pa=merchant.7584@ybl&pn=Priya%20Singh&cu=INR,merchant.7584@ybl,1,3.7,0.308,13,0,0.0,0,0
upi://pay?pa=8897895650@hdfcbank&pn=Sharma%20Kirana%20Store&cu=INR,8897895650@hdfcbank,1,2.446,1.0,10,0,0.0,0,0
upi://pay?pa=paytrn149@upi&pn=Cashback%20Desk&cu=INR&tn=reward,paytrn149@upi,1,3.17,0.333,9,0,0.0,1,1
upi://pay?pa=7649558416@ibl&pn=Auto%20Rickshaw%20Stand&cu=INR,7649558416@ibl,1,2.722,1.0,10,0,0.0,0,0
upi://pay?pa=paytrn217@oksbi&pn=Cashback%20Desk&cu=INR&tn=reward,paytrn217@oksbi,1,3.17,0.333,9,0,0.0,1,1
upi://pay?pa=merchant.6229@okhdfcbank&pn=Auto%20Rickshaw%20Stand&cu=INR,merchant.6229@okhdfcbank,1,3.547,0.308,13,0,0.0,0,0
upi://pay?pa=7373716597@ybl&pn=Verify%20Account&cu=INR&tn=winner,7373716597@ybl,1,2.322,1.0,10,0,0.0,1,1
upi://pay?pa=6230250046@idfcbank&pn=Prize%20Center&cu=INR&tn=lottery,6230250046@idfcbank,1,2.446,1.0,10,0,0.0,1,1
upi://pay?pa=6097634221@axl&pn=Sharma%20Kirana%20Store&cu=INR,6097634221@axl,1,2.922,1.0,10,0,0.0,0,0
upi://pay?pa=phcnpe815@okaxis&pn=Verify%20Account&cu=INR&am=3.68&tn=cashback,phcnpe815@okaxis,1,2.948,0.333,9,1,3.68,1,1
upi://pay?pa=amit.kumar@okicici&pn=Priya%20Singh&cu=INR,amit.kumar@okicici,1,2.922,0.0,10,0,0.0,0,0
upi://pay?pa=hanmvtvoav4@kotak&pn=Cashback%20Desk&cu=INR&tn=refund,hanmvtvoav4@kotak,1,2.845,0.091,11,0,0.0,1,1
upi://pay?pa=phcnpe642@kotak&pn=Cashback%20Desk&cu=INR&tn=verify-now,phcnpe642@kotak,1,2.948,0.333,9,0,0.0,1,1
upi://pay?pa=8323650302@apl&pn=Rahul%20Sharma&cu=INR,8323650302@apl,1,2.446,1.0,10,0,0.0,0,0
upi://pay?pa=j76bjjqr1pfxtcxk@axl&pn=Verify%20Account&cu=INR&tn=urgent,j76bjjqr1pfxtcxk@axl,1,3.578,0.188,16,0,0.0,1,1
upi://pay?pa=merchant.3652@jio&pn=Green%20Grocers&cu=INR&am=3197.65,merchant.3652@jio,1,3.7,0.308,13,1,3197.65,0,0
upi://pay?pa=vendor.shop@apl&pn=Om%20Traders&cu=INR,vendor.shop@apl,1,3.278,0.0,11,0,0.0,0,0
upi://pay?pa=6vi7ep03lk0q@oksbi&pn=Cashback%20Desk&cu=INR&am=1.06&tn=lottery,6vi7ep03lk0q@oksbi,1,3.418,0.417,12,1,1.06,1,1
upi://pay?pa=amit.kumar@okhdfcbank&pn=Green%20Grocers&cu=INR,amit.kumar@okhdfcbank,1,2.922,0.0,10,0,0.0,0,0
upi://pay?pa=merchant.763@paytm&pn=Priya%20Singh&cu=INR,merchant.763@paytm,1,3.585,0.25,12,0,0.0,0,0
upi://pay?pa=c6dk57icl12s67jq@axl&pn=Prize%20Center&cu=INR&am=2.15&tn=reward,c6dk57icl12s67jq@axl,1,3.625,0.438,16,1,2.15,1,1
upi://pay?pa=cashback88@kyc-update&pn=Prize%20Center&cu=INR&tn=urgent,cashback88@kyc-update,0,2.722,0.2,10,0,0.0,1,1
upi://pay?pa=rahul.sharma@axl&pn=Om%20Traders&cu=INR,rahul.sharma@axl,1,2.855,0.0,12,0,0.0,0,0
upi://pay?pa=priya123@axl&pn=Sharma%20Kirana%20Store&cu=INR,priya123@axl,1,3.0,0.375,8,0,0.0,0,0
upi://pay?pa=vendor.shop@jio&pn=Sharma%20Kirana%20Store&cu=INR&am=224.37,vendor.shop@jio,1,3.278,0.0,11,1,224.37,0,0
upi://pay?pa=goog1e-pay253@ibl&pn=Refund%20Team&cu=INR&am=4.32&tn=winner,goog1e-pay253@ibl,1,3.393,0.308,13,1,4.32,1,1
upi://pay?pa=7367388020@jio&pn=Cashback%20Desk&cu=INR&tn=urgent,7367388020@jio,1,2.522,1.0,10,0,0.0,1,1
upi://pay?pa=1pmadfa0goajb6ru@kotak&pn=Verify%20Account&cu=INR&am=3.16&tn=cashback,1pmadfa0goajb6ru@kotak,1,3.703,0.188,16,1,3.16,1,1
upi://pay?pa=priya123@paytm&pn=Sharma%20Kirana%20Store&cu=INR,priya123@paytm,1,3.0,0.375,8,0,0.0,0,0
upi://pay?pa=9832640177@okhdfcbank&pn=City%20Cafe&cu=INR,9832640177@okhdfcbank,1,3.122,1.0,10,0,0.0,0,0
upi://pay?pa=8317709657@okicici&pn=Sharma%20Kirana%20Store&cu=INR&am=3252.21,8317709657@okicici,1,2.846,1.0,10,1,3252.21,0,0
upi://pay?pa=merchant.2336@idfcbank&pn=Priya%20Singh&cu=INR,merchant.2336@idfcbank,1,3.547,0.308,13,0,0.0,0,0
upi://pay?pa=3548201447@upi&pn=Verify%20Account&cu=INR&tn=blocked,3548201447@upi,1,2.846,1.0,10,0,0.0,1,1
upi://pay?pa=8950578969@ybl&pn=Verify%20Account&cu=INR&am=1.35&tn=urgent,8950578969@ybl,1,2.446,1.0,10,1,1.35,1,1
upi://pay?pa=gurt1rwvngcfolt3@hdfcbank&pn=Cashback%20Desk&cu=INR&tn=kyc,gurt1rwvngcfolt3@hdfcbank,1,3.625,0.125,16,0,0.0,1,1
upi://pay?pa=ektjepgyap9eib@idfcbank&pn=Verify%20Account&cu=INR&am=1.92&tn=cashback,ektjepgyap9eib@idfcbank,1,3.325,0.071,14,1,1.92,1,1
upi://pay?pa=3214648571@okhdfcbank&pn=Cashback%20Desk&cu=INR&tn=reward,3214648571@okhdfcbank,1,2.922,1.0,10,0,0.0,1,1
upi://pay?pa=9802949267@paytm&pn=Prize%20Center&cu=INR&am=1.87&tn=urgent,9802949267@paytm,1,2.646,1.0,10,1,1.87,1,1
upi://pay?pa=1810857028@okaxis&pn=Refund%20Team&cu=INR&am=1.45&tn=refund,1810857028@okaxis,1,2.446,1.0,10,1,1.45,1,1
upi://pay?pa=refund34@xn--upi&pn=Refund%20Team&cu=INR&am=3.67&tn=kyc,refund34@xn--upi,0,3.0,0.25,8,1,3.67,1,1
upi://pay?pa=amit.kumar@ibl&pn=Priya%20Singh&cu=INR,amit.kumar@ibl,1,2.922,0.0,10,0,0.0,0,0
upi://pay?pa=6757305041@paytm&pn=City%20Cafe&cu=INR,6757305041@paytm,1,2.722,1.0,10,0,0.0,0,0
upi://pay?pa=refund36@xn--upi&pn=Prize%20Center&cu=INR&tn=winner,refund36@xn--upi,0,3.0,0.25,8,0,0.0,1,1
upi://pay?pa=refund63@kyc-update&pn=KYC%20Support&cu=INR&am=3.2&tn=blocked,refund63@kyc-update,0,3.0,0.25,8,1,3.2,1,1
upi://pay?pa=4678773306@idfcbank&pn=Cashback%20Desk&cu=INR&tn=urgent,4678773306@idfcbank,1,2.446,1.0,10,0,0.0,1,1
upi://pay?pa=7270054077@paytm&pn=Refund%20Team&cu=INR&am=2.29&tn=urgent,7270054077@paytm,1,2.046,1.0,10,1,2.29,1,1
upi://pay?pa=priya123@kotak&pn=Sharma%20Kirana%20Store&cu=INR,priya123@kotak,1,3.0,0.375,8,0,0.0,0,0
upi://pay?pa=2128474919@okaxis&pn=Verify%20Account&cu=INR,2128474919@okaxis,1,2.522,1.0,10,0,0.0,0,1
upi://pay?pa=5155073397@okicici&pn=Verify%20Account&cu=INR&tn=lottery,5155073397@okicici,1,2.446,1.0,10,0,0.0,1,1
upi://pay?pa=phcnpe345@jio&pn=Prize%20Center&cu=INR&tn=blocked,phcnpe345@jio,1,2.948,0.333,9,0,0.0,1,1
upi://pay?pa=8892139146@axl&pn=Verify%20Account&cu=INR&am=4.24&tn=winner,8892139146@axl,1,2.722,1.0,10,1,4.24,1,1
upi://pay?pa=amit.kumar@okhdfcbank&pn=Sharma%20Kirana%20Store&cu=INR&am=2389.76,amit.kumar@okhdfcbank,1,2.922,0.0,10,1,2389.76,0,0
upi://pay?pa=1120144341@hdfcbank&pn=Refund%20Team&cu=INR&tn=blocked,1120144341@hdfcbank,1,2.046,1.0,10,0,0.0,1,1
upi://pay?pa=paytrn985@paytm&pn=Refund%20Team&cu=INR&tn=suspend,paytrn985@paytm,1,3.17,0.333,9,0,0.0,1,1
upi://pay?pa=merchant.5009@ibl&pn=Om%20Traders&cu=INR,merchant.5009@ibl,1,3.547,0.308,13,0,0.0,0,0
upi://pay?pa=vendor.shop@idfcbank&pn=Priya%20Singh&cu=INR,vendor.shop@idfcbank,1,3.278,0.0,11,0,0.0,0,0
upi://pay?pa=merchant.6032@okicici&pn=Green%20Grocers&cu=INR,merchant.6032@okicici,1,3.7,0.308,13,0,0.0,0,0
upi://pay?pa=8911571417@upi&pn=Auto%20Rickshaw%20Stand&cu=INR&am=3635.43,8911571417@upi,1,2.322,1.0,10,1,3635.43,0,0
upi://pay?pa=merchant.2187@idfcbank&pn=Auto%20Rickshaw%20Stand&cu=INR,merchant.2187@idfcbank,1,3.7,0.308,13,0,0.0,0,0
upi://pay?pa=1fimtb6t9by8nhq4@okicici&pn=Cashback%20Desk&cu=INR&tn=reward,1fimtb6t9by8nhq4@okicici,1,3.75,0.312,16,0,0.0,1,1
upi://pay?pa=merchant.1221@okaxis&pn=City%20Cafe&cu=INR,merchant.1221@okaxis,1,3.393,0.308,13,0,0.0,0,0
upi://pay?pa=8508601974@kotak&pn=Rahul%20Sharma&cu=INR&am=117.27,8508601974@kotak,1,2.922,1.0,10,1,117.27,0,0
upi://pay?pa=94127305@jio&pn=Refund%20Team&cu=INR&tn=urgent,94127305@jio,1,3.0,1.0,8,0,0.0,1,1
upi://pay?pa=9872601458@okhdfcbank&pn=Priya%20Singh&cu=INR&am=2694.89,9872601458@okhdfcbank,1,3.122,1.0,10,1,2694.89,0,0
upi://pay?pa=kyc-team24@secure-pay&pn=Refund%20Team&cu=INR&tn=suspend,kyc-team24@secure-pay,0,3.322,0.2,10,0,0.0,1,1
upi://pay?pa=6695642802@okhdfcbank&pn=Auto%20Rickshaw%20Stand&cu=INR,6695642802@okhdfcbank,1,2.646,1.0,10,0,0.0,0,0
upi://pay?pa=support18@kyc-update&pn=KYC%20Support&cu=INR&tn=reward,support18@kyc-update,0,2.948,0.222,9,0,0.0,1,1
upi://pay?pa=7614668129@axl&pn=Auto%20Rickshaw%20Stand&cu=INR,7614668129@axl,1,2.646,1.0,10,0,0.0,0,0
upi://pay?pa=amit.kumar@paytm&pn=Green%20Grocers&cu=INR,amit.kumar@paytm,1,2.922,0.0,10,0,0.0,0,0
upi://pay?pa=8728973181@jio&pn=Sharma%20Kirana%20Store&cu=INR&am=1350.33,8728973181@jio,1,2.446,1.0,10,1,1350.33,0,0
upi://pay?pa=goog1e-pay42@upi&pn=Prize%20Center&cu=INR&tn=reward,goog1e-pay42@upi,1,3.252,0.25,12,0,0.0,1,1
upi://pay?pa=merchant.5314@apl&pn=Rahul%20Sharma&cu=INR,merchant.5314@apl,1,3.7,0.308,13,0,0.0,0,0
upi://pay?pa=paytrn909@ibl&pn=Cashback%20Desk&cu=INR&am=4.69,paytrn909@ibl,1,2.948,0.333,9,1,4.69,0,1
upi://pay?pa=merchant.6966@apl&pn=Green%20Grocers&cu=INR,merchant.6966@apl,1,3.335,0.308,13,0,0.0,0,0
upi://pay?pa=1w7kf0fkaiezade@apl&pn=Verify%20Account&cu=INR&am=1.69,1w7kf0fkaiezade@apl,1,3.374,0.2,15,1,1.69,0,1
upi://pay?pa=merchant.4580@hdfcbank&pn=Priya%20Singh&cu=INR&am=3714.71,merchant.4580@hdfcbank,1,3.7,0.308,13,1,3714.71,0,0
upi://pay?pa=kyc-team60@pay-verify&pn=Prize%20Center&cu=INR&tn=winner,kyc-team60@pay-verify,0,3.322,0.2,10,0,0.0,1,1
upi://pay?pa=lf1xoyc6h52m@ybl&pn=Verify%20Account&cu=INR&tn=winner,lf1xoyc6h52m@ybl,1,3.585,0.333,12,0,0.0,1,1
upi://pay?pa=7915193614@ybl&pn=Green%20Grocers&cu=INR,7915193614@ybl,1,2.646,1.0,10,0,0.0,0,0
upi://pay?pa=037ff5hvv7finat@ybl&pn=Verify%20Account&cu=INR&am=2.81&tn=kyc,037ff5hvv7finat@ybl,1,3.323,0.333,15,1,2.81,1,1
upi://pay?pa=paytrn918@apl&pn=KYC%20Support&cu=INR&am=2.0&tn=reward,paytrn918@apl,1,3.17,0.333,9,1,2.0,1,1
upi://pay?pa=9157158174@oksbi&pn=Verify%20Account&cu=INR&tn=refund,9157158174@oksbi,1,2.446,1.0,10,0,0.0,1,1
upi://pay?pa=refund42@kyc-update&pn=KYC%20Support&cu=INR,refund42@kyc-update,0,3.0,0.25,8,0,0.0,0,1
upi://pay?pa=3479362698@okicici&pn=Prize%20Center&cu=INR&am=4.89&tn=lottery,3479362698@okicici,1,2.722,1.0,10,1,4.89,1,1
upi://pay?pa=goog1e-pay476@axl&pn=Cashback%20Desk&cu=INR&am=2.24&tn=urgent,goog1e-pay476@axl,1,3.393,0.308,13,1,2.24,1,1
upi://pay?pa=paytrn316@okicici&pn=Refund%20Team&cu=INR&am=4.95&tn=refund,paytrn316@okicici,1,3.17,0.333,9,1,4.95,1,1
upi://pay?pa=merchant.4165@jio&pn=City%20Cafe&cu=INR&am=2447.78,merchant.4165@jio,1,3.7,0.308,13,1,2447.78,0,0
upi://pay?pa=priya123@ybl&pn=City%20Cafe&cu=INR&am=2142.99,priya123@ybl,1,3.0,0.375,8,1,2142.99,0,0
upi://pay?pa=wga0xmvrustqfob@okicici&pn=Verify%20Account&cu=INR&tn=lottery,wga0xmvrustqfob@okicici,1,3.907,0.067,15,0,0.0,1,1
upi://pay?pa=merchant.9482@oksbi&pn=Priya%20Singh&cu=INR,merchant.9482@oksbi,1,3.7,0.308,13,0,0.0,0,0
upi://pay?pa=merchant.1223@apl&pn=Sharma%20Kirana%20Store&cu=INR,merchant.1223@apl,1,3.547,0.308,13,0,0.0,0,0
upi://pay?pa=9455272740@okhdfcbank&pn=Verify%20Account&cu=INR&tn=blocked,9455272740@okhdfcbank,1,2.522,1.0,10,0,0.0,1,1
upi://pay?pa=qlukkapilqme0e@upi&pn=KYC%20Support&cu=INR&am=4.47&tn=kyc,qlukkapilqme0e@upi,1,3.236,0.071,14,1,4.47,1,1
upi://pay?pa=support27@xn--upi&pn=Cashback%20Desk&cu=INR&am=4.76&tn=winner,support27@xn--upi,0,2.948,0.222,9,1,4.76,1,1
upi://pay?pa=merchant.662@paytm&pn=Auto%20Rickshaw%20Stand&cu=INR&am=1562.87,merchant.662@paytm,1,3.418,0.25,12,1,1562.87,0,0
upi://pay?pa=merchant.5285@hdfcbank&pn=Sharma%20Kirana%20Store&cu=INR,merchant.5285@hdfcbank,1,3.547,0.308,13,0,0.0,0,0
upi://pay?pa=qrs3m5ourol6bi@upi&pn=Cashback%20Desk&cu=INR&am=3.98&tn=urgent,qrs3m5ourol6bi@upi,1,3.522,0.214,14,1,3.98,1,1
upi://pay?pa=merchant.1758@oksbi&pn=Rahul%20Sharma&cu=INR,merchant.1758@oksbi,1,3.7,0.308,13,0,0.0,0,0
upi://pay?pa=goog1e-pay148@idfcbank&pn=Refund%20Team&cu=INR&tn=winner,goog1e-pay148@idfcbank,1,3.239,0.308,13,0,0.0,1,1
upi://pay?pa=8003484425@okicici&pn=Sharma%20Kirana%20Store&cu=INR,8003484425@okicici,1,2.446,1.0,10,0,0.0,0,0
upi://pay?pa=7638809377@axl&pn=Om%20Traders&cu=INR&am=2734.69,7638809377@axl,1,2.446,1.0,10,1,2734.69,0,0
upi://pay?pa=jj5m5zv9z8cu@jio&pn=Prize%20Center&cu=INR&am=2.54&tn=verify-now,jj5m5zv9z8cu@jio,1,3.085,0.333,12,1,2.54,1,1
upi://pay?pa=refund98@secure-pay&pn=Verify%20Account&cu=INR&tn=blocked,refund98@secure-pay,0,3.0,0.25,8,0,0.0,1,1
upi://pay?pa=t1zht4eif5s4j@oksbi&pn=Prize%20Center&cu=INR&am=1.04&tn=verify-now,t1zht4eif5s4j@oksbi,1,3.393,0.308,13,1,1.04,1,1
upi://pay?pa=merchant.7722@okaxis&pn=Auto%20Rickshaw%20Stand&cu=INR,merchant.7722@okaxis,1,3.393,0.308,13,0,0.0,0,0
upi://pay?pa=merchant.5346@okicici&pn=Green%20Grocers&cu=INR,merchant.5346@okicici,1,3.7,0.308,13,0,0.0,0,0
upi://pay?pa=186t2pxm8e@okaxis&pn=Prize%20Center&cu=INR&tn=urgent,186t2pxm8e@okaxis,1,3.122,0.5,10,0,0.0,1,1
upi://pay?pa=merchant.1364@hdfcbank&pn=Priya%20Singh&cu=INR,merchant.1364@hdfcbank,1,3.7,0.308,13,0,0.0,0,0
upi://pay?pa=goog1e-pay33@okaxis&pn=KYC%20Support&cu=INR&am=2.92&tn=refund,goog1e-pay33@okaxis,1,3.085,0.25,12,1,2.92,1,1
upi://pay?pa=278995334@axl&pn=Refund%20Team&cu=INR&am=2.91&tn=kyc,278995334@axl,1,2.725,1.0,9,1,2.91,1,1
upi://pay?pa=8259163947@ibl&pn=City%20Cafe&cu=INR,8259163947@ibl,1,3.122,1.0,10,0,0.0,0,0
upi://pay?pa=8079500806@oksbi&pn=Sharma%20Kirana%20Store&cu=INR,8079500806@oksbi,1,2.322,1.0,10,0,0.0,0,0
upi://pay?pa=merchant.7275@jio&pn=City%20Cafe&cu=INR,merchant.7275@jio,1,3.547,0.308,13,0,0.0,0,0
upi://pay?pa=sunita.devi@okaxis&pn=Rahul%20Sharma&cu=INR,sunita.devi@okaxis,1,3.278,0.0,11,0,0.0,0,0
upi://pay?pa=9561556324@idfcbank&pn=Green%20Grocers&cu=INR,9561556324@idfcbank,1,2.646,1.0,10,0,0.0,0,0
upi://pay?pa=qtjqmuz16gbo@ibl&pn=Refund%20Team&cu=INR&am=3.94&tn=suspend,qtjqmuz16gbo@ibl,1,3.418,0.167,12,1,3.94,1,1
upi://pay?pa=pntsekp8yn@ibl&pn=KYC%20Support&cu=INR&am=2.99&tn=cashback,pntsekp8yn@ibl,1,2.922,0.1,10,1,2.99,1,1
upi://pay?pa=7020780778@idfcbank&pn=Rahul%20Sharma&cu=INR,7020780778@idfcbank,1,1.846,1.0,10,0,0.0,0,0
upi://pay?pa=udu7xx9igd4@idfcbank&pn=Cashback%20Desk&cu=INR,udu7xx9igd4@idfcbank,1,2.914,0.273,11,0,0.0,0,1
upi://pay?pa=6219494988@okicici&pn=KYC%20Support&cu=INR&tn=blocked,6219494988@okicici,1,2.446,1.0,10,0,0.0,1,1
upi://pay?pa=90vfaq6vzn@okaxis&pn=Refund%20Team&cu=INR&tn=lottery,90vfaq6vzn@okaxis,1,3.122,0.3,10,0,0.0,1,1
upi://pay?pa=rahul.sharma@hdfcbank&pn=Om%20Traders&cu=INR,rahul.sharma@hdfcbank,1,2.855,0.0,12,0,0.0,0,0
upi://pay?pa=priya123@apl&pn=Priya%20Singh&cu=INR&am=2368.87,priya123@apl,1,3.0,0.375,8,1,2368.87,0,0
upi://pay?pa=priya123@kotak&pn=Green%20Grocers&cu=INR&am=1647.22,priya123@kotak,1,3.0,0.375,8,1,1647.22,0,0
upi://pay?pa=sxf1gehw9rh@hdfcbank&pn=Cashback%20Desk&cu=INR&tn=suspend,sxf1gehw9rh@hdfcbank,1,3.278,0.182,11,0,0.0,1,1
upi://pay?pa=7141178010@okicici&pn=Sharma%20Kirana%20Store&cu=INR&am=4908.26,7141178010@okicici,1,2.122,1.0,10,1,4908.26,0,0
upi://pay?pa=7022532318@oksbi&pn=Green%20Grocers&cu=INR,7022532318@oksbi,1,2.646,1.0,10,0,0.0,0,0
upi://pay?pa=paytrn241@axl&pn=Prize%20Center&cu=INR&am=4.24&tn=kyc,paytrn241@axl,1,3.17,0.333,9,1,4.24,1,1
upi://pay?pa=refund37@kyc-update&pn=Refund%20Team&cu=INR&am=1.07&tn=winner,refund37@kyc-update,0,3.0,0.25,8,1,1.07,1,1
upi://pay?pa=paytrn537@okaxis&pn=Refund%20Team&cu=INR&tn=blocked,paytrn537@okaxis,1,3.17,0.333,9,0,0.0,1,1
upi://pay?pa=6625217504@axl&pn=City%20Cafe&cu=INR&am=2665.21,6625217504@axl,1,2.722,1.0,10,1,2665.21,0,0
upi://pay?pa=9680791091@axl&pn=Green%20Grocers&cu=INR,9680791091@axl,1,2.446,1.0,10,0,0.0,0,0
upi://pay?pa=dvxylfu2faw2@jio&pn=Refund%20Team&cu=INR&tn=winner,dvxylfu2faw2@jio,1,3.252,0.167,12,0,0.0,1,1
upi://pay?pa=vny0fcl6fzpzn8@upi&pn=Cashback%20Desk&cu=INR&am=3.75&tn=cashback,vny0fcl6fzpzn8@upi,1,3.379,0.214,14,1,3.75,1,1
upi://pay?pa=9148027496@apl&pn=Green%20Grocers&cu=INR,9148027496@apl,1,2.922,1.0,10,0,0.0,0,0
upi://pay?pa=paytrn130@hdfcbank&pn=Cashback%20Desk&cu=INR&tn=refund,paytrn130@hdfcbank,1,3.17,0.333,9,0,0.0,1,1
upi://pay?pa=merchant.7471@paytm&pn=Green%20Grocers&cu=INR,merchant.7471@paytm,1,3.547,0.308,13,0,0.0,0,0
upi://pay?pa=vendor.shop@hdfcbank&pn=Green%20Grocers&cu=INR&am=3354.04,vendor.shop@hdfcbank,1,3.278,0.0,11,1,3354.04,0,0
upi://pay?pa=cashback14@pay-verify&pn=Refund%20Team&cu=INR,cashback14@pay-verify,0,2.922,0.2,10,0,0.0,0,1
upi://pay?pa=kyc-team10@kyc-update&pn=KYC%20Support&cu=INR&am=2.03&tn=blocked,kyc-team10@kyc-update,0,3.322,0.2,10,1,2.03,1,1
upi://pay?pa=5478195358@paytm&pn=Prize%20Center&cu=INR&tn=winner,5478195358@paytm,1,2.646,1.0,10,0,0.0,1,1
upi://pay?pa=rahul.sharma@ibl&pn=Sharma%20Kirana%20Store&cu=INR,rahul.sharma@ibl,1,2.855,0.0,12,0,0.0,0,0
upi://pay?pa=6867875464@okicici&pn=Priya%20Singh&cu=INR&am=2702.12,6867875464@okicici,1,2.246,1.0,10,1,2702.12,0,0
upi://pay?pa=cashback68@pay-verify&pn=Prize%20Center&cu=INR&tn=cashback,cashback68@pay-verify,0,2.922,0.2,10,0,0.0,1,1
upi://pay?pa=7533621911@apl&pn=Sharma%20Kirana%20Store&cu=INR,7533621911@apl,1,2.646,1.0,10,0,0.0,0,0
upi://pay?pa=7402498687@upi&pn=Auto%20Rickshaw%20Stand&cu=INR&am=1852.48,7402498687@upi,1,2.722,1.0,10,1,1852.48,0,0
upi://pay?pa=6418115287@axl&pn=Om%20Traders&cu=INR,6418115287@axl,1,2.646,1.0,10,0,0.0,0,0
upi://pay?pa=6210076241@oksbi&pn=Sharma%20Kirana%20Store&cu=INR,6210076241@oksbi,1,2.522,1.0,10,0,0.0,0,0
upi://pay?pa=paytrn744@hdfcbank&pn=Verify%20Account&cu=INR&tn=suspend,paytrn744@hdfcbank,1,2.948,0.333,9,0,0.0,1,1
upi://pay?pa=7983042772@oksbi&pn=Green%20Grocers&cu=INR&am=4294.72,7983042772@oksbi,1,2.646,1.0,10,1,4294.72,0,0
upi://pay?pa=kyc-team33@pay-verify&pn=Refund%20Team&cu=INR&am=2.19,kyc-team33@pay-verify,0,3.122,0.2,10,1,2.19,0,1
upi://pay?pa=2469637576@jio&pn=Prize%20Center&cu=INR&am=4.59&tn=suspend,2469637576@jio,1,2.646,1.0,10,1,4.59,1,1
upi://pay?pa=lhty2ltubrw62w0d@ybl&pn=Verify%20Account&cu=INR&tn=winner,lhty2ltubrw62w0d@ybl,1,3.5,0.25,16,0,0.0,1,1
upi://pay?pa=otov50zfggjaoyu@hdfcbank&pn=Refund%20Team&cu=INR&am=4.31&tn=blocked,otov50zfggjaoyu@hdfcbank,1,3.457,0.133,15,1,4.31,1,1
upi://pay?pa=2430072570@hdfcbank&pn=Verify%20Account&cu=INR&am=2.46,2430072570@hdfcbank,1,2.446,1.0,10,1,2.46,0,1
upi://pay?pa=9917889339@axl&pn=Refund%20Team&cu=INR&tn=lottery,9917889339@axl,1,2.122,1.0,10,0,0.0,1,1
upi://pay?pa=amit.kumar@okhdfcbank&pn=Auto%20Rickshaw%20Stand&cu=INR,amit.kumar@okhdfcbank,1,2.922,0.0,10,0,0.0,0,0
upi://pay?pa=rahul.sharma@hdfcbank&pn=Priya%20Singh&cu=INR,rahul.sharma@hdfcbank,1,2.855,0.0,12,0,0.0,0,0
upi://pay?pa=merchant.5851@upi&pn=Rahul%20Sharma&cu=INR,merchant.5851@upi,1,3.547,0.308,13,0,0.0,0,0
upi://pay?pa=paytrn93@upi&pn=KYC%20Support&cu=INR&tn=winner,paytrn93@upi,1,3.0,0.25,8,0,0.0,1,1
upi://pay?pa=l3ah4em5gotuam@oksbi&pn=Refund%20Team&cu=INR&tn=blocked,l3ah4em5gotuam@oksbi,1,3.522,0.214,14,0,0.0,1,1
upi://pay?pa=8232212989@oksbi&pn=City%20Cafe&cu=INR,8232212989@oksbi,1,2.122,1.0,10,0,0.0,0,0
upi://pay?pa=rahul.sharma@oksbi&pn=Priya%20Singh&cu=INR&am=4013.91,rahul.sharma@oksbi,1,2.855,0.0,12,1,4013.91,0,0
upi://pay?pa=merchant.194@kotak&pn=Green%20Grocers&cu=INR,merchant.194@kotak,1,3.585,0.25,12,0,0.0,0,0
upi://pay?pa=lsvyyaxnrq6@paytm&pn=Cashback%20Desk&cu=INR&tn=verify-now,lsvyyaxnrq6@paytm,1,3.278,0.091,11,0,0.0,1,1
upi://pay?pa=paytrn729@jio&pn=Cashback%20Desk&cu=INR&tn=winner,paytrn729@jio,1,3.17,0.333,9,0,0.0,1,1
upi://pay?pa=goog1e-pay329@ybl&pn=Verify%20Account&cu=INR,goog1e-pay329@ybl,1,3.393,0.308,13,0,0.0,0,1
upi://pay?pa=paytrn429@okicici&pn=Cashback%20Desk&cu=INR&tn=refund,paytrn429@okicici,1,3.17,0.333,9,0,0.0,1,1
upi://pay?pa=am5cspm0os2c4@jio&pn=Prize%20Center&cu=INR&tn=verify-now,am5cspm0os2c4@jio,1,3.239,0.308,13,0,0.0,1,1
upi://pay?pa=kyc-team45@kyc-update&pn=Prize%20Center&cu=INR&am=3.0&tn=suspend,kyc-team45@kyc-update,0,3.322,0.2,10,1,3.0,1,1
upi://pay?pa=8548450006@paytm&pn=Rahul%20Sharma&cu=INR&am=3490.38,8548450006@paytm,1,2.246,1.0,10,1,3490.38,0,0
upi://pay?pa=sunita.devi@okicici&pn=Auto%20Rickshaw%20Stand&cu=INR,sunita.devi@okicici,1,3.278,0.0,11,0,0.0,0,0
upi://pay?pa=merchant.5007@apl&pn=Om%20Traders&cu=INR,merchant.5007@apl,1,3.547,0.308,13,0,0.0,0,0
upi://pay?pa=priya123@kotak&pn=Rahul%20Sharma&cu=INR&am=3188.52,priya123@kotak,1,3.0,0.375,8,1,3188.52,0,0
upi://pay?pa=9245301925@apl&pn=Verify%20Account&cu=INR&tn=suspend,9245301925@apl,1,2.722,1.0,10,0,0.0,1,1
upi://pay?pa=8073486033@okaxis&pn=Sharma%20Kirana%20Store&cu=INR,8073486033@okaxis,1,2.446,1.0,10,0,0.0,0,0
upi://pay?pa=sunita.devi@hdfcbank&pn=Green%20Grocers&cu=INR,sunita.devi@hdfcbank,1,3.278,0.0,11,0,0.0,0,0
upi://pay?pa=4198368913@axl&pn=Verify%20Account&cu=INR&am=4.43&tn=verify-now,4198368913@axl,1,2.522,1.0,10,1,4.43,1,1
upi://pay?pa=merchant.2453@oksbi&pn=City%20Cafe&cu=INR&am=1530.09,merchant.2453@oksbi,1,3.7,0.308,13,1,1530.09,0,0
upi://pay?pa=phcnpe391@upi&pn=KYC%20Support&cu=INR&am=1.71&tn=verify-now,phcnpe391@upi,1,2.948,0.333,9,1,1.71,1,1
upi://pay?pa=6044646902@idfcbank&pn=Verify%20Account&cu=INR&tn=suspend,6044646902@idfcbank,1,2.171,1.0,10,0,0.0,1,1
upi://pay?pa=support22@secure-pay&pn=Cashback%20Desk&cu=INR&tn=cashback,support22@secure-pay,0,2.725,0.222,9,0,0.0,1,1
upi://pay?pa=7390645977@okhdfcbank&pn=KYC%20Support&cu=INR&am=3.06&tn=lottery,7390645977@okhdfcbank,1,2.646,1.0,10,1,3.06,1,1
upi://pay?pa=6wo7v1iz4jqi55js@jio&pn=Verify%20Account&cu=INR&tn=kyc,6wo7v1iz4jqi55js@jio,1,3.625,0.375,16,0,0.0,1,1
upi://pay?pa=1551264583@hdfcbank&pn=Verify%20Account&cu=INR&tn=refund,1551264583@hdfcbank,1,2.646,1.0,10,0,0.0,1,1
upi://pay?pa=support60@kyc-update&pn=Verify%20Account&cu=INR&tn=verify-now,support60@kyc-update,0,2.948,0.222,9,0,0.0,1,1
upi://pay?pa=paytrn56@okhdfcbank&pn=Verify%20Account&cu=INR&tn=verify-now,paytrn56@okhdfcbank,1,3.0,0.25,8,0,0.0,1,1
upi://pay?pa=merchant.4258@okhdfcbank&pn=Om%20Traders&cu=INR,merchant.4258@okhdfcbank,1,3.7,0.308,13,0,0.0,0,0
upi://pay?pa=support89@xn--upi&pn=Prize%20Center&cu=INR&am=4.19&tn=reward,support89@xn--upi,0,2.948,0.222,9,1,4.19,1,1
upi://pay?pa=sunita.devi@okicici&pn=Green%20Grocers&cu=INR,sunita.devi@okicici,1,3.278,0.0,11,0,0.0,0,0
upi://pay?pa=sflxezxpfhakr2@okaxis&pn=KYC%20Support&cu=INR&tn=winner,sflxezxpfhakr2@okaxis,1,3.522,0.071,14,0,0.0,1,1
upi://pay?pa=amit.kumar@okicici&pn=Rahul%20Sharma&cu=INR&am=3515.05,amit.kumar@okicici,1,2.922,0.0,10,1,3515.05,0,0
upi://pay?pa=6360308671@okicici&pn=Verify%20Account&cu=INR&am=3.94&tn=suspend,6360308671@okicici,1,2.446,1.0,10,1,3.94,1,1
upi://pay?pa=9863813067@paytm&pn=Green%20Grocers&cu=INR,9863813067@paytm,1,2.722,1.0,10,0,0.0,0,0
upi://pay?pa=ea4xpzwyhfuez5lw@oksbi&pn=Refund%20Team&cu=INR&tn=verify-now,ea4xpzwyhfuez5lw@oksbi,1,3.625,0.125,16,0,0.0,1,1
upi://pay?pa=wtsmcgxznv6@ibl&pn=Verify%20Account&cu=INR&am=2.09&tn=verify-now,wtsmcgxznv6@ibl,1,3.459,0.091,11,1,2.09,1,1
upi://pay?pa=phcnpe623@kotak&pn=Verify%20Account&cu=INR,phcnpe623@kotak,1,2.948,0.333,9,0,0.0,0,1
upi://pay?pa=qevfpvu2lyd@ybl&pn=KYC%20Support&cu=INR&am=1.34&tn=refund,qevfpvu2lyd@ybl,1,3.278,0.091,11,1,1.34,1,1
upi://pay?pa=rahul.sharma@oksbi&pn=City%20Cafe&cu=INR,rahul.sharma@oksbi,1,2.855,0.0,12,0,0.0,0,0
upi://pay?pa=rahul.sharma@paytm&pn=Auto%20Rickshaw%20Stand&cu=INR,rahul.sharma@paytm,1,2.855,0.0,12,0,0.0,0,0
upi://pay?pa=7849482575@ibl&pn=Priya%20Singh&cu=INR&am=4121.21,7849482575@ibl,1,2.522,1.0,10,1,4121.21,0,0
upi://pay?pa=9126014242@paytm&pn=Green%20Grocers&cu=INR,9126014242@paytm,1,2.446,1.0,10,0,0.0,0,0
upi://pay?pa=merchant.617@okicici&pn=Green%20Grocers&cu=INR,merchant.617@okicici,1,3.585,0.25,12,0,0.0,0,0
upi://pay?pa=kyc-team90@pay-verify&pn=Verify%20Account&cu=INR&tn=lottery,kyc-team90@pay-verify,0,3.322,0.2,10,0,0.0,1,1
upi://pay?pa=goog1e-pay558@axl&pn=Cashback%20Desk&cu=INR&am=1.95&tn=cashback,goog1e-pay558@axl,1,3.239,0.308,13,1,1.95,1,1
upi://pay?pa=9272461428@okaxis&pn=Om%20Traders&cu=INR,9272461428@okaxis,1,2.646,1.0,10,0,0.0,0,0
upi://pay?pa=kyc-team45@secure-pay&pn=KYC%20Support&cu=INR&tn=reward,kyc-team45@secure-pay,0,3.322,0.2,10,0,0.0,1,1
upi://pay?pa=6800392193@upi&pn=Om%20Traders&cu=INR,6800392193@upi,1,2.722,1.0,10,0,0.0,0,0
upi://pay?pa=f8awstybu503v@ibl&pn=Refund%20Team&cu=INR&tn=refund,f8awstybu503v@ibl,1,3.7,0.308,13,0,0.0,1,1
upi://pay?pa=merchant.7009@jio&pn=Rahul%20Sharma&cu=INR,merchant.7009@jio,1,3.547,0.308,13,0,0.0,0,0
upi://pay?pa=refund79@refund-upi&pn=KYC%20Support&cu=INR&am=4.34&tn=verify-now,refund79@refund-upi,0,3.0,0.25,8,1,4.34,1,1
upi://pay?pa=7597575577@okhdfcbank&pn=KYC%20Support&cu=INR&tn=cashback,7597575577@okhdfcbank,1,1.361,1.0,10,0,0.0,1,1
upi://pay?pa=8929454134@okicici&pn=City%20Cafe&cu=INR,8929454134@okicici,1,2.646,1.0,10,0,0.0,0,0
upi://pay?pa=rahul.sharma@okicici&pn=Auto%20Rickshaw%20Stand&cu=INR&am=730.33,rahul.sharma@okicici,1,2.855,0.0,12,1,730.33,0,0
upi://pay?pa=9213213454@jio&pn=City%20Cafe&cu=INR,9213213454@jio,1,2.522,1.0,10,0,0.0,0,0
upi://pay?pa=rahul.sharma@jio&pn=Priya%20Singh&cu=INR,rahul.sharma@jio,1,2.855,0.0,12,0,0.0,0,0
upi://pay?pa=sunita.devi@okaxis&pn=City%20Cafe&cu=INR,sunita.devi@okaxis,1,3.278,0.0,11,0,0.0,0,0
upi://pay?pa=merchant.3012@ybl&pn=Green%20Grocers&cu=INR&am=661.91,merchant.3012@ybl,1,3.7,0.308,13,1,661.91,0,0
upi://pay?pa=kyc-team85@pay-verify&pn=Verify%20Account&cu=INR&tn=urgent,kyc-team85@pay-verify,0,3.322,0.2,10,0,0.0,1,1
upi://pay?pa=8491015654@kotak&pn=Green%20Grocers&cu=INR,8491015654@kotak,1,2.722,1.0,10,0,0.0,0,0
upi://pay?pa=9812551113@ibl&pn=Cashback%20Desk&cu=INR&am=3.6&tn=suspend,9812551113@ibl,1,2.322,1.0,10,1,3.6,1,1
upi://pay?pa=kyc-team23@refund-upi&pn=Verify%20Account&cu=INR&tn=winner,kyc-team23@refund-upi,0,3.322,0.2,10,0,0.0,1,1
upi://pay?pa=merchant.4179@upi&pn=Rahul%20Sharma&cu=INR,merchant.4179@upi,1,3.7,0.308,13,0,0.0,0,0
upi://pay?pa=merchant.4554@jio&pn=Auto%20Rickshaw%20Stand&cu=INR&am=3249.32,merchant.4554@jio,1,3.393,0.308,13,1,3249.32,0,0
upi://pay?pa=merchant.3148@paytm&pn=Om%20Traders&cu=INR&am=1454.56,merchant.3148@paytm,1,3.7,0.308,13,1,1454.56,0,0
upi://pay?pa=sunita.devi@upi&pn=Green%20Grocers&cu=INR,sunita.devi@upi,1,3.278,0.0,11,0,0.0,0,0
upi://pay?pa=merchant.8950@ibl&pn=Rahul%20Sharma&cu=INR,merchant.8950@ibl,1,3.7,0.308,13,0,0.0,0,0
upi://pay?pa=rahul.sharma@ibl&pn=Sharma%20Kirana%20Store&cu=INR&am=4765.69,rahul.sharma@ibl,1,2.855,0.0,12,1,4765.69,0,0
upi://pay?pa=9xs5gd7spbz@okicici&pn=Verify%20Account&cu=INR&tn=suspend,9xs5gd7spbz@okicici,1,3.278,0.273,11,0,0.0,1,1
upi://pay?pa=7386550588@okicici&pn=Prize%20Center&cu=INR,7386550588@okicici,1,2.371,1.0,10,0,0.0,0,1
upi://pay?pa=phcnpe919@okhdfcbank&pn=Cashback%20Desk&cu=INR&am=1.6&tn=cashback,phcnpe919@okhdfcbank,1,2.725,0.333,9,1,1.6,1,1
upi://pay?pa=281971188@oksbi&pn=Prize%20Center&cu=INR&am=2.13&tn=lottery,281971188@oksbi,1,2.113,1.0,9,1,2.13,1,1
upi://pay?pa=rsg8f47yyip1f05h@okicici&pn=Cashback%20Desk&cu=INR&tn=winner,rsg8f47yyip1f05h@okicici,1,3.75,0.375,16,0,0.0,1,1
upi://pay?pa=6142189696@okaxis&pn=Priya%20Singh&cu=INR,6142189696@okaxis,1,2.446,1.0,10,0,0.0,0,0
upi://pay?pa=2738684025@hdfcbank&pn=Verify%20Account&cu=INR&tn=suspend,2738684025@hdfcbank,1,2.922,1.0,10,0,0.0,1,1
upi://pay?pa=goog1e-pay736@paytm&pn=Prize%20Center&cu=INR&tn=suspend,goog1e-pay736@paytm,1,3.393,0.308,13,0,0.0,1,1
upi://pay?pa=merchant.597@jio&pn=Om%20Traders&cu=INR,merchant.597@jio,1,3.585,0.25,12,0,0.0,0,0
upi://pay?pa=phcnpe199@okaxis&pn=KYC%20Support&cu=INR&tn=suspend,phcnpe199@okaxis,1,2.725,0.333,9,0,0.0,1,1
upi://pay?pa=amit.kumar@ibl&pn=City%20Cafe&cu=INR,amit.kumar@ibl,1,2.922,0.0,10,0,0.0,0,0
upi://pay?pa=al23iqg1ojl9@axl&pn=Refund%20Team&cu=INR&tn=refund,al23iqg1ojl9@axl,1,3.418,0.333,12,0,0.0,1,1
upi://pay?pa=7573478551@okaxis&pn=City%20Cafe&cu=INR,7573478551@okaxis,1,2.371,1.0,10,0,0.0,0,0
upi://pay?pa=4114263418@ibl&pn=Refund%20Team&cu=INR&am=1.57&tn=kyc,4114263418@ibl,1,2.371,1.0,10,1,1.57,1,1
upi://pay?pa=9006956201@paytm&pn=Sharma%20Kirana%20Store&cu=INR,9006956201@paytm,1,2.446,1.0,10,0,0.0,0,0
upi://pay?pa=brrbai3al6eja@kotak&pn=KYC%20Support&cu=INR&am=3.42&tn=suspend,brrbai3al6eja@kotak,1,3.027,0.154,13,1,3.42,1,1
upi://pay?pa=goog1e-pay812@jio&pn=Cashback%20Desk&cu=INR&tn=winner,goog1e-pay812@jio,1,3.239,0.308,13,0,0.0,1,1
upi://pay?pa=support61@pay-verify&pn=Cashback%20Desk&cu=INR&am=4.73&tn=refund,support61@pay-verify,0,2.948,0.222,9,1,4.73,1,1
upi://pay?pa=8534734556@idfcbank&pn=Om%20Traders&cu=INR&am=3133.57,8534734556@idfcbank,1,2.446,1.0,10,1,3133.57,0,0
upi://pay?pa=priya123@okaxis&pn=Priya%20Singh&cu=INR,priya123@okaxis,1,3.0,0.375,8,0,0.0,0,0
upi://pay?pa=8093574928@okaxis&pn=Priya%20Singh&cu=INR,8093574928@okaxis,1,2.922,1.0,10,0,0.0,0,0
upi://pay?pa=rahul.sharma@ybl&pn=Priya%20Singh&cu=INR,rahul.sharma@ybl,1,2.855,0.0,12,0,0.0,0,0
upi://pay?pa=sfkjza3ue1k2ic7@axl&pn=Cashback%20Desk&cu=INR&tn=lottery,sfkjza3ue1k2ic7@axl,1,3.774,0.267,15,0,0.0,1,1
upi://pay?pa=amit.kumar@axl&pn=Auto%20Rickshaw%20Stand&cu=INR,amit.kumar@axl,1,2.922,0.0,10,0,0.0,0,0
upi://pay?pa=do8t8mvw5oxi@axl&pn=Cashback%20Desk&cu=INR&tn=lottery,do8t8mvw5oxi@axl,1,3.252,0.25,12,0,0.0,1,1
upi://pay?pa=7790324159@apl&pn=Rahul%20Sharma&cu=INR,7790324159@apl,1,2.922,1.0,10,0,0.0,0,0
upi://pay?pa=mclice7w683o@hdfcbank&pn=KYC%20Support&cu=INR&am=2.93&tn=cashback,mclice7w683o@hdfcbank,1,3.418,0.333,12,1,2.93,1,1
upi://pay?pa=priya123@upi&pn=Auto%20Rickshaw%20Stand&cu=INR,priya123@upi,1,3.0,0.375,8,0,0.0,0,0
upi://pay?pa=phcnpe746@paytm&pn=Prize%20Center&cu=INR&tn=winner,phcnpe746@paytm,1,2.948,0.333,9,0,0.0,1,1
upi://pay?pa=refund12@refund-upi&pn=Cashback%20Desk&cu=INR&tn=cashback,refund12@refund-upi,0,3.0,0.25,8,0,0.0,1,1
upi://pay?pa=7404259759@kotak&pn=Rahul%20Sharma&cu=INR,7404259759@kotak,1,2.522,1.0,10,0,0.0,0,0
upi://pay?pa=8769597436@kotak&pn=Rahul%20Sharma&cu=INR,8769597436@kotak,1,2.722,1.0,10,0,0.0,0,0
upi://pay?pa=6284575931@idfcbank&pn=Cashback%20Desk&cu=INR&am=3.95&tn=verify-now,6284575931@idfcbank,1,3.122,1.0,10,1,3.95,1,1
upi://pay?pa=8186308906@apl&pn=Prize%20Center&cu=INR&tn=lottery,8186308906@apl,1,2.446,1.0,10,0,0.0,1,1
upi://pay?pa=merchant.5537@upi&pn=Rahul%20Sharma&cu=INR,merchant.5537@upi,1,3.547,0.308,13,0,0.0,0,0
upi://pay?pa=rahul.sharma@kotak&pn=Priya%20Singh&cu=INR,rahul.sharma@kotak,1,2.855,0.0,12,0,0.0,0,0
upi://pay?pa=8ckqc4lfsi0lj7z@ybl&pn=KYC%20Support&cu=INR&tn=urgent,8ckqc4lfsi0lj7z@ybl,1,3.64,0.267,15,0,0.0,1,1
upi://pay?pa=merchant.772@kotak&pn=Om%20Traders&cu=INR&am=4547.07,merchant.772@kotak,1,3.418,0.25,12,1,4547.07,0,0
upi://pay?pa=merchant.1016@ibl&pn=City%20Cafe&cu=INR,merchant.1016@ibl,1,3.547,0.308,13,0,0.0,0,0
upi://pay?pa=refund3@xn--upi&pn=KYC%20Support&cu=INR&am=4.4&tn=blocked,refund3@xn--upi,0,2.807,0.143,7,1,4.4,1,1
upi://pay?pa=padusqb00g9e@idfcbank&pn=Prize%20Center&cu=INR&tn=reward,padusqb00g9e@idfcbank,1,3.418,0.25,12,0,0.0,1,1
upi://pay?pa=merchant.5116@kotak&pn=Priya%20Singh&cu=INR,merchant.5116@kotak,1,3.547,0.308,13,0,0.0,0,0
upi://pay?pa=3495226333@okicici&pn=Prize%20Center&cu=INR&tn=reward,3495226333@okicici,1,2.322,1.0,10,0,0.0,1,1
upi://pay?pa=merchant.3982@oksbi&pn=City%20Cafe&cu=INR,merchant.3982@oksbi,1,3.7,0.308,13,0,0.0,0,0
upi://pay?pa=rahul.sharma@okicici&pn=Priya%20Singh&cu=INR&am=1420.05,rahul.sharma@okicici,1,2.855,0.0,12,1,1420.05,0,0
upi://pay?pa=merchant.9868@upi&pn=Auto%20Rickshaw%20Stand&cu=INR&am=658.45,merchant.9868@upi,1,3.547,0.308,13,1,658.45,0,0
upi://pay?pa=goog1e-pay998@idfcbank&pn=Cashback%20Desk&cu=INR&am=1.43&tn=verify-now,goog1e-pay998@idfcbank,1,3.239,0.308,13,1,1.43,1,1
upi://pay?pa=8846606153@ybl&pn=Refund%20Team&cu=INR&am=2.96&tn=cashback,8846606153@ybl,1,2.646,1.0,10,1,2.96,1,1
upi://pay?pa=support90@secure-pay&pn=Cashback%20Desk&cu=INR&am=2.7&tn=refund,support90@secure-pay,0,2.948,0.222,9,1,2.7,1,1
upi://pay?pa=9007457640@apl&pn=Rahul%20Sharma&cu=INR&am=2811.22,9007457640@apl,1,2.446,1.0,10,1,2811.22,0,0
upi://pay?pa=9267031264@okhdfcbank&pn=Auto%20Rickshaw%20Stand&cu=INR,9267031264@okhdfcbank,1,2.922,1.0,10,0,0.0,0,0
upi://pay?pa=merchant.7169@jio&pn=Green%20Grocers&cu=INR,merchant.7169@jio,1,3.7,0.308,13,0,0.0,0,0
upi://pay?pa=phcnpe230@jio&pn=KYC%20Support&cu=INR&am=1.23&tn=urgent,phcnpe230@jio,1,2.948,0.333,9,1,1.23,1,1
upi://pay?pa=merchant.5333@ybl&pn=Priya%20Singh&cu=INR,merchant.5333@ybl,1,3.335,0.308,13,0,0.0,0,0
upi://pay?pa=2189394274@okhdfcbank&pn=KYC%20Support&cu=INR&am=1.4&tn=lottery,2189394274@okhdfcbank,1,2.722,1.0,10,1,1.4,1,1
upi://pay?pa=kyc-team73@secure-pay&pn=Cashback%20Desk&cu=INR&tn=verify-now,kyc-team73@secure-pay,0,3.322,0.2,10,0,0.0,1,1
upi://pay?pa=9833102044@apl&pn=Sharma%20Kirana%20Store&cu=INR,9833102044@apl,1,2.722,1.0,10,0,0.0,0,0
upi://pay?pa=hpitza7uy4@apl&pn=Refund%20Team&cu=INR&tn=verify-now,hpitza7uy4@apl,1,3.322,0.2,10,0,0.0,1,1
upi://pay?pa=paytrn769@paytm&pn=Prize%20Center&cu=INR&tn=verify-now,paytrn769@paytm,1,3.17,0.333,9,0,0.0,1,1
upi://pay?pa=i791522ou2v@axl&pn=Verify%20Account&cu=INR&am=1.46&tn=urgent,i791522ou2v@axl,1,3.027,0.636,11,1,1.46,1,1
upi://pay?pa=9928031335@kotak&pn=City%20Cafe&cu=INR&am=619.22,9928031335@kotak,1,2.646,1.0,10,1,619.22,0,0
upi://pay?pa=8650249767@hdfcbank&pn=Om%20Traders&cu=INR,8650249767@hdfcbank,1,2.922,1.0,10,0,0.0,0,0
upi://pay?pa=amit.kumar@kotak&pn=Sharma%20Kirana%20Store&cu=INR,amit.kumar@kotak,1,2.922,0.0,10,0,0.0,0,0
upi://pay?pa=8241908873@apl&pn=Auto%20Rickshaw%20Stand&cu=INR,8241908873@apl,1,2.846,1.0,10,0,0.0,0,0
upi://pay?pa=nvsk6qm11r9@okaxis&pn=Verify%20Account&cu=INR&am=2.29,nvsk6qm11r9@okaxis,1,3.278,0.364,11,1,2.29,0,1
upi://pay?pa=merchant.6421@axl&pn=Green%20Grocers&cu=INR&am=3107.41,merchant.6421@axl,1,3.7,0.308,13,1,3107.41,0,0
upi://pay?pa=v7jmkjlnditn5k@okhdfcbank&pn=KYC%20Support&cu=INR,v7jmkjlnditn5k@okhdfcbank,1,3.379,0.143,14,0,0.0,0,1
upi://pay?pa=amit.kumar@oksbi&pn=Om%20Traders&cu=INR&am=1216.93,amit.kumar@oksbi,1,2.922,0.0,10,1,1216.93,0,0
upi://pay?pa=merchant.893@kotak&pn=Sharma%20Kirana%20Store&cu=INR,merchant.893@kotak,1,3.585,0.25,12,0,0.0,0,0
upi://pay?pa=9278959330@jio&pn=Green%20Grocers&cu=INR,9278959330@jio,1,2.646,1.0,10,0,0.0,0,0
upi://pay?pa=2039471653@idfcbank&pn=Prize%20Center&cu=INR&am=1.1&tn=kyc,2039471653@idfcbank,1,3.122,1.0,10,1,1.1,1,1
upi://pay?pa=8cfl1zypeqvv4@upi&pn=Prize%20Center&cu=INR&am=3.41,8cfl1zypeqvv4@upi,1,3.547,0.231,13,1,3.41,0,1
upi://pay?pa=qmlfp36jh83m@okicici&pn=Verify%20Account&cu=INR&tn=lottery,qmlfp36jh83m@okicici,1,3.252,0.333,12,0,0.0,1,1
upi://pay?pa=priya123@hdfcbank&pn=Priya%20Singh&cu=INR&am=3148.87,priya123@hdfcbank,1,3.0,0.375,8,1,3148.87,0,0
upi://pay?pa=3okanip3m7z@apl&pn=Refund%20Team&cu=INR&tn=cashback,3okanip3m7z@apl,1,3.278,0.273,11,0,0.0,1,1
upi://pay?pa=6091556323@oksbi&pn=Prize%20Center&cu=INR&tn=blocked,6091556323@oksbi,1,2.722,1.0,10,0,0.0,1,1
upi://pay?pa=amit.kumar@paytm&pn=Green%20Grocers&cu=INR,amit.kumar@paytm,1,2.922,0.0,10,0,0.0,0,0
upi://pay?pa=1151408410@paytm&pn=Cashback%20Desk&cu=INR&am=3.92&tn=verify-now,1151408410@paytm,1,2.122,1.0,10,1,3.92,1,1
upi://pay?pa=support10@xn--upi&pn=Prize%20Center&cu=INR&am=1.38,support10@xn--upi,0,2.948,0.222,9,1,1.38,0,1
upi://pay?pa=rahul.sharma@ybl&pn=Green%20Grocers&cu=INR,rahul.sharma@ybl,1,2.855,0.0,12,0,0.0,0,0
upi://pay?pa=rahul.sharma@ybl&pn=City%20Cafe&cu=INR&am=2775.92,rahul.sharma@ybl,1,2.855,0.0,12,1,2775.92,0,0
upi://pay?pa=phcnpe176@upi&pn=Refund%20Team&cu=INR&am=2.61&tn=verify-now,phcnpe176@upi,1,2.948,0.333,9,1,2.61,1,1
upi://pay?pa=5iyub31p35z@jio&pn=Prize%20Center&cu=INR&am=1.22&tn=lottery,5iyub31p35z@jio,1,3.096,0.455,11,1,1.22,1,1
upi://pay?pa=paytrn324@ybl&pn=Verify%20Account&cu=INR&tn=suspend,paytrn324@ybl,1,3.17,0.333,9,0,0.0,1,1
upi://pay?pa=refund32@xn--upi&pn=KYC%20Support&cu=INR&am=3.9&tn=blocked,refund32@xn--upi,0,3.0,0.25,8,1,3.9,1,1
upi://pay?pa=merchant.5160@jio&pn=Green%20Grocers&cu=INR&am=3232.9,merchant.5160@jio,1,3.7,0.308,13,1,3232.9,0,0
upi://pay?pa=merchant.3710@hdfcbank&pn=Om%20Traders&cu=INR,merchant.3710@hdfcbank,1,3.7,0.308,13,0,0.0,0,0
upi://pay?pa=7q25y7khg4g7n@okicici&pn=Refund%20Team&cu=INR&tn=reward,7q25y7khg4g7n@okicici,1,3.181,0.462,13,0,0.0,1,1
upi://pay?pa=paytrn745@okicici&pn=Refund%20Team&cu=INR&am=2.19&tn=refund,paytrn745@okicici,1,3.17,0.333,9,1,2.19,1,1
upi://pay?pa=merchant.7420@ibl&pn=Om%20Traders&cu=INR&am=3522.97,merchant.7420@ibl,1,3.7,0.308,13,1,3522.97,0,0
upi://pay?pa=goog1e-pay652@kotak&pn=KYC%20Support&cu=INR&am=1.17&tn=blocked,goog1e-pay652@kotak,1,3.393,0.308,13,1,1.17,1,1
upi://pay?pa=amit.kumar@oksbi&pn=Priya%20Singh&cu=INR&am=3944.84,amit.kumar@oksbi,1,2.922,0.0,10,1,3944.84,0,0
upi://pay?pa=6106163845@axl&pn=City%20Cafe&cu=INR,6106163845@axl,1,2.646,1.0,10,0,0.0,0,0
upi://pay?pa=sunita.devi@ybl&pn=Green%20Grocers&cu=INR&am=3998.21,sunita.devi@ybl,1,3.278,0.0,11,1,3998.21,0,0
upi://pay?pa=7687727081@okhdfcbank&pn=Green%20Grocers&cu=INR,7687727081@okhdfcbank,1,2.322,1.0,10,0,0.0,0,0
upi://pay?pa=3z30zbtvfh7@okaxis&pn=KYC%20Support&cu=INR&tn=lottery,3z30zbtvfh7@okaxis,1,3.096,0.364,11,0,0.0,1,1
upi://pay?pa=9489741721@okhdfcbank&pn=Om%20Traders&cu=INR,9489741721@okhdfcbank,1,2.522,1.0,10,0,0.0,0,0
upi://pay?pa=shllshwa7slk@oksbi&pn=Prize%20Center&cu=INR&tn=suspend,shllshwa7slk@oksbi,1,2.626,0.083,12,0,0.0,1,1
upi://pay?pa=merchant.6976@okhdfcbank&pn=Priya%20Singh&cu=INR,merchant.6976@okhdfcbank,1,3.547,0.308,13,0,0.0,0,0
upi://pay?pa=8576949740@upi&pn=Green%20Grocers&cu=INR&am=44.97,8576949740@upi,1,2.722,1.0,10,1,44.97,0,0
upi://pay?pa=5093982873@okaxis&pn=Verify%20Account&cu=INR&am=1.12&tn=reward,5093982873@okaxis,1,2.722,1.0,10,1,1.12,1,1
upi://pay?pa=6679026596@paytm&pn=City%20Cafe&cu=INR&am=1111.3,6679026596@paytm,1,2.322,1.0,10,1,1111.3,0,0
upi://pay?pa=6124269460@hdfcbank&pn=Prize%20Center&cu=INR&tn=winner,6124269460@hdfcbank,1,2.446,1.0,10,0,0.0,1,1
upi://pay?pa=gs2q0oklglq8n5@jio&pn=Cashback%20Desk&cu=INR&am=4.3&tn=lottery,gs2q0oklglq8n5@jio,1,3.379,0.286,14,1,4.3,1,1
upi://pay?pa=priya123@okaxis&pn=Priya%20Singh&cu=INR&am=4951.49,priya123@okaxis,1,3.0,0.375,8,1,4951.49,0,0
upi://pay?pa=merchant.8014@okhdfcbank&pn=Om%20Traders&cu=INR,merchant.8014@okhdfcbank,1,3.7,0.308,13,0,0.0,0,0
upi://pay?pa=phcnpe33@jio&pn=Refund%20Team&cu=INR&tn=lottery,phcnpe33@jio,1,2.5,0.25,8,0,0.0,1,1
upi://pay?pa=9199447945@jio&pn=Cashback%20Desk&cu=INR&am=1.94,9199447945@jio,1,2.046,1.0,10,1,1.94,0,1
upi://pay?pa=support72@pay-verify&pn=Prize%20Center&cu=INR&tn=blocked,support72@pay-verify,0,2.948,0.222,9,0,0.0,1,1
upi://pay?pa=7730875303@jio&pn=Sharma%20Kirana%20Store&cu=INR,7730875303@jio,1,2.171,1.0,10,0,0.0,0,0
upi://pay?pa=vendor.shop@paytm&pn=Sharma%20Kirana%20Store&cu=INR,vendor.shop@paytm,1,3.278,0.0,11,0,0.0,0,0
upi://pay?pa=paytrn520@idfcbank&pn=KYC%20Support&cu=INR&tn=lottery,paytrn520@idfcbank,1,3.17,0.333,9,0,0.0,1,1
upi://pay?pa=9272167208@axl&pn=Green%20Grocers&cu=INR,9272167208@axl,1,2.646,1.0,10,0,0.0,0,0
upi://pay?pa=9950847048@okicici&pn=City%20Cafe&cu=INR,9950847048@okicici,1,2.522,1.0,10,0,0.0,0,0
upi://pay?pa=y3v83mcymu0zj4@axl&pn=Cashback%20Desk&cu=INR&tn=lottery,y3v83mcymu0zj4@axl,1,3.379,0.357,14,0,0.0,1,1
upi://pay?pa=whcrcwrurd86dud@upi&pn=Cashback%20Desk&cu=INR&tn=suspend,whcrcwrurd86dud@upi,1,2.873,0.133,15,0,0.0,1,1
upi://pay?pa=priya123@upi&pn=Green%20Grocers&cu=INR,priya123@upi,1,3.0,0.375,8,0,0.0,0,0
upi://pay?pa=vendor.shop@upi&pn=Auto%20Rickshaw%20Stand&cu=INR,vendor.shop@upi,1,3.278,0.0,11,0,0.0,0,0
upi://pay?pa=merchant.1747@ibl&pn=Om%20Traders&cu=INR&am=3078.31,merchant.1747@ibl,1,3.547,0.308,13,1,3078.31,0,0
upi://pay?pa=goog1e-pay640@idfcbank&pn=Verify%20Account&cu=INR&am=3.38&tn=refund,goog1e-pay640@idfcbank,1,3.393,0.308,13,1,3.38,1,1
upi://pay?pa=goog1e-pay985@apl&pn=Prize%20Center&cu=INR,goog1e-pay985@apl,1,3.393,0.308,13,0,0.0,0,1
upi://pay?pa=8421719519@oksbi&pn=City%20Cafe&cu=INR&am=2969.29,8421719519@oksbi,1,2.646,1.0,10,1,2969.29,0,0
upi://pay?pa=9645019830@paytm&pn=Rahul%20Sharma&cu=INR,9645019830@paytm,1,2.922,1.0,10,0,0.0,0,0
upi://pay?pa=1956487724@oksbi&pn=KYC%20Support&cu=INR&tn=reward,1956487724@oksbi,1,2.922,1.0,10,0,0.0,1,1
upi://pay?pa=paytrn455@apl&pn=Prize%20Center&cu=INR&tn=lottery,paytrn455@apl,1,2.948,0.333,9,0,0.0,1,1
upi://pay?pa=refund2@kyc-update&pn=Refund%20Team&cu=INR&tn=refund,refund2@kyc-update,0,2.807,0.143,7,0,0.0,1,1
upi://pay?pa=support39@kyc-update&pn=Prize%20Center&cu=INR&tn=winner,support39@kyc-update,0,2.948,0.222,9,0,0.0,1,1
upi://pay?pa=phcnpe277@jio&pn=Refund%20Team&cu=INR&am=4.61,phcnpe277@jio,1,2.725,0.333,9,1,4.61,0,1
upi://pay?pa=353343122@axl&pn=Refund%20Team&cu=INR&tn=verify-now,353343122@axl,1,2.059,1.0,9,0,0.0,1,1
upi://pay?pa=9502609744@ibl&pn=Auto%20Rickshaw%20Stand&cu=INR,9502609744@ibl,1,2.722,1.0,10,0,0.0,0,0
upi://pay?pa=merchant.8884@upi&pn=Green%20Grocers&cu=INR&am=3214.14,merchant.8884@upi,1,3.335,0.308,13,1,3214.14,0,0
upi://pay?pa=amit.kumar@okhdfcbank&pn=City%20Cafe&cu=INR,amit.kumar@okhdfcbank,1,2.922,0.0,10,0,0.0,0,0
upi://pay?pa=merchant.2041@oksbi&pn=City%20Cafe&cu=INR,merchant.2041@oksbi,1,3.7,0.308,13,0,0.0,0,0
upi://pay?pa=merchant.2512@kotak&pn=Om%20Traders&cu=INR,merchant.2512@kotak,1,3.547,0.308,13,0,0.0,0,0
upi://pay?pa=goog1e-pay21@paytm&pn=KYC%20Support&cu=INR&tn=reward,goog1e-pay21@paytm,1,3.085,0.25,12,0,0.0,1,1
upi://pay?pa=7054828127@jio&pn=Om%20Traders&cu=INR,7054828127@jio,1,2.722,1.0,10,0,0.0,0,0
upi://pay?pa=7790025237@idfcbank&pn=Green%20Grocers&cu=INR,7790025237@idfcbank,1,2.446,1.0,10,0,0.0,0,0
upi://pay?pa=7033086978@axl&pn=KYC%20Support&cu=INR&tn=cashback,7033086978@axl,1,2.522,1.0,10,0,0.0,1,1
upi://pay?pa=44991659@okicici&pn=Prize%20Center&cu=INR&am=1.07&tn=refund,44991659@okicici,1,2.156,1.0,8,1,1.07,1,1
upi://pay?pa=merchant.1486@okaxis&pn=Om%20Traders&cu=INR,merchant.1486@okaxis,1,3.7,0.308,13,0,0.0,0,0
upi://pay?pa=refund19@pay-verify&pn=KYC%20Support&cu=INR,refund19@pay-verify,0,3.0,0.25,8,0,0.0,0,1
upi://pay?pa=8532855799@kotak&pn=City%20Cafe&cu=INR,8532855799@kotak,1,2.446,1.0,10,0,0.0,0,0
upi://pay?pa=2lth8g6irij@ybl&pn=Refund%20Team&cu=INR&tn=kyc,2lth8g6irij@ybl,1,3.278,0.273,11,0,0.0,1,1
upi://pay?pa=priya123@axl&pn=City%20Cafe&cu=INR,priya123@axl,1,3.0,0.375,8,0,0.0,0,0
upi://pay?pa=merchant.5401@hdfcbank&pn=Om%20Traders&cu=INR,merchant.5401@hdfcbank,1,3.7,0.308,13,0,0.0,0,0
upi://pay?pa=7127966460@paytm&pn=City%20Cafe&cu=INR,7127966460@paytm,1,2.646,1.0,10,0,0.0,0,0
upi://pay?pa=paytrn536@idfcbank&pn=KYC%20Support&cu=INR&tn=blocked,paytrn536@idfcbank,1,3.17,0.333,9,0,0.0,1,1
upi://pay?pa=l104s210u8u@ybl&pn=Refund%20Team&cu=INR&tn=lottery,l104s210u8u@ybl,1,2.914,0.636,11,0,0.0,1,1
upi://pay?pa=yke3zcxu11to0bog@okaxis&pn=Refund%20Team&cu=INR&tn=verify-now,yke3zcxu11to0bog@okaxis,1,3.75,0.25,16,0,0.0,1,1
upi://pay?pa=paytrn800@idfcbank&pn=Refund%20Team&cu=INR&tn=reward,paytrn800@idfcbank,1,2.948,0.333,9,0,0.0,1,1
upi://pay?pa=kyc-team24@kyc-update&pn=Prize%20Center&cu=INR&tn=blocked,kyc-team24@kyc-update,0,3.322,0.2,10,0,0.0,1,1
upi://pay?pa=phcnpe980@okicici&pn=Cashback%20Desk&cu=INR&am=1.2,phcnpe980@okicici,1,2.948,0.333,9,1,1.2,0,1
upi://pay?pa=goog1e-pay922@okhdfcbank&pn=Refund%20Team&cu=INR&am=3.3&tn=cashback,goog1e-pay922@okhdfcbank,1,3.239,0.308,13,1,3.3,1,1
upi://pay?pa=vendor.shop@okicici&pn=Rahul%20Sharma&cu=INR&am=1258.84,vendor.shop@okicici,1,3.278,0.0,11,1,1258.84,0,0
upi://pay?pa=rahul.sharma@okhdfcbank&pn=Sharma%20Kirana%20Store&cu=INR&am=4745.94,rahul.sharma@okhdfcbank,1,2.855,0.0,12,1,4745.94,0,0
upi://pay?pa=9714331527@idfcbank&pn=Green%20Grocers&cu=INR,9714331527@idfcbank,1,2.722,1.0,10,0,0.0,0,0
upi://pay?pa=phcnpe261@oksbi&pn=KYC%20Support&cu=INR,phcnpe261@oksbi,1,2.948,0.333,9,0,0.0,0,1
upi://pay?pa=aygraw0twpwhvf8@oksbi&pn=KYC%20Support&cu=INR&tn=urgent,aygraw0twpwhvf8@oksbi,1,3.457,0.133,15,0,0.0,1,1
upi://pay?pa=9164611982@idfcbank&pn=Green%20Grocers&cu=INR,9164611982@idfcbank,1,2.446,1.0,10,0,0.0,0,0
upi://pay?pa=priya123@paytm&pn=Green%20Grocers&cu=INR,priya123@paytm,1,3.0,0.375,8,0,0.0,0,0
upi://pay?pa=sunita.devi@idfcbank&pn=Priya%20Singh&cu=INR,sunita.devi@idfcbank,1,3.278,0.0,11,0,0.0,0,0
upi://pay?pa=merchant.1649@ybl&pn=Priya%20Singh&cu=INR&am=2227.13,merchant.1649@ybl,1,3.7,0.308,13,1,2227.13,0,0
upi://pay?pa=imw4hgil4f17a@upi&pn=Verify%20Account&cu=INR&am=2.5&tn=blocked,imw4hgil4f17a@upi,1,3.393,0.308,13,1,2.5,1,1
upi://pay?pa=vendor.shop@okicici&pn=Om%20Traders&cu=INR,vendor.shop@okicici,1,3.278,0.0,11,0,0.0,0,0
upi://pay?pa=sunita.devi@ibl&pn=City%20Cafe&cu=INR,sunita.devi@ibl,1,3.278,0.0,11,0,0.0,0,0
upi://pay?pa=5234990879@ybl&pn=Refund%20Team&cu=INR,5234990879@ybl,1,2.846,1.0,10,0,0.0,0,1
upi://pay?pa=589358405@oksbi&pn=KYC%20Support&cu=INR&am=4.5&tn=urgent,589358405@oksbi,1,2.419,1.0,9,1,4.5,1,1
upi://pay?pa=7341534346@upi&pn=Rahul%20Sharma&cu=INR,7341534346@upi,1,2.371,1.0,10,0,0.0,0,0
upi://pay?pa=9531376260@ybl&pn=Cashback%20Desk&cu=INR&tn=lottery,9531376260@ybl,1,2.922,1.0,10,0,0.0,1,1
upi://pay?pa=merchant.4456@jio&pn=Green%20Grocers&cu=INR,merchant.4456@jio,1,3.547,0.308,13,0,0.0,0,0
upi://pay?pa=refund73@kyc-update&pn=Refund%20Team&cu=INR&tn=blocked,refund73@kyc-update,0,3.0,0.25,8,0,0.0,1,1
upi://pay?pa=3z5ncy31zr7@ybl&pn=Prize%20Center&cu=INR&tn=winner,3z5ncy31zr7@ybl,1,3.096,0.455,11,0,0.0,1,1
upi://pay?pa=kyc-team98@pay-verify&pn=KYC%20Support&cu=INR&tn=lottery,kyc-team98@pay-verify,0,3.322,0.2,10,0,0.0,1,1
upi://pay?pa=2lcrz3rj4b@okicici&pn=Refund%20Team&cu=INR,2lcrz3rj4b@okicici,1,3.122,0.3,10,0,0.0,0,1
upi://pay?pa=merchant.7344@kotak&pn=Rahul%20Sharma&cu=INR&am=1739.35,merchant.7344@kotak,1,3.547,0.308,13,1,1739.35,0,0
upi://pay?pa=cashback4@xn--upi&pn=Cashback%20Desk&cu=INR&am=3.1,cashback4@xn--upi,0,2.725,0.111,9,1,3.1,0,1
upi://pay?pa=phcnpe238@okicici&pn=Cashback%20Desk&cu=INR&tn=urgent,phcnpe238@okicici,1,2.948,0.333,9,0,0.0,1,1
upi://pay?pa=6530065933@jio&pn=Auto%20Rickshaw%20Stand&cu=INR,6530065933@jio,1,2.246,1.0,10,0,0.0,0,0
upi://pay?pa=phcnpe909@idfcbank&pn=Prize%20Center&cu=INR,phcnpe909@idfcbank,1,2.725,0.333,9,0,0.0,0,1
upi://pay?pa=amit.kumar@oksbi&pn=Priya%20Singh&cu=INR,amit.kumar@oksbi,1,2.922,0.0,10,0,0.0,0,0
upi://pay?pa=dxf1q2b7wpoozwr@apl&pn=Refund%20Team&cu=INR&tn=urgent,dxf1q2b7wpoozwr@apl,1,3.64,0.2,15,0,0.0,1,1
upi://pay?pa=4934942714@okicici&pn=Refund%20Team&cu=INR&tn=kyc,4934942714@okicici,1,2.322,1.0,10,0,0.0,1,1
upi://pay?pa=paytrn645@ybl&pn=Refund%20Team&cu=INR&am=3.25&tn=verify-now,paytrn645@ybl,1,3.17,0.333,9,1,3.25,1,1
upi://pay?pa=phcnpe78@ibl&pn=Cashback%20Desk&cu=INR,phcnpe78@ibl,1,2.75,0.25,8,0,0.0,0,1
upi://pay?pa=vendor.shop@kotak&pn=City%20Cafe&cu=INR&am=2899.04,vendor.shop@kotak,1,3.278,0.0,11,1,2899.04,0,0
upi://pay?pa=merchant.3081@upi&pn=Priya%20Singh&cu=INR,merchant.3081@upi,1,3.7,0.308,13,0,0.0,0,0
upi://pay?pa=merchant.4629@oksbi&pn=Green%20Grocers&cu=INR,merchant.4629@oksbi,1,3.7,0.308,13,0,0.0,0,0
upi://pay?pa=8184774084@jio&pn=Rahul%20Sharma&cu=INR,8184774084@jio,1,2.171,1.0,10,0,0.0,0,0
upi://pay?pa=ypwlieoxvku@jio&pn=KYC%20Support&cu=INR&tn=winner,ypwlieoxvku@jio,1,3.459,0.0,11,0,0.0,1,1
upi://pay?pa=cashback77@pay-verify&pn=Cashback%20Desk&cu=INR&tn=verify-now,cashback77@pay-verify,0,2.722,0.2,10,0,0.0,1,1
upi://pay?pa=8925390013@okhdfcbank&pn=Prize%20Center&cu=INR&tn=verify-now,8925390013@okhdfcbank,1,2.722,1.0,10,0,0.0,1,1
upi://pay?pa=goog1e-pay64@paytm&pn=Refund%20Team&cu=INR&tn=winner,goog1e-pay64@paytm,1,3.252,0.25,12,0,0.0,1,1
upi://pay?pa=phcnpe663@axl&pn=Verify%20Account&cu=INR&tn=winner,phcnpe663@axl,1,2.725,0.333,9,0,0.0,1,1
upi://pay?pa=2gagph0rnwk1s@kotak&pn=Refund%20Team&cu=INR&tn=kyc,2gagph0rnwk1s@kotak,1,3.547,0.231,13,0,0.0,1,1
upi://pay?pa=merchant.5459@oksbi&pn=Auto%20Rickshaw%20Stand&cu=INR,merchant.5459@oksbi,1,3.547,0.308,13,0,0.0,0,0
upi://pay?pa=4872725659@hdfcbank&pn=Prize%20Center&cu=INR&am=1.61&tn=winner,4872725659@hdfcbank,1,2.722,1.0,10,1,1.61,1,1
upi://pay?pa=8220487710@apl&pn=Green%20Grocers&cu=INR,8220487710@apl,1,2.522,1.0,10,0,0.0,0,0
upi://pay?pa=9366698765@okhdfcbank&pn=Sharma%20Kirana%20Store&cu=INR&am=4630.22,9366698765@okhdfcbank,1,2.322,1.0,10,1,4630.22,0,0
upi://pay?pa=priya123@upi&pn=Auto%20Rickshaw%20Stand&cu=INR,priya123@upi,1,3.0,0.375,8,0,0.0,0,0
upi://pay?pa=5875996494@okaxis&pn=Refund%20Team&cu=INR,5875996494@okaxis,1,2.446,1.0,10,0,0.0,0,1
upi://pay?pa=merchant.8229@apl&pn=City%20Cafe&cu=INR&am=4165.37,merchant.8229@apl,1,3.547,0.308,13,1,4165.37,0,0
upi://pay?pa=utko9i7bxd@paytm&pn=Refund%20Team&cu=INR&am=4.31&tn=lottery,utko9i7bxd@paytm,1,3.322,0.2,10,1,4.31,1,1
upi://pay?pa=merchant.2596@oksbi&pn=Green%20Grocers&cu=INR,merchant.2596@oksbi,1,3.7,0.308,13,0,0.0,0,0
upi://pay?pa=7871763887@kotak&pn=Auto%20Rickshaw%20Stand&cu=INR,7871763887@kotak,1,2.046,1.0,10,0,0.0,0,0
upi://pay?pa=sunita.devi@okaxis&pn=Om%20Traders&cu=INR,sunita.devi@okaxis,1,3.278,0.0,11,0,0.0,0,0
upi://pay?pa=phcnpe274@hdfcbank&pn=Prize%20Center&cu=INR&tn=cashback,phcnpe274@hdfcbank,1,2.948,0.333,9,0,0.0,1,1
upi://pay?pa=7715124233@idfcbank&pn=Om%20Traders&cu=INR,7715124233@idfcbank,1,2.522,1.0,10,0,0.0,0,0
upi://pay?pa=7614353334@kotak&pn=Prize%20Center&cu=INR&am=3.49&tn=reward,7614353334@kotak,1,2.322,1.0,10,1,3.49,1,1
upi://pay?pa=cashback1@xn--upi&pn=Cashback%20Desk&cu=INR&am=1.73&tn=urgent,cashback1@xn--upi,0,2.725,0.111,9,1,1.73,1,1
upi://pay?pa=vendor.shop@jio&pn=Rahul%20Sharma&cu=INR&am=3749.71,vendor.shop@jio,1,3.278,0.0,11,1,3749.71,0,0
upi://pay?pa=merchant.1967@kotak&pn=Om%20Traders&cu=INR,merchant.1967@kotak,1,3.7,0.308,13,0,0.0,0,0
upi://pay?pa=paytrn671@idfcbank&pn=Prize%20Center&cu=INR&am=3.91&tn=reward,paytrn671@idfcbank,1,3.17,0.333,9,1,3.91,1,1
upi://pay?pa=gf2ixw2lynhx2o3l@okhdfcbank&pn=Cashback%20Desk&cu=INR&tn=reward,gf2ixw2lynhx2o3l@okhdfcbank,1,3.453,0.25,16,0,0.0,1,1
upi://pay?pa=merchant.3787@kotak&pn=Rahul%20Sharma&cu=INR,merchant.3787@kotak,1,3.547,0.308,13,0,0.0,0,0
upi://pay?pa=amit.kumar@okicici&pn=Om%20Traders&cu=INR&am=3667.56,amit.kumar@okicici,1,2.922,0.0,10,1,3667.56,0,0
upi://pay?pa=3507875806@okicici&pn=Refund%20Team&cu=INR&tn=blocked,3507875806@okicici,1,2.522,1.0,10,0,0.0,1,1
upi://pay?pa=merchant.2676@hdfcbank&pn=City%20Cafe&cu=INR,merchant.2676@hdfcbank,1,3.547,0.308,13,0,0.0,0,0
upi://pay?pa=support90@refund-upi&pn=Refund%20Team&cu=INR&am=2.86&tn=refund,support90@refund-upi,0,2.948,0.222,9,1,2.86,1,1
upi://pay?pa=merchant.2614@idfcbank&pn=City%20Cafe&cu=INR,merchant.2614@idfcbank,1,3.7,0.308,13,0,0.0,0,0
upi://pay?pa=vendor.shop@okaxis&pn=Rahul%20Sharma&cu=INR&am=1351.93,vendor.shop@okaxis,1,3.278,0.0,11,1,1351.93,0,0
upi://pay?pa=6534094883@paytm&pn=Om%20Traders&cu=INR&am=3449.62,6534094883@paytm,1,2.722,1.0,10,1,3449.62,0,0
upi://pay?pa=priya123@idfcbank&pn=Om%20Traders&cu=INR&am=2377.31,priya123@idfcbank,1,3.0,0.375,8,1,2377.31,0,0
upi://pay?pa=v3g60992a96@okhdfcbank&pn=Prize%20Center&cu=INR&tn=kyc,v3g60992a96@okhdfcbank,1,2.845,0.727,11,0,0.0,1,1
upi://pay?pa=9968165616@okhdfcbank&pn=Priya%20Singh&cu=INR,9968165616@okhdfcbank,1,2.122,1.0,10,0,0.0,0,0
upi://pay?pa=kyc-team35@secure-pay&pn=Cashback%20Desk&cu=INR&am=1.38&tn=winner,kyc-team35@secure-pay,0,3.322,0.2,10,1,1.38,1,1
upi://pay?pa=phcnpe631@axl&pn=Refund%20Team&cu=INR&tn=verify-now,phcnpe631@axl,1,2.948,0.333,9,0,0.0,1,1
upi://pay?pa=273924165@ibl&pn=KYC%20Support&cu=INR&tn=reward,273924165@ibl,1,2.948,1.0,9,0,0.0,1,1
upi://pay?pa=6909707455@okaxis&pn=City%20Cafe&cu=INR,6909707455@okaxis,1,2.522,1.0,10,0,0.0,0,0
upi://pay?pa=r2w71tjohpjf9899@okhdfcbank&pn=KYC%20Support&cu=INR&am=4.68&tn=kyc,r2w71tjohpjf9899@okhdfcbank,1,3.578,0.438,16,1,4.68,1,1
upi://pay?pa=sunita.devi@axl&pn=Om%20Traders&cu=INR,sunita.devi@axl,1,3.278,0.0,11,0,0.0,0,0
upi://pay?pa=vendor.shop@upi&pn=City%20Cafe&cu=INR,vendor.shop@upi,1,3.278,0.0,11,0,0.0,0,0
upi://pay?pa=paytrn735@axl&pn=Refund%20Team&cu=INR&am=4.49&tn=winner,paytrn735@axl,1,3.17,0.333,9,1,4.49,1,1
upi://pay?pa=8295332770@oksbi&pn=Green%20Grocers&cu=INR&am=1222.16,8295332770@oksbi,1,2.722,1.0,10,1,1222.16,0,0
upi://pay?pa=priya123@okicici&pn=Rahul%20Sharma&cu=INR,priya123@okicici,1,3.0,0.375,8,0,0.0,0,0
upi://pay?pa=sunita.devi@hdfcbank&pn=Rahul%20Sharma&cu=INR&am=2505.57,sunita.devi@hdfcbank,1,3.278,0.0,11,1,2505.57,0,0
upi://pay?pa=j432da1miob93my@okhdfcbank&pn=KYC%20Support&cu=INR&tn=reward,j432da1miob93my@okhdfcbank,1,3.64,0.4,15,0,0.0,1,1
upi://pay?pa=goog1e-pay974@jio&pn=Verify%20Account&cu=INR&am=1.39&tn=urgent,goog1e-pay974@jio,1,3.393,0.308,13,1,1.39,1,1
upi://pay?pa=merchant.3448@apl&pn=City%20Cafe&cu=INR,merchant.3448@apl,1,3.547,0.308,13,0,0.0,0,0
upi://pay?pa=goog1e-pay795@kotak&pn=Verify%20Account&cu=INR&tn=verify-now,goog1e-pay795@kotak,1,3.393,0.308,13,0,0.0,1,1
upi://pay?pa=sunita.devi@paytm&pn=Priya%20Singh&cu=INR,sunita.devi@paytm,1,3.278,0.0,11,0,0.0,0,0
upi://pay?pa=7317010805@kotak&pn=Cashback%20Desk&cu=INR&am=3.83&tn=urgent,7317010805@kotak,1,2.446,1.0,10,1,3.83,1,1
upi://pay?pa=kfjqh5qmdhra@okicici&pn=Cashback%20Desk&cu=INR&tn=refund,kfjqh5qmdhra@okicici,1,3.252,0.083,12,0,0.0,1,1
upi://pay?pa=4133910383@paytm&pn=Prize%20Center&cu=INR&am=1.97&tn=suspend,4133910383@paytm,1,2.322,1.0,10,1,1.97,1,1
upi://pay?pa=8241954318@jio&pn=Prize%20Center&cu=INR&tn=urgent,8241954318@jio,1,2.722,1.0,10,0,0.0,1,1
upi://pay?pa=merchant.4442@axl&pn=Green%20Grocers&cu=INR&am=2122.48,merchant.4442@axl,1,3.335,0.308,13,1,2122.48,0,0
upi://pay?pa=7892611654@okhdfcbank&pn=Auto%20Rickshaw%20Stand&cu=INR&am=906.14,7892611654@okhdfcbank,1,2.922,1.0,10,1,906.14,0,0
upi://pay?pa=sunita.devi@oksbi&pn=City%20Cafe&cu=INR,sunita.devi@oksbi,1,3.278,0.0,11,0,0.0,0,0
upi://pay?pa=6201805907@kotak&pn=Sharma%20Kirana%20Store&cu=INR,6201805907@kotak,1,2.846,1.0,10,0,0.0,0,0
upi://pay?pa=9647587416@paytm&pn=Rahul%20Sharma&cu=INR&am=2619.44,9647587416@paytm,1,2.722,1.0,10,1,2619.44,0,0
upi://pay?pa=9203768294@axl&pn=Green%20Grocers&cu=INR&am=1667.34,9203768294@axl,1,2.922,1.0,10,1,1667.34,0,0
upi://pay?pa=amit.kumar@idfcbank&pn=Priya%20Singh&cu=INR,amit.kumar@idfcbank,1,2.922,0.0,10,0,0.0,0,0
upi://pay?pa=merchant.4567@oksbi&pn=City%20Cafe&cu=INR,merchant.4567@oksbi,1,3.7,0.308,13,0,0.0,0,0
upi://pay?pa=phcnpe929@axl&pn=Prize%20Center&cu=INR&am=3.01&tn=urgent,phcnpe929@axl,1,2.725,0.333,9,1,3.01,1,1
upi://pay?pa=fdzhdidvkbw8bttc@axl&pn=Prize%20Center&cu=INR&tn=reward,fdzhdidvkbw8bttc@axl,1,3.453,0.062,16,0,0.0,1,1
upi://pay?pa=support79@xn--upi&pn=Prize%20Center&cu=INR&tn=refund,support79@xn--upi,0,2.948,0.222,9,0,0.0,1,1
upi://pay?pa=amit.kumar@okicici&pn=Sharma%20Kirana%20Store&cu=INR,amit.kumar@okicici,1,2.922,0.0,10,0,0.0,0,0
upi://pay?pa=9998780488@okicici&pn=Verify%20Account&cu=INR&tn=cashback,9998780488@okicici,1,2.046,1.0,10,0,0.0,1,1
upi://pay?pa=9239681347@ybl&pn=City%20Cafe&cu=INR,9239681347@ybl,1,2.922,1.0,10,0,0.0,0,0
upi://pay?pa=rahul.sharma@ibl&pn=Rahul%20Sharma&cu=INR,rahul.sharma@ibl,1,2.855,0.0,12,0,0.0,0,0
upi://pay?pa=3967171636@paytm&pn=KYC%20Support&cu=INR&tn=cashback,3967171636@paytm,1,2.246,1.0,10,0,0.0,1,1
upi://pay?pa=2899639649@apl&pn=Verify%20Account&cu=INR&tn=suspend,2899639649@apl,1,2.322,1.0,10,0,0.0,1,1
upi://pay?pa=amit.kumar@ybl&pn=Green%20Grocers&cu=INR,amit.kumar@ybl,1,2.922,0.0,10,0,0.0,0,0
upi://pay?pa=9318480605@ibl&pn=Rahul%20Sharma&cu=INR,9318480605@ibl,1,2.922,1.0,10,0,0.0,0,0
upi://pay?pa=merchant.3313@upi&pn=Om%20Traders&cu=INR,merchant.3313@upi,1,3.335,0.308,13,0,0.0,0,0
upi://pay?pa=priya123@idfcbank&pn=Sharma%20Kirana%20Store&cu=INR,priya123@idfcbank,1,3.0,0.375,8,0,0.0,0,0
upi://pay?pa=3826497381@jio&pn=Prize%20Center&cu=INR&tn=reward,3826497381@jio,1,2.922,1.0,10,0,0.0,1,1
upi://pay?pa=merchant.509@oksbi&pn=Rahul%20Sharma&cu=INR,merchant.509@oksbi,1,3.585,0.25,12,0,0.0,0,0
upi://pay?pa=goog1e-pay680@axl&pn=Verify%20Account&cu=INR&tn=verify-now,goog1e-pay680@axl,1,3.393,0.308,13,0,0.0,1,1
upi://pay?pa=refund41@refund-upi&pn=Verify%20Account&cu=INR&am=3.11&tn=verify-now,refund41@refund-upi,0,3.0,0.25,8,1,3.11,1,1
upi://pay?pa=6388466980@okhdfcbank&pn=Auto%20Rickshaw%20Stand&cu=INR,6388466980@okhdfcbank,1,2.371,1.0,10,0,0.0,0,0
upi://pay?pa=refund83@refund-upi&pn=Prize%20Center&cu=INR&tn=verify-now,refund83@refund-upi,0,3.0,0.25,8,0,0.0,1,1
upi://pay?pa=merchant.8493@idfcbank&pn=Auto%20Rickshaw%20Stand&cu=INR&am=4218.51,merchant.8493@idfcbank,1,3.7,0.308,13,1,4218.51,0,0
upi://pay?pa=goog1e-pay524@idfcbank&pn=Cashback%20Desk&cu=INR&tn=lottery,goog1e-pay524@idfcbank,1,3.393,0.308,13,0,0.0,1,1
upi://pay?pa=kyc-team8@xn--upi&pn=Prize%20Center&cu=INR&am=2.85&tn=reward,kyc-team8@xn--upi,0,3.17,0.111,9,1,2.85,1,1
upi://pay?pa=goog1e-pay312@paytm&pn=Cashback%20Desk&cu=INR&tn=cashback,goog1e-pay312@paytm,1,3.239,0.308,13,0,0.0,1,1
upi://pay?pa=support16@refund-upi&pn=KYC%20Support&cu=INR&tn=cashback,support16@refund-upi,0,2.948,0.222,9,0,0.0,1,1
upi://pay?pa=sunita.devi@apl&pn=Auto%20Rickshaw%20Stand&cu=INR&am=443.69,sunita.devi@apl,1,3.278,0.0,11,1,443.69,0,0
upi://pay?pa=jgucf1ek6o@axl&pn=Prize%20Center&cu=INR&am=4.65&tn=blocked,jgucf1ek6o@axl,1,3.322,0.2,10,1,4.65,1,1
upi://pay?pa=3452496345@ybl&pn=Cashback%20Desk&cu=INR&tn=reward,3452496345@ybl,1,2.446,1.0,10,0,0.0,1,1
upi://pay?pa=6210444425@jio&pn=Auto%20Rickshaw%20Stand&cu=INR,6210444425@jio,1,2.322,1.0,10,0,0.0,0,0
upi://pay?pa=refund83@refund-upi&pn=Cashback%20Desk&cu=INR&am=1.31&tn=verify-now,refund83@refund-upi,0,3.0,0.25,8,1,1.31,1,1
upi://pay?pa=6387622194@ybl&pn=Priya%20Singh&cu=INR,6387622194@ybl,1,2.922,1.0,10,0,0.0,0,0
upi://pay?pa=phcnpe238@ibl&pn=Prize%20Center&cu=INR&tn=refund,phcnpe238@ibl,1,2.948,0.333,9,0,0.0,1,1
upi://pay?pa=support85@kyc-update&pn=Prize%20Center&cu=INR&tn=suspend,support85@kyc-update,0,2.948,0.222,9,0,0.0,1,1
upi://pay?pa=merchant.2719@upi&pn=Om%20Traders&cu=INR,merchant.2719@upi,1,3.7,0.308,13,0,0.0,0,0
upi://pay?pa=amit.kumar@ybl&pn=Green%20Grocers&cu=INR,amit.kumar@ybl,1,2.922,0.0,10,0,0.0,0,0
upi://pay?pa=kyc-team12@pay-verify&pn=Prize%20Center&cu=INR&tn=reward,kyc-team12@pay-verify,0,3.322,0.2,10,0,0.0,1,1
upi://pay?pa=6780617297@okaxis&pn=Sharma%20Kirana%20Store&cu=INR&am=22.67,6780617297@okaxis,1,2.646,1.0,10,1,22.67,0,0
upi://pay?pa=8921020442@kotak&pn=Auto%20Rickshaw%20Stand&cu=INR,8921020442@kotak,1,2.446,1.0,10,0,0.0,0,0
upi://pay?pa=vnppufu73uhr@hdfcbank&pn=Cashback%20Desk&cu=INR&am=4.55&tn=suspend,vnppufu73uhr@hdfcbank,1,3.022,0.167,12,1,4.55,1,1
upi://pay?pa=8721268080@ibl&pn=Refund%20Team&cu=INR,8721268080@ibl,1,2.446,1.0,10,0,0.0,0,1
upi://pay?pa=6618799724@jio&pn=Auto%20Rickshaw%20Stand&cu=INR&am=3392.9,6618799724@jio,1,2.722,1.0,10,1,3392.9,0,0
upi://pay?pa=ce05z25wvhclv0@kotak&pn=Prize%20Center&cu=INR&tn=kyc,ce05z25wvhclv0@kotak,1,3.236,0.357,14,0,0.0,1,1
upi://pay?pa=6298900602@okicici&pn=Green%20Grocers&cu=INR,6298900602@okicici,1,2.246,1.0,10,0,0.0,0,0
upi://pay?pa=priya123@axl&pn=City%20Cafe&cu=INR,priya123@axl,1,3.0,0.375,8,0,0.0,0,0
upi://pay?pa=vendor.shop@oksbi&pn=Rahul%20Sharma&cu=INR,vendor.shop@oksbi,1,3.278,0.0,11,0,0.0,0,0
upi://pay?pa=paytrn682@apl&pn=KYC%20Support&cu=INR,paytrn682@apl,1,3.17,0.333,9,0,0.0,0,1
upi://pay?pa=merchant.2948@upi&pn=Om%20Traders&cu=INR,merchant.2948@upi,1,3.7,0.308,13,0,0.0,0,0
upi://pay?pa=8201081617@ibl&pn=Priya%20Singh&cu=INR,8201081617@ibl,1,2.446,1.0,10,0,0.0,0,0
upi://pay?pa=merchant.3895@idfcbank&pn=Green%20Grocers&cu=INR,merchant.3895@idfcbank,1,3.7,0.308,13,0,0.0,0,0
upi://pay?pa=goog1e-pay91@apl&pn=Cashback%20Desk&cu=INR,goog1e-pay91@apl,1,3.085,0.25,12,0,0.0,0,1
upi://pay?pa=phcnpe131@okicici&pn=KYC%20Support&cu=INR,phcnpe131@okicici,1,2.725,0.333,9,0,0.0,0,1
upi://pay?pa=merchant.1676@okaxis&pn=City%20Cafe&cu=INR,merchant.1676@okaxis,1,3.547,0.308,13,0,0.0,0,0
upi://pay?pa=8122436090@idfcbank&pn=Om%20Traders&cu=INR,8122436090@idfcbank,1,2.922,1.0,10,0,0.0,0,0
upi://pay?pa=9948200870@apl&pn=Verify%20Account&cu=INR&tn=verify-now,9948200870@apl,1,2.446,1.0,10,0,0.0,1,1
upi://pay?pa=7536959164@axl&pn=Verify%20Account&cu=INR&am=4.92&tn=suspend,7536959164@axl,1,2.722,1.0,10,1,4.92,1,1
upi://pay?pa=amit.kumar@apl&pn=City%20Cafe&cu=INR,amit.kumar@apl,1,2.922,0.0,10,0,0.0,0,0
upi://pay?pa=7bkski19ur8nzje@oksbi&pn=Verify%20Account&cu=INR&tn=refund,7bkski19ur8nzje@oksbi,1,3.774,0.267,15,0,0.0,1,1
upi://pay?pa=support1@xn--upi&pn=Verify%20Account&cu=INR&am=3.64&tn=urgent,support1@xn--upi,0,2.75,0.125,8,1,3.64,1,1
upi://pay?pa=merchant.8987@upi&pn=Green%20Grocers&cu=INR&am=3976.5,merchant.8987@upi,1,3.547,0.308,13,1,3976.5,0,0
upi://pay?pa=merchant.7099@okhdfcbank&pn=Green%20Grocers&cu=INR,merchant.7099@okhdfcbank,1,3.547,0.308,13,0,0.0,0,0
upi://pay?pa=7341720625@apl&pn=City%20Cafe&cu=INR,7341720625@apl,1,2.922,1.0,10,0,0.0,0,0
upi://pay?pa=phcnpe770@okicici&pn=Prize%20Center&cu=INR&tn=cashback,phcnpe770@okicici,1,2.725,0.333,9,0,0.0,1,1
upi://pay?pa=8586068261@axl&pn=Rahul%20Sharma&cu=INR&am=4070.87,8586068261@axl,1,2.371,1.0,10,1,4070.87,0,0
upi://pay?pa=amit.kumar@okhdfcbank&pn=Green%20Grocers&cu=INR,amit.kumar@okhdfcbank,1,2.922,0.0,10,0,0.0,0,0
upi://pay?pa=goog1e-pay647@axl&pn=KYC%20Support&cu=INR&tn=blocked,goog1e-pay647@axl,1,3.393,0.308,13,0,0.0,1,1
upi://pay?pa=rahul.sharma@upi&pn=Sharma%20Kirana%20Store&cu=INR,rahul.sharma@upi,1,2.855,0.0,12,0,0.0,0,0
upi://pay?pa=8591280431@ybl&pn=Auto%20Rickshaw%20Stand&cu=INR,8591280431@ybl,1,2.922,1.0,10,0,0.0,0,0
upi://pay?pa=6697341120@upi&pn=City%20Cafe&cu=INR,6697341120@upi,1,2.922,1.0,10,0,0.0,0,0
upi://pay?pa=merchant.5336@axl&pn=Rahul%20Sharma&cu=INR,merchant.5336@axl,1,3.547,0.308,13,0,0.0,0,0
upi://pay?pa=rahul.sharma@paytm&pn=Auto%20Rickshaw%20Stand&cu=INR,rahul.sharma@paytm,1,2.855,0.0,12,0,0.0,0,0
upi://pay?pa=7788047722@okhdfcbank&pn=Green%20Grocers&cu=INR,7788047722@okhdfcbank,1,2.122,1.0,10,0,0.0,0,0
upi://pay?pa=cashback45@xn--upi&pn=KYC%20Support&cu=INR&am=3.64&tn=suspend,cashback45@xn--upi,0,2.922,0.2,10,1,3.64,1,1
upi://pay?pa=merchant.2855@ybl&pn=Priya%20Singh&cu=INR&am=2297.46,merchant.2855@ybl,1,3.547,0.308,13,1,2297.46,0,0
upi://pay?pa=vendor.shop@oksbi&pn=Priya%20Singh&cu=INR,vendor.shop@oksbi,1,3.278,0.0,11,0,0.0,0,0
upi://pay?pa=7009795475@hdfcbank&pn=Auto%20Rickshaw%20Stand&cu=INR,7009795475@hdfcbank,1,2.246,1.0,10,0,0.0,0,0
upi://pay?pa=merchant.5172@oksbi&pn=Green%20Grocers&cu=INR,merchant.5172@oksbi,1,3.7,0.308,13,0,0.0,0,0
upi://pay?pa=merchant.5798@kotak&pn=Sharma%20Kirana%20Store&cu=INR,merchant.5798@kotak,1,3.7,0.308,13,0,0.0,0,0
upi://pay?pa=priya123@hdfcbank&pn=City%20Cafe&cu=INR,priya123@hdfcbank,1,3.0,0.375,8,0,0.0,0,0
upi://pay?pa=6591728242@hdfcbank&pn=Sharma%20Kirana%20Store&cu=INR,6591728242@hdfcbank,1,2.846,1.0,10,0,0.0,0,0
upi://pay?pa=refund51@xn--upi&pn=Verify%20Account&cu=INR&tn=urgent,refund51@xn--upi,0,3.0,0.25,8,0,0.0,1,1
upi://pay?pa=amit.kumar@ibl&pn=City%20Cafe&cu=INR,amit.kumar@ibl,1,2.922,0.0,10,0,0.0,0,0
upi://pay?pa=5972770490@apl&pn=Prize%20Center&cu=INR&am=1.01&tn=refund,5972770490@apl,1,2.446,1.0,10,1,1.01,1,1
upi://pay?pa=goog1e-pay556@jio&pn=Cashback%20Desk&cu=INR&tn=kyc,goog1e-pay556@jio,1,3.239,0.308,13,0,0.0,1,1
upi://pay?pa=merchant.9646@upi&pn=Priya%20Singh&cu=INR,merchant.9646@upi,1,3.547,0.308,13,0,0.0,0,0
upi://pay?pa=refund25@refund-upi&pn=Verify%20Account&cu=INR&tn=refund,refund25@refund-upi,0,3.0,0.25,8,0,0.0,1,1
upi://pay?pa=7729549409@okicici&pn=City%20Cafe&cu=INR&am=2978.36,7729549409@okicici,1,2.446,1.0,10,1,2978.36,0,0
upi://pay?pa=kyc-team97@pay-verify&pn=KYC%20Support&cu=INR&tn=reward,kyc-team97@pay-verify,0,3.322,0.2,10,0,0.0,1,1
upi://pay?pa=paytrn643@apl&pn=Prize%20Center&cu=INR&tn=refund,paytrn643@apl,1,3.17,0.333,9,0,0.0,1,1
upi://pay?pa=7604786445@hdfcbank&pn=Refund%20Team&cu=INR,7604786445@hdfcbank,1,2.446,1.0,10,0,0.0,0,1
upi://pay?pa=6341124160@idfcbank&pn=Cashback%20Desk&cu=INR&tn=refund,6341124160@idfcbank,1,2.446,1.0,10,0,0.0,1,1
upi://pay?pa=phcnpe474@okhdfcbank&pn=Verify%20Account&cu=INR&am=1.37&tn=cashback,phcnpe474@okhdfcbank,1,2.725,0.333,9,1,1.37,1,1
upi://pay?pa=kyc-team77@kyc-update&pn=Cashback%20Desk&cu=INR&am=4.91&tn=lottery,kyc-team77@kyc-update,0,3.122,0.2,10,1,4.91,1,1
upi://pay?pa=merchant.6330@kotak&pn=Sharma%20Kirana%20Store&cu=INR,merchant.6330@kotak,1,3.547,0.308,13,0,0.0,0,0
upi://pay?pa=6hqycyw5vz@okaxis&pn=Prize%20Center&cu=INR&tn=refund,6hqycyw5vz@okaxis,1,3.122,0.2,10,0,0.0,1,1
upi://pay?pa=vendor.shop@kotak&pn=Auto%20Rickshaw%20Stand&cu=INR,vendor.shop@kotak,1,3.278,0.0,11,0,0.0,0,0
upi://pay?pa=merchant.1193@ybl&pn=Rahul%20Sharma&cu=INR,merchant.1193@ybl,1,3.547,0.308,13,0,0.0,0,0
upi://pay?pa=8194915392@apl&pn=Sharma%20Kirana%20Store&cu=INR&am=2015.03,8194915392@apl,1,2.646,1.0,10,1,2015.03,0,0
upi://pay?pa=priya123@ibl&pn=Sharma%20Kirana%20Store&cu=INR,priya123@ibl,1,3.0,0.375,8,0,0.0,0,0
upi://pay?pa=fx8xijphgknx8@jio&pn=Prize%20Center&cu=INR&am=4.42&tn=lottery,fx8xijphgknx8@jio,1,3.181,0.154,13,1,4.42,1,1
upi://pay?pa=cashback16@pay-verify&pn=KYC%20Support&cu=INR&tn=refund,cashback16@pay-verify,0,2.922,0.2,10,0,0.0,1,1
upi://pay?pa=7995153118@apl&pn=Refund%20Team&cu=INR&tn=kyc,7995153118@apl,1,2.446,1.0,10,0,0.0,1,1
upi://pay?pa=support48@pay-verify&pn=Refund%20Team&cu=INR&am=3.62&tn=suspend,support48@pay-verify,0,2.948,0.222,9,1,3.62,1,1
upi://pay?pa=7734764536@idfcbank&pn=Prize%20Center&cu=INR&tn=cashback,7734764536@idfcbank,1,2.246,1.0,10,0,0.0,1,1
upi://pay?pa=merchant.4237@idfcbank&pn=Priya%20Singh&cu=INR&am=4270.12,merchant.4237@idfcbank,1,3.7,0.308,13,1,4270.12,0,0
upi://pay?pa=merchant.4588@okicici&pn=Auto%20Rickshaw%20Stand&cu=INR&am=4121.06,merchant.4588@okicici,1,3.547,0.308,13,1,4121.06,0,0
upi://pay?pa=9865080797@apl&pn=Refund%20Team&cu=INR&tn=suspend,9865080797@apl,1,2.522,1.0,10,0,0.0,1,1
upi://pay?pa=vendor.shop@ibl&pn=Om%20Traders&cu=INR,vendor.shop@ibl,1,3.278,0.0,11,0,0.0,0,0
upi://pay?pa=sunita.devi@ibl&pn=Rahul%20Sharma&cu=INR,sunita.devi@ibl,1,3.278,0.0,11,0,0.0,0,0
upi://pay?pa=4hjkwbjpclmsp@oksbi&pn=Prize%20Center&cu=INR&am=3.48&tn=cashback,4hjkwbjpclmsp@oksbi,1,3.393,0.077,13,1,3.48,1,1
upi://pay?pa=kyc-team52@kyc-update&pn=KYC%20Support&cu=INR,kyc-team52@kyc-update,0,3.322,0.2,10,0,0.0,0,1
upi://pay?pa=rahul.sharma@paytm&pn=Rahul%20Sharma&cu=INR,rahul.sharma@paytm,1,2.855,0.0,12,0,0.0,0,0
upi://pay?pa=5741857777@idfcbank&pn=Prize%20Center&cu=INR&am=1.12&tn=urgent,5741857777@idfcbank,1,1.961,1.0,10,1,1.12,1,1
upi://pay?pa=priya123@ybl&pn=Sharma%20Kirana%20Store&cu=INR,priya123@ybl,1,3.0,0.375,8,0,0.0,0,0
upi://pay?pa=phcnpe535@jio&pn=Verify%20Account&cu=INR&tn=refund,phcnpe535@jio,1,2.725,0.333,9,0,0.0,1,1
upi://pay?pa=qzsatd9xqop@okicici&pn=Cashback%20Desk&cu=INR&tn=reward,qzsatd9xqop@okicici,1,3.278,0.091,11,0,0.0,1,1
upi://pay?pa=support48@kyc-update&pn=KYC%20Support&cu=INR&am=1.07&tn=kyc,support48@kyc-update,0,2.948,0.222,9,1,1.07,1,1
upi://pay?pa=zw5448m46h4a@okicici&pn=Cashback%20Desk&cu=INR&am=1.66&tn=kyc,zw5448m46h4a@okicici,1,2.918,0.583,12,1,1.66,1,1
upi://pay?pa=vendor.shop@kotak&pn=Auto%20Rickshaw%20Stand&cu=INR&am=4383.04,vendor.shop@kotak,1,3.278,0.0,11,1,4383.04,0,0
upi://pay?pa=cashback8@kyc-update&pn=KYC%20Support&cu=INR&tn=reward,cashback8@kyc-update,0,2.725,0.111,9,0,0.0,1,1
upi://pay?pa=cashback64@xn--upi&pn=Verify%20Account&cu=INR&tn=blocked,cashback64@xn--upi,0,2.922,0.2,10,0,0.0,1,1
upi://pay?pa=7811617262@ibl&pn=Refund%20Team&cu=INR&tn=suspend,7811617262@ibl,1,2.246,1.0,10,0,0.0,1,1
upi://pay?pa=merchant.5933@okaxis&pn=Priya%20Singh&cu=INR,merchant.5933@okaxis,1,3.547,0.308,13,0,0.0,0,0
upi://pay?pa=9458108703@upi&pn=Priya%20Singh&cu=INR,9458108703@upi,1,2.922,1.0,10,0,0.0,0,0
upi://pay?pa=6470748124@jio&pn=Om%20Traders&cu=INR&am=2926.84,6470748124@jio,1,2.646,1.0,10,1,2926.84,0,0
upi://pay?pa=3823682239@kotak&pn=KYC%20Support&cu=INR,3823682239@kotak,1,2.171,1.0,10,0,0.0,0,1
upi://pay?pa=sunita.devi@apl&pn=Auto%20Rickshaw%20Stand&cu=INR&am=4525.29,sunita.devi@apl,1,3.278,0.0,11,1,4525.29,0,0
upi://pay?pa=rahul.sharma@oksbi&pn=Auto%20Rickshaw%20Stand&cu=INR,rahul.sharma@oksbi,1,2.855,0.0,12,0,0.0,0,0
upi://pay?pa=8555337302@okicici&pn=Priya%20Singh&cu=INR,8555337302@okicici,1,2.371,1.0,10,0,0.0,0,0
upi://pay?pa=phcnpe447@upi&pn=Verify%20Account&cu=INR&tn=kyc,phcnpe447@upi,1,2.725,0.333,9,0,0.0,1,1
upi://pay?pa=merchant.4324@upi&pn=City%20Cafe&cu=INR&am=2584.18,merchant.4324@upi,1,3.547,0.308,13,1,2584.18,0,0
upi://pay?pa=2578764912@hdfcbank&pn=Prize%20Center&cu=INR&tn=urgent,2578764912@hdfcbank,1,2.922,1.0,10,0,0.0,1,1
upi://pay?pa=kyc-team7@secure-pay&pn=Prize%20Center&cu=INR&tn=urgent,kyc-team7@secure-pay,0,3.17,0.111,9,0,0.0,1,1
upi://pay?pa=merchant.3828@kotak&pn=Auto%20Rickshaw%20Stand&cu=INR,merchant.3828@kotak,1,3.547,0.308,13,0,0.0,0,0
upi://pay?pa=priya123@paytm&pn=Sharma%20Kirana%20Store&cu=INR,priya123@paytm,1,3.0,0.375,8,0,0.0,0,0
upi://pay?pa=7428741189@axl&pn=Sharma%20Kirana%20Store&cu=INR,7428741189@axl,1,2.522,1.0,10,0,0.0,0,0
upi://pay?pa=7753617371@jio&pn=Sharma%20Kirana%20Store&cu=INR,7753617371@jio,1,2.122,1.0,10,0,0.0,0,0
upi://pay?pa=6255086561@kotak&pn=City%20Cafe&cu=INR&am=1037.08,6255086561@kotak,1,2.371,1.0,10,1,1037.08,0,0
upi://pay?pa=support36@kyc-update&pn=Refund%20Team&cu=INR&tn=winner,support36@kyc-update,0,2.948,0.222,9,0,0.0,1,1
upi://pay?pa=3420936224@ybl&pn=Prize%20Center&cu=INR&tn=cashback,3420936224@ybl,1,2.446,1.0,10,0,0.0,1,1
upi://pay?pa=paytrn446@paytm&pn=Prize%20Center&cu=INR&tn=suspend,paytrn446@paytm,1,2.948,0.333,9,0,0.0,1,1
upi://pay?pa=paytrn897@idfcbank&pn=Verify%20Account&cu=INR&tn=reward,paytrn897@idfcbank,1,3.17,0.333,9,0,0.0,1,1
upi://pay?pa=goog1e-pay698@okhdfcbank&pn=Verify%20Account&cu=INR&tn=refund,goog1e-pay698@okhdfcbank,1,3.393,0.308,13,0,0.0,1,1
upi://pay?pa=refund77@refund-upi&pn=Verify%20Account&cu=INR&tn=cashback,refund77@refund-upi,0,2.75,0.25,8,0,0.0,1,1
upi://pay?pa=4375251801@kotak&pn=Cashback%20Desk&cu=INR&am=1.39&tn=verify-now,4375251801@kotak,1,2.922,1.0,10,1,1.39,1,1
upi://pay?pa=9606617978@kotak&pn=Auto%20Rickshaw%20Stand&cu=INR,9606617978@kotak,1,2.446,1.0,10,0,0.0,0,0
upi://pay?pa=9693084821@oksbi&pn=Prize%20Center&cu=INR&am=4.09,9693084821@oksbi,1,2.922,1.0,10,1,4.09,0,1
upi://pay?pa=merchant.3000@apl&pn=Green%20Grocers&cu=INR&am=2995.97,merchant.3000@apl,1,3.335,0.308,13,1,2995.97,0,0
upi://pay?pa=8986679532@kotak&pn=Green%20Grocers&cu=INR&am=4652.95,8986679532@kotak,1,2.722,1.0,10,1,4652.95,0,0
upi://pay?pa=merchant.6504@upi&pn=Om%20Traders&cu=INR,merchant.6504@upi,1,3.7,0.308,13,0,0.0,0,0
upi://pay?pa=hnlbx1z75gbotxx@okhdfcbank&pn=KYC%20Support&cu=INR&tn=winner,hnlbx1z75gbotxx@okhdfcbank,1,3.457,0.2,15,0,0.0,1,1
upi://pay?pa=refund1@refund-upi&pn=Refund%20Team&cu=INR&am=2.6&tn=cashback,refund1@refund-upi,0,2.807,0.143,7,1,2.6,1,1
upi://pay?pa=amit.kumar@kotak&pn=City%20Cafe&cu=INR&am=4434.32,amit.kumar@kotak,1,2.922,0.0,10,1,4434.32,0,0
upi://pay?pa=uk7fspen8zj@ybl&pn=Refund%20Team&cu=INR&am=3.74&tn=lottery,uk7fspen8zj@ybl,1,3.459,0.182,11,1,3.74,1,1
upi://pay?pa=9496262876@ibl&pn=Refund%20Team&cu=INR&tn=cashback,9496262876@ibl,1,2.446,1.0,10,0,0.0,1,1
upi://pay?pa=priya123@hdfcbank&pn=Sharma%20Kirana%20Store&cu=INR,priya123@hdfcbank,1,3.0,0.375,8,0,0.0,0,0
upi://pay?pa=kyc-team66@secure-pay&pn=Verify%20Account&cu=INR&tn=suspend,kyc-team66@secure-pay,0,3.122,0.2,10,0,0.0,1,1
upi://pay?pa=refund57@refund-upi&pn=Verify%20Account&cu=INR&am=2.63&tn=suspend,refund57@refund-upi,0,3.0,0.25,8,1,2.63,1,1
upi://pay?pa=1011347506@paytm&pn=Prize%20Center&cu=INR&am=1.58&tn=blocked,1011347506@paytm,1,2.646,1.0,10,1,1.58,1,1
upi://pay?pa=6197857161@idfcbank&pn=KYC%20Support&cu=INR&am=1.06&tn=lottery,6197857161@idfcbank,1,2.446,1.0,10,1,1.06,1,1
upi://pay?pa=6233787344@hdfcbank&pn=Priya%20Singh&cu=INR,6233787344@hdfcbank,1,2.446,1.0,10,0,0.0,0,0
upi://pay?pa=merchant.9706@paytm&pn=Rahul%20Sharma&cu=INR&am=3492.83,merchant.9706@paytm,1,3.7,0.308,13,1,3492.83,0,0
upi://pay?pa=paytrn165@oksbi&pn=Refund%20Team&cu=INR&tn=verify-now,paytrn165@oksbi,1,3.17,0.333,9,0,0.0,1,1
upi://pay?pa=ehhd8wxqbilvm4j@okaxis&pn=Refund%20Team&cu=INR&am=3.28,ehhd8wxqbilvm4j@okaxis,1,3.774,0.133,15,1,3.28,0,1
upi://pay?pa=sunita.devi@idfcbank&pn=Auto%20Rickshaw%20Stand&cu=INR&am=676.32,sunita.devi@idfcbank,1,3.278,0.0,11,1,676.32,0,0
upi://pay?pa=phcnpe98@ibl&pn=Verify%20Account&cu=INR&tn=winner,phcnpe98@ibl,1,2.75,0.25,8,0,0.0,1,1
upi://pay?pa=rahul.sharma@apl&pn=Om%20Traders&cu=INR,rahul.sharma@apl,1,2.855,0.0,12,0,0.0,0,0
upi://pay?pa=priya123@okaxis&pn=Om%20Traders&cu=INR,priya123@okaxis,1,3.0,0.375,8,0,0.0,0,0
upi://pay?pa=b24q7en8adnk@upi&pn=Cashback%20Desk&cu=INR&am=1.14&tn=verify-now,b24q7en8adnk@upi,1,3.418,0.333,12,1,1.14,1,1
upi://pay?pa=6617580073@okhdfcbank&pn=Om%20Traders&cu=INR,6617580073@okhdfcbank,1,2.722,1.0,10,0,0.0,0,0
upi://pay?pa=merchant.5091@paytm&pn=Sharma%20Kirana%20Store&cu=INR&am=873.69,merchant.5091@paytm,1,3.7,0.308,13,1,873.69,0,0
upi://pay?pa=rahul.sharma@apl&pn=Rahul%20Sharma&cu=INR,rahul.sharma@apl,1,2.855,0.0,12,0,0.0,0,0
upi://pay?pa=merchant.5501@upi&pn=City%20Cafe&cu=INR,merchant.5501@upi,1,3.547,0.308,13,0,0.0,0,0
upi://pay?pa=9345515321@okhdfcbank&pn=Sharma%20Kirana%20Store&cu=INR,9345515321@okhdfcbank,1,2.446,1.0,10,0,0.0,0,0
upi://pay?pa=6492264809@axl&pn=Sharma%20Kirana%20Store&cu=INR&am=4552.0,6492264809@axl,1,2.522,1.0,10,1,4552.0,0,0
upi://pay?pa=sunita.devi@okhdfcbank&pn=Green%20Grocers&cu=INR,sunita.devi@okhdfcbank,1,3.278,0.0,11,0,0.0,0,0
upi://pay?pa=refund51@xn--upi&pn=Verify%20Account&cu=INR&tn=kyc,refund51@xn--upi,0,3.0,0.25,8,0,0.0,1,1
upi://pay?pa=mqpjbmwmnohg@hdfcbank&pn=Refund%20Team&cu=INR&am=3.38&tn=winner,mqpjbmwmnohg@hdfcbank,1,3.189,0.0,12,1,3.38,1,1
upi://pay?pa=6425294682@jio&pn=Priya%20Singh&cu=INR,6425294682@jio,1,2.446,1.0,10,0,0.0,0,0
upi://pay?pa=215911080@upi&pn=Cashback%20Desk&cu=INR&am=2.54&tn=lottery,215911080@upi,1,2.419,1.0,9,1,2.54,1,1
upi://pay?pa=vgc0qtxxwcetgv46@paytm&pn=Refund%20Team&cu=INR&am=4.7&tn=suspend,vgc0qtxxwcetgv46@paytm,1,3.375,0.188,16,1,4.7,1,1
upi://pay?pa=jgatxpxzqu3o19@hdfcbank&pn=Prize%20Center&cu=INR&tn=refund,jgatxpxzqu3o19@hdfcbank,1,3.664,0.214,14,0,0.0,1,1
upi://pay?pa=6138583584@axl&pn=Rahul%20Sharma&cu=INR,6138583584@axl,1,2.446,1.0,10,0,0.0,0,0
upi://pay?pa=paytrn664@oksbi&pn=Cashback%20Desk&cu=INR&tn=kyc,paytrn664@oksbi,1,2.948,0.333,9,0,0.0,1,1
upi://pay?pa=merchant.2976@ybl&pn=Om%20Traders&cu=INR,merchant.2976@ybl,1,3.7,0.308,13,0,0.0,0,0
upi://pay?pa=support52@refund-upi&pn=Refund%20Team&cu=INR&tn=reward,support52@refund-upi,0,2.948,0.222,9,0,0.0,1,1
upi://pay?pa=merchant.3685@paytm&pn=City%20Cafe&cu=INR,merchant.3685@paytm,1,3.7,0.308,13,0,0.0,0,0
upi://pay?pa=w29phbchuat45j6@paytm&pn=Verify%20Account&cu=INR&tn=suspend,w29phbchuat45j6@paytm,1,3.774,0.333,15,0,0.0,1,1
upi://pay?pa=8541293188@ibl&pn=Om%20Traders&cu=INR,8541293188@ibl,1,2.646,1.0,10,0,0.0,0,0
upi://pay?pa=merchant.2381@kotak&pn=Priya%20Singh&cu=INR,merchant.2381@kotak,1,3.7,0.308,13,0,0.0,0,0
upi://pay?pa=merchant.5213@ibl&pn=City%20Cafe&cu=INR&am=531.49,merchant.5213@ibl,1,3.7,0.308,13,1,531.49,0,0
upi://pay?pa=goog1e-pay566@oksbi&pn=Cashback%20Desk&cu=INR&tn=cashback,goog1e-pay566@oksbi,1,3.239,0.308,13,0,0.0,1,1
upi://pay?pa=xmojd85dw1nn@okicici&pn=KYC%20Support&cu=INR&tn=blocked,xmojd85dw1nn@okicici,1,3.252,0.25,12,0,0.0,1,1
upi://pay?pa=goog1e-pay622@hdfcbank&pn=Refund%20Team&cu=INR&tn=blocked,goog1e-pay622@hdfcbank,1,3.239,0.308,13,0,0.0,1,1
upi://pay?pa=refund5@secure-pay&pn=Verify%20Account&cu=INR&am=1.53&tn=verify-now,refund5@secure-pay,0,2.807,0.143,7,1,1.53,1,1
upi://pay?pa=rahul.sharma@okaxis&pn=Om%20Traders&cu=INR,rahul.sharma@okaxis,1,2.855,0.0,12,0,0.0,0,0
upi://pay?pa=refund1@xn--upi&pn=Verify%20Account&cu=INR&tn=verify-now,refund1@xn--upi,0,2.807,0.143,7,0,0.0,1,1
upi://pay?pa=vendor.shop@apl&pn=Rahul%20Sharma&cu=INR,vendor.shop@apl,1,3.278,0.0,11,0,0.0,0,0
upi://pay?pa=support23@secure-pay&pn=Prize%20Center&cu=INR&am=1.19&tn=cashback,support23@secure-pay,0,2.948,0.222,9,1,1.19,1,1
upi://pay?pa=goog1e-pay490@okicici&pn=Cashback%20Desk&cu=INR&tn=blocked,goog1e-pay490@okicici,1,3.393,0.308,13,0,0.0,1,1
upi://pay?pa=5g9megtizn1ttk@axl&pn=Refund%20Team&cu=INR&tn=kyc,5g9megtizn1ttk@axl,1,3.325,0.214,14,0,0.0,1,1
upi://pay?pa=9641723276@okhdfcbank&pn=Green%20Grocers&cu=INR&am=2912.86,9641723276@okhdfcbank,1,2.722,1.0,10,1,2912.86,0,0
upi://pay?pa=refund9@secure-pay&pn=KYC%20Support&cu=INR&tn=winner,refund9@secure-pay,0,2.807,0.143,7,0,0.0,1,1
upi://pay?pa=merchant.6461@jio&pn=Sharma%20Kirana%20Store&cu=INR&am=50.47,merchant.6461@jio,1,3.547,0.308,13,1,50.47,0,0
upi://pay?pa=4znzze2tbst9@jio&pn=Prize%20Center&cu=INR&tn=winner,4znzze2tbst9@jio,1,3.022,0.25,12,0,0.0,1,1
upi://pay?pa=8769838006@okhdfcbank&pn=Prize%20Center&cu=INR&am=2.6&tn=verify-now,8769838006@okhdfcbank,1,2.446,1.0,10,1,2.6,1,1
upi://pay?pa=6506651617@ibl&pn=Sharma%20Kirana%20Store&cu=INR&am=2054.34,6506651617@ibl,1,2.122,1.0,10,1,2054.34,0,0
upi://pay?pa=merchant.8831@jio&pn=Green%20Grocers&cu=INR&am=1279.55,merchant.8831@jio,1,3.547,0.308,13,1,1279.55,0,0
upi://pay?pa=vendor.shop@hdfcbank&pn=City%20Cafe&cu=INR,vendor.shop@hdfcbank,1,3.278,0.0,11,0,0.0,0,0
upi://pay?pa=merchant.2296@apl&pn=Om%20Traders&cu=INR,merchant.2296@apl,1,3.547,0.308,13,0,0.0,0,0
upi://pay?pa=cashback40@xn--upi&pn=Prize%20Center&cu=INR&tn=kyc,cashback40@xn--upi,0,2.922,0.2,10,0,0.0,1,1
upi://pay?pa=sunita.devi@paytm&pn=Auto%20Rickshaw%20Stand&cu=INR,sunita.devi@paytm,1,3.278,0.0,11,0,0.0,0,0
upi://pay?pa=09e0vivii81n0@okhdfcbank&pn=Prize%20Center&cu=INR&tn=reward,09e0vivii81n0@okhdfcbank,1,2.815,0.462,13,0,0.0,1,1
upi://pay?pa=lqii1ej4puzq6@okhdfcbank&pn=Prize%20Center&cu=INR&tn=reward,lqii1ej4puzq6@okhdfcbank,1,3.393,0.231,13,0,0.0,1,1
upi://pay?pa=priya123@apl&pn=Sharma%20Kirana%20Store&cu=INR,priya123@apl,1,3.0,0.375,8,0,0.0,0,0
upi://pay?pa=support47@kyc-update&pn=KYC%20Support&cu=INR&tn=reward,support47@kyc-update,0,2.948,0.222,9,0,0.0,1,1
upi://pay?pa=merchant.9748@kotak&pn=Green%20Grocers&cu=INR,merchant.9748@kotak,1,3.7,0.308,13,0,0.0,0,0
upi://pay?pa=goog1e-pay957@ibl&pn=KYC%20Support&cu=INR&tn=kyc,goog1e-pay957@ibl,1,3.393,0.308,13,0,0.0,1,1
upi://pay?pa=merchant.8968@kotak&pn=Priya%20Singh&cu=INR&am=416.72,merchant.8968@kotak,1,3.547,0.308,13,1,416.72,0,0
upi://pay?pa=8193894984@apl&pn=Sharma%20Kirana%20Store&cu=INR,8193894984@apl,1,2.171,1.0,10,0,0.0,0,0
upi://pay?pa=sunita.devi@paytm&pn=Priya%20Singh&cu=INR&am=710.35,sunita.devi@paytm,1,3.278,0.0,11,1,710.35,0,0
upi://pay?pa=merchant.1162@idfcbank&pn=Priya%20Singh&cu=INR&am=1460.96,merchant.1162@idfcbank,1,3.547,0.308,13,1,1460.96,0,0
upi://pay?pa=paytrn414@apl&pn=Refund%20Team&cu=INR&tn=refund,paytrn414@apl,1,2.948,0.333,9,0,0.0,1,1
upi://pay?pa=8452503228@paytm&pn=Auto%20Rickshaw%20Stand&cu=INR,8452503228@paytm,1,2.446,1.0,10,0,0.0,0,0
upi://pay?pa=refund6@secure-pay&pn=Refund%20Team&cu=INR&tn=refund,refund6@secure-pay,0,2.807,0.143,7,0,0.0,1,1
upi://pay?pa=support20@xn--upi&pn=Refund%20Team&cu=INR&tn=reward,support20@xn--upi,0,2.948,0.222,9,0,0.0,1,1
upi://pay?pa=sunita.devi@apl&pn=Priya%20Singh&cu=INR&am=3000.57,sunita.devi@apl,1,3.278,0.0,11,1,3000.57,0,0
upi://pay?pa=m75psz1ctw68@jio&pn=Cashback%20Desk&cu=INR&am=4.52&tn=reward,m75psz1ctw68@jio,1,3.585,0.417,12,1,4.52,1,1
upi://pay?pa=merchant.7711@apl&pn=Sharma%20Kirana%20Store&cu=INR,merchant.7711@apl,1,3.393,0.308,13,0,0.0,0,0
upi://pay?pa=merchant.8426@idfcbank&pn=Priya%20Singh&cu=INR,merchant.8426@idfcbank,1,3.7,0.308,13,0,0.0,0,0
upi://pay?pa=tm13qvbnk0scjwsh@hdfcbank&pn=Cashback%20Desk&cu=INR&tn=lottery,tm13qvbnk0scjwsh@hdfcbank,1,3.875,0.188,16,0,0.0,1,1
upi://pay?pa=8068750029@hdfcbank&pn=City%20Cafe&cu=INR,8068750029@hdfcbank,1,2.646,1.0,10,0,0.0,0,0
upi://pay?pa=merchant.6531@axl&pn=Green%20Grocers&cu=INR,merchant.6531@axl,1,3.7,0.308,13,0,0.0,0,0
upi://pay?pa=cashback17@kyc-update&pn=Refund%20Team&cu=INR&am=1.14&tn=lottery,cashback17@kyc-update,0,2.922,0.2,10,1,1.14,1,1
upi://pay?pa=8243919969@hdfcbank&pn=Refund%20Team&cu=INR&am=2.95&tn=cashback,8243919969@hdfcbank,1,2.522,1.0,10,1,2.95,1,1
upi://pay?pa=merchant.7659@hdfcbank&pn=Auto%20Rickshaw%20Stand&cu=INR,merchant.7659@hdfcbank,1,3.7,0.308,13,0,0.0,0,0
upi://pay?pa=support86@refund-upi&pn=KYC%20Support&cu=INR&tn=suspend,support86@refund-upi,0,2.948,0.222,9,0,0.0,1,1
upi://pay?pa=yhxhi7cyrbv@paytm&pn=KYC%20Support&cu=INR&tn=suspend,yhxhi7cyrbv@paytm,1,3.096,0.091,11,0,0.0,1,1
upi://pay?pa=vendor.shop@kotak&pn=Sharma%20Kirana%20Store&cu=INR,vendor.shop@kotak,1,3.278,0.0,11,0,0.0,0,0
upi://pay?pa=r90rxciofo0@upi&pn=Cashback%20Desk&cu=INR&tn=reward,r90rxciofo0@upi,1,2.914,0.273,11,0,0.0,1,1
upi://pay?pa=merchant.3828@upi&pn=Rahul%20Sharma&cu=INR,merchant.3828@upi,1,3.547,0.308,13,0,0.0,0,0
upi://pay?pa=7214266162@idfcbank&pn=Rahul%20Sharma&cu=INR,7214266162@idfcbank,1,2.171,1.0,10,0,0.0,0,0
upi://pay?pa=sunita.devi@kotak&pn=Priya%20Singh&cu=INR,sunita.devi@kotak,1,3.278,0.0,11,0,0.0,0,0
upi://pay?pa=priya123@oksbi&pn=Rahul%20Sharma&cu=INR&am=4183.07,priya123@oksbi,1,3.0,0.375,8,1,4183.07,0,0
upi://pay?pa=cashback52@refund-upi&pn=Cashback%20Desk&cu=INR&am=2.92&tn=verify-now,cashback52@refund-upi,0,2.922,0.2,10,1,2.92,1,1
upi://pay?pa=merchant.8556@axl&pn=Priya%20Singh&cu=INR,merchant.8556@axl,1,3.547,0.308,13,0,0.0,0,0
upi://pay?pa=9580822352@apl&pn=Sharma%20Kirana%20Store&cu=INR,9580822352@apl,1,2.446,1.0,10,0,0.0,0,0
upi://pay?pa=9t5ahc0okrcw9ibg@ybl&pn=Refund%20Team&cu=INR&tn=verify-now,9t5ahc0okrcw9ibg@ybl,1,3.75,0.25,16,0,0.0,1,1
upi://pay?pa=9017888027@okhdfcbank&pn=Rahul%20Sharma&cu=INR,9017888027@okhdfcbank,1,2.446,1.0,10,0,0.0,0,0
upi://pay?pa=priya123@okhdfcbank&pn=Green%20Grocers&cu=INR,priya123@okhdfcbank,1,3.0,0.375,8,0,0.0,0,0
upi://pay?pa=amit.kumar@apl&pn=Sharma%20Kirana%20Store&cu=INR,amit.kumar@apl,1,2.922,0.0,10,0,0.0,0,0
upi://pay?pa=6m96m5u2tlug@okhdfcbank&pn=Verify%20Account&cu=INR&tn=lottery,6m96m5u2tlug@okhdfcbank,1,3.085,0.417,12,0,0.0,1,1
upi://pay?pa=paytrn154@paytm&pn=Prize%20Center&cu=INR&am=4.36&tn=urgent,paytrn154@paytm,1,3.17,0.333,9,1,4.36,1,1
upi://pay?pa=merchant.2515@paytm&pn=Green%20Grocers&cu=INR&am=1431.3,merchant.2515@paytm,1,3.547,0.308,13,1,1431.3,0,0
upi://pay?pa=vendor.shop@paytm&pn=Green%20Grocers&cu=INR,vendor.shop@paytm,1,3.278,0.0,11,0,0.0,0,0
upi://pay?pa=8930719057@okhdfcbank&pn=Rahul%20Sharma&cu=INR&am=4789.56,8930719057@okhdfcbank,1,2.722,1.0,10,1,4789.56,0,0
upi://pay?pa=8849006951@kotak&pn=Sharma%20Kirana%20Store&cu=INR,8849006951@kotak,1,2.722,1.0,10,0,0.0,0,0
upi://pay?pa=priya123@hdfcbank&pn=Om%20Traders&cu=INR,priya123@hdfcbank,1,3.0,0.375,8,0,0.0,0,0
upi://pay?pa=kcehqo672t@okicici&pn=Prize%20Center&cu=INR&tn=blocked,kcehqo672t@okicici,1,3.322,0.3,10,0,0.0,1,1
upi://pay?pa=vendor.shop@ybl&pn=Auto%20Rickshaw%20Stand&cu=INR&am=2145.12,vendor.shop@ybl,1,3.278,0.0,11,1,2145.12,0,0
upi://pay?pa=cashback57@pay-verify&pn=Prize%20Center&cu=INR&tn=lottery,cashback57@pay-verify,0,2.922,0.2,10,0,0.0,1,1
upi://pay?pa=b80pzy037gbuhzoc@ybl&pn=Refund%20Team&cu=INR&tn=blocked,b80pzy037gbuhzoc@ybl,1,3.625,0.312,16,0,0.0,1,1
upi://pay?pa=cashback2@kyc-update&pn=KYC%20Support&cu=INR&tn=reward,cashback2@kyc-update,0,2.725,0.111,9,0,0.0,1,1
upi://pay?pa=refund94@xn--upi&pn=Cashback%20Desk&cu=INR,refund94@xn--upi,0,3.0,0.25,8,0,0.0,0,1
upi://pay?pa=1796518555@okhdfcbank&pn=Prize%20Center&cu=INR&tn=kyc,1796518555@okhdfcbank,1,2.322,1.0,10,0,0.0,1,1
upi://pay?pa=chuj6eoko7e0m@ybl&pn=Cashback%20Desk&cu=INR&am=3.96&tn=reward,chuj6eoko7e0m@ybl,1,3.393,0.231,13,1,3.96,1,1
upi://pay?pa=phcnpe392@ibl&pn=Cashback%20Desk&cu=INR&tn=lottery,phcnpe392@ibl,1,2.948,0.333,9,0,0.0,1,1
upi://pay?pa=o4h86dd372dtf@kotak&pn=KYC%20Support&cu=INR&tn=winner,o4h86dd372dtf@kotak,1,3.335,0.462,13,0,0.0,1,1
upi://pay?pa=merchant.1854@oksbi&pn=City%20Cafe&cu=INR,merchant.1854@oksbi,1,3.7,0.308,13,0,0.0,0,0
upi://pay?pa=afk14hya7ui@oksbi&pn=Verify%20Account&cu=INR&tn=winner,afk14hya7ui@oksbi,1,3.278,0.273,11,0,0.0,1,1
upi://pay?pa=phcnpe320@okicici&pn=Cashback%20Desk&cu=INR&tn=winner,phcnpe320@okicici,1,2.948,0.333,9,0,0.0,1,1
upi://pay?pa=vendor.shop@hdfcbank&pn=Auto%20Rickshaw%20Stand&cu=INR,vendor.shop@hdfcbank,1,3.278,0.0,11,0,0.0,0,0
upi://pay?pa=merchant.5803@upi&pn=Green%20Grocers&cu=INR,merchant.5803@upi,1,3.7,0.308,13,0,0.0,0,0
upi://pay?pa=merchant.9183@ybl&pn=City%20Cafe&cu=INR&am=975.36,merchant.9183@ybl,1,3.7,0.308,13,1,975.36,0,0
upi://pay?pa=6865010736@jio&pn=Auto%20Rickshaw%20Stand&cu=INR,6865010736@jio,1,2.646,1.0,10,0,0.0,0,0
upi://pay?pa=7713283527@apl&pn=Prize%20Center&cu=INR&tn=winner,7713283527@apl,1,2.446,1.0,10,0,0.0,1,1
upi://pay?pa=support67@secure-pay&pn=Cashback%20Desk&cu=INR&tn=suspend,support67@secure-pay,0,2.948,0.222,9,0,0.0,1,1
upi://pay?pa=refund66@refund-upi&pn=KYC%20Support&cu=INR,refund66@refund-upi,0,2.75,0.25,8,0,0.0,0,1
upi://pay?pa=fdpl7r81b5xtj9@okicici&pn=Cashback%20Desk&cu=INR&tn=blocked,fdpl7r81b5xtj9@okicici,1,3.807,0.357,14,0,0.0,1,1
upi://pay?pa=9553861625@hdfcbank&pn=Rahul%20Sharma&cu=INR&am=1249.54,9553861625@hdfcbank,1,2.646,1.0,10,1,1249.54,0,0
upi://pay?pa=1029627640@oksbi&pn=Refund%20Team&cu=INR&am=4.05&tn=refund,1029627640@oksbi,1,2.722,1.0,10,1,4.05,1,1
upi://pay?pa=support1@pay-verify&pn=Prize%20Center&cu=INR&tn=refund,support1@pay-verify,0,2.75,0.125,8,0,0.0,1,1
upi://pay?pa=priya123@paytm&pn=Auto%20Rickshaw%20Stand&cu=INR,priya123@paytm,1,3.0,0.375,8,0,0.0,0,0
upi://pay?pa=goog1e-pay306@ybl&pn=KYC%20Support&cu=INR&tn=verify-now,goog1e-pay306@ybl,1,3.393,0.308,13,0,0.0,1,1
upi://pay?pa=lzawr7zj8fn2be@oksbi&pn=Prize%20Center&cu=INR&tn=blocked,lzawr7zj8fn2be@oksbi,1,3.664,0.214,14,0,0.0,1,1
upi://pay?pa=6856458337@okaxis&pn=City%20Cafe&cu=INR,6856458337@okaxis,1,2.522,1.0,10,0,0.0,0,0
upi://pay?pa=phcnpe15@paytm&pn=Verify%20Account&cu=INR,phcnpe15@paytm,1,2.75,0.25,8,0,0.0,0,1
upi://pay?pa=9245593049@oksbi&pn=Sharma%20Kirana%20Store&cu=INR,9245593049@oksbi,1,2.446,1.0,10,0,0.0,0,0
upi://pay?pa=goog1e-pay640@hdfcbank&pn=Cashback%20Desk&cu=INR&am=3.32&tn=kyc,goog1e-pay640@hdfcbank,1,3.393,0.308,13,1,3.32,1,1
upi://pay?pa=jo5xmdda47of@axl&pn=Prize%20Center&cu=INR&am=2.71&tn=winner,jo5xmdda47of@axl,1,3.252,0.25,12,1,2.71,1,1
upi://pay?pa=refund1@kyc-update&pn=Refund%20Team&cu=INR,refund1@kyc-update,0,2.807,0.143,7,0,0.0,0,1
upi://pay?pa=a08d716jqv@ybl&pn=Verify%20Account&cu=INR&tn=winner,a08d716jqv@ybl,1,3.322,0.5,10,0,0.0,1,1
upi://pay?pa=eeutzeifu43u41@upi&pn=Cashback%20Desk&cu=INR&am=3.02&tn=refund,eeutzeifu43u41@upi,1,2.985,0.286,14,1,3.02,1,1
upi://pay?pa=rahul.sharma@ibl&pn=Sharma%20Kirana%20Store&cu=INR&am=3159.44,rahul.sharma@ibl,1,2.855,0.0,12,1,3159.44,0,0
upi://pay?pa=9t0z6m9zmxzx@kotak&pn=Verify%20Account&cu=INR&am=3.36&tn=reward,9t0z6m9zmxzx@kotak,1,2.689,0.333,12,1,3.36,1,1
upi://pay?pa=phcnpe812@ybl&pn=Verify%20Account&cu=INR&am=1.04&tn=cashback,phcnpe812@ybl,1,2.948,0.333,9,1,1.04,1,1
upi://pay?pa=9815684991@ibl&pn=Sharma%20Kirana%20Store&cu=INR,9815684991@ibl,1,2.446,1.0,10,0,0.0,0,0
upi://pay?pa=1cdi99maziywj@kotak&pn=Refund%20Team&cu=INR&tn=refund,1cdi99maziywj@kotak,1,3.393,0.231,13,0,0.0,1,1
upi://pay?pa=2086689148@okhdfcbank&pn=Refund%20Team&cu=INR&tn=verify-now,2086689148@okhdfcbank,1,2.646,1.0,10,0,0.0,1,1
upi://pay?pa=support61@pay-verify&pn=Verify%20Account&cu=INR&am=4.47,support61@pay-verify,0,2.948,0.222,9,1,4.47,0,1
upi://pay?pa=uce5oh749p1zrt@upi&pn=Cashback%20Desk&cu=INR&tn=urgent,uce5oh749p1zrt@upi,1,3.807,0.357,14,0,0.0,1,1
upi://pay?pa=refund42@kyc-update&pn=Refund%20Team&cu=INR&tn=refund,refund42@kyc-update,0,3.0,0.25,8,0,0.0,1,1
upi://pay?pa=9933895357@upi&pn=Cashback%20Desk&cu=INR&am=1.35&tn=cashback,9933895357@upi,1,2.171,1.0,10,1,1.35,1,1
upi://pay?pa=6786044885@axl&pn=City%20Cafe&cu=INR&am=3690.1,6786044885@axl,1,2.446,1.0,10,1,3690.1,0,0
upi://pay?pa=8568897429@ybl&pn=Prize%20Center&cu=INR&am=3.53&tn=winner,8568897429@ybl,1,2.646,1.0,10,1,3.53,1,1
upi://pay?pa=7521250993@paytm&pn=Om%20Traders&cu=INR,7521250993@paytm,1,2.722,1.0,10,0,0.0,0,0
upi://pay?pa=priya123@jio&pn=Rahul%20Sharma&cu=INR,priya123@jio,1,3.0,0.375,8,0,0.0,0,0
upi://pay?pa=phcnpe943@apl&pn=KYC%20Support&cu=INR&tn=kyc,phcnpe943@apl,1,2.948,0.333,9,0,0.0,1,1
upi://pay?pa=merchant.8449@ibl&pn=Rahul%20Sharma&cu=INR&am=2453.34,merchant.8449@ibl,1,3.547,0.308,13,1,2453.34,0,0
upi://pay?pa=phcnpe723@okicici&pn=Cashback%20Desk&cu=INR&tn=urgent,phcnpe723@okicici,1,2.948,0.333,9,0,0.0,1,1
upi://pay?pa=7509667949@ibl&pn=Sharma%20Kirana%20Store&cu=INR,7509667949@ibl,1,2.446,1.0,10,0,0.0,0,0
upi://pay?pa=rahul.sharma@kotak&pn=Green%20Grocers&cu=INR,rahul.sharma@kotak,1,2.855,0.0,12,0,0.0,0,0
upi://pay?pa=7637632518@okhdfcbank&pn=Om%20Traders&cu=INR,7637632518@okhdfcbank,1,2.722,1.0,10,0,0.0,0,0
upi://pay?pa=6172289681@okhdfcbank&pn=Cashback%20Desk&cu=INR&tn=verify-now,6172289681@okhdfcbank,1,2.522,1.0,10,0,0.0,1,1
upi://pay?pa=cxhj4wupr4tw@ibl&pn=Verify%20Account&cu=INR&tn=blocked,cxhj4wupr4tw@ibl,1,3.252,0.167,12,0,0.0,1,1
upi://pay?pa=qvkcag1jdhqw2@upi&pn=KYC%20Support&cu=INR&tn=refund,qvkcag1jdhqw2@upi,1,3.547,0.154,13,0,0.0,1,1
upi://pay?pa=merchant.401@okhdfcbank&pn=Auto%20Rickshaw%20Stand&cu=INR,merchant.401@okhdfcbank,1,3.585,0.25,12,0,0.0,0,0
upi://pay?pa=support78@secure-pay&pn=KYC%20Support&cu=INR&tn=verify-now,support78@secure-pay,0,2.948,0.222,9,0,0.0,1,1
upi://pay?pa=merchant.7798@idfcbank&pn=Rahul%20Sharma&cu=INR,merchant.7798@idfcbank,1,3.547,0.308,13,0,0.0,0,0
upi://pay?pa=cashback74@xn--upi&pn=KYC%20Support&cu=INR&am=2.87&tn=winner,cashback74@xn--upi,0,2.922,0.2,10,1,2.87,1,1
upi://pay?pa=8837784389@hdfcbank&pn=Sharma%20Kirana%20Store&cu=INR&am=2380.46,8837784389@hdfcbank,1,2.122,1.0,10,1,2380.46,0,0
upi://pay?pa=sunita.devi@ybl&pn=Om%20Traders&cu=INR,sunita.devi@ybl,1,3.278,0.0,11,0,0.0,0,0
upi://pay?pa=6898611007@idfcbank&pn=Priya%20Singh&cu=INR,6898611007@idfcbank,1,2.522,1.0,10,0,0.0,0,0
upi://pay?pa=paytrn556@okhdfcbank&pn=Prize%20Center&cu=INR&tn=verify-now,paytrn556@okhdfcbank,1,2.948,0.333,9,0,0.0,1,1
upi://pay?pa=rahul.sharma@paytm&pn=Om%20Traders&cu=INR,rahul.sharma@paytm,1,2.855,0.0,12,0,0.0,0,0
upi://pay?pa=paytrn445@paytm&pn=Verify%20Account&cu=INR&am=3.91&tn=kyc,paytrn445@paytm,1,2.948,0.333,9,1,3.91,1,1
upi://pay?pa=8999948589@jio&pn=Rahul%20Sharma&cu=INR&am=1971.95,8999948589@jio,1,1.685,1.0,10,1,1971.95,0,0
upi://pay?pa=8sntht7ugvivk0b7@kotak&pn=Refund%20Team&cu=INR&tn=cashback,8sntht7ugvivk0b7@kotak,1,3.625,0.25,16,0,0.0,1,1
upi://pay?pa=xxa53xi3c7g0a@okaxis&pn=Refund%20Team&cu=INR&tn=reward,xxa53xi3c7g0a@okaxis,1,3.027,0.385,13,0,0.0,1,1
upi://pay?pa=7126263779@idfcbank&pn=Prize%20Center&cu=INR&tn=winner,7126263779@idfcbank,1,2.446,1.0,10,0,0.0,1,1
upi://pay?pa=merchant.6561@hdfcbank&pn=Sharma%20Kirana%20Store&cu=INR,merchant.6561@hdfcbank,1,3.547,0.308,13,0,0.0,0,0
upi://pay?pa=merchant.7507@axl&pn=City%20Cafe&cu=INR,merchant.7507@axl,1,3.547,0.308,13,0,0.0,0,0
upi://pay?pa=8862039901@hdfcbank&pn=Om%20Traders&cu=INR,8862039901@hdfcbank,1,2.722,1.0,10,0,0.0,0,0
upi://pay?pa=merchant.3738@oksbi&pn=Om%20Traders&cu=INR,merchant.3738@oksbi,1,3.547,0.308,13,0,0.0,0,0
upi://pay?pa=rahul.sharma@okaxis&pn=Green%20Grocers&cu=INR&am=3760.64,rahul.sharma@okaxis,1,2.855,0.0,12,1,3760.64,0,0
upi://pay?pa=9609480609@paytm&pn=KYC%20Support&cu=INR&tn=verify-now,9609480609@paytm,1,2.171,1.0,10,0,0.0,1,1
upi://pay?pa=goog1e-pay253@oksbi&pn=Cashback%20Desk&cu=INR&tn=cashback,goog1e-pay253@oksbi,1,3.393,0.308,13,0,0.0,1,1
upi://pay?pa=cashback90@xn--upi&pn=KYC%20Support&cu=INR,cashback90@xn--upi,0,2.922,0.2,10,0,0.0,0,1
upi://pay?pa=7441452889@ibl&pn=Green%20Grocers&cu=INR,7441452889@ibl,1,2.646,1.0,10,0,0.0,0,0
upi://pay?pa=kyc-team39@secure-pay&pn=Cashback%20Desk&cu=INR&tn=refund,kyc-team39@secure-pay,0,3.322,0.2,10,0,0.0,1,1
upi://pay?pa=8686294763@ibl&pn=Green%20Grocers&cu=INR,8686294763@ibl,1,2.646,1.0,10,0,0.0,0,0
upi://pay?pa=6557105090@okhdfcbank&pn=Prize%20Center&cu=INR&am=3.94&tn=kyc,6557105090@okhdfcbank,1,2.371,1.0,10,1,3.94,1,1
upi://pay?pa=wsjb4lvcrfmks@ibl&pn=Verify%20Account&cu=INR&am=1.9&tn=urgent,wsjb4lvcrfmks@ibl,1,3.547,0.077,13,1,1.9,1,1
upi://pay?pa=goog1e-pay26@hdfcbank&pn=Refund%20Team&cu=INR&tn=cashback,goog1e-pay26@hdfcbank,1,3.252,0.25,12,0,0.0,1,1
upi://pay?pa=cashback25@secure-pay&pn=Cashback%20Desk&cu=INR&tn=blocked,cashback25@secure-pay,0,2.922,0.2,10,0,0.0,1,1
upi://pay?pa=merchant.7351@ibl&pn=Green%20Grocers&cu=INR&am=4078.73,merchant.7351@ibl,1,3.7,0.308,13,1,4078.73,0,0
upi://pay?pa=8299982007@paytm&pn=Rahul%20Sharma&cu=INR&am=3923.61,8299982007@paytm,1,2.246,1.0,10,1,3923.61,0,0
upi://pay?pa=paytrn467@paytm&pn=Cashback%20Desk&cu=INR&am=2.45&tn=winner,paytrn467@paytm,1,3.17,0.333,9,1,2.45,1,1
upi://pay?pa=merchant.7061@oksbi&pn=Sharma%20Kirana%20Store&cu=INR,merchant.7061@oksbi,1,3.7,0.308,13,0,0.0,0,0
upi://pay?pa=j2qsvlc5aa@ibl&pn=Cashback%20Desk&cu=INR,j2qsvlc5aa@ibl,1,3.122,0.2,10,0,0.0,0,1
upi://pay?pa=vendor.shop@jio&pn=Priya%20Singh&cu=INR,vendor.shop@jio,1,3.278,0.0,11,0,0.0,0,0
upi://pay?pa=7779466167@okicici&pn=Om%20Traders&cu=INR&am=1271.3,7779466167@okicici,1,2.046,1.0,10,1,1271.3,0,0
upi://pay?pa=support77@xn--upi&pn=Prize%20Center&cu=INR&tn=suspend,support77@xn--upi,0,2.725,0.222,9,0,0.0,1,1
upi://pay?pa=support73@secure-pay&pn=Cashback%20Desk&cu=INR&am=4.8&tn=kyc,support73@secure-pay,0,2.948,0.222,9,1,4.8,1,1
upi://pay?pa=kyc-team7@secure-pay&pn=Verify%20Account&cu=INR&am=4.34&tn=cashback,kyc-team7@secure-pay,0,3.17,0.111,9,1,4.34,1,1
upi://pay?pa=priya123@apl&pn=Rahul%20Sharma&cu=INR&am=4050.9,priya123@apl,1,3.0,0.375,8,1,4050.9,0,0
upi://pay?pa=kyc-team16@secure-pay&pn=Prize%20Center&cu=INR&am=3.96&tn=cashback,kyc-team16@secure-pay,0,3.322,0.2,10,1,3.96,1,1
upi://pay?pa=paytrn28@okaxis&pn=Verify%20Account&cu=INR&am=3.37&tn=suspend,paytrn28@okaxis,1,3.0,0.25,8,1,3.37,1,1
upi://pay?pa=9791505105@axl&pn=Green%20Grocers&cu=INR,9791505105@axl,1,2.246,1.0,10,0,0.0,0,0
upi://pay?pa=cashback81@kyc-update&pn=Refund%20Team&cu=INR&tn=cashback,cashback81@kyc-update,0,2.922,0.2,10,0,0.0,1,1
upi://pay?pa=phcnpe578@idfcbank&pn=KYC%20Support&cu=INR&am=1.24&tn=refund,phcnpe578@idfcbank,1,2.948,0.333,9,1,1.24,1,1
upi://pay?pa=phcnpe439@oksbi&pn=Cashback%20Desk&cu=INR&tn=verify-now,phcnpe439@oksbi,1,2.948,0.333,9,0,0.0,1,1
upi://pay?pa=support9@secure-pay&pn=Cashback%20Desk&cu=INR&am=3.31&tn=cashback,support9@secure-pay,0,2.75,0.125,8,1,3.31,1,1
upi://pay?pa=8892268633@hdfcbank&pn=Sharma%20Kirana%20Store&cu=INR,8892268633@hdfcbank,1,2.246,1.0,10,0,0.0,0,0
upi://pay?pa=cashback83@secure-pay&pn=KYC%20Support&cu=INR&tn=cashback,cashback83@secure-pay,0,2.922,0.2,10,0,0.0,1,1
upi://pay?pa=amit.kumar@oksbi&pn=Rahul%20Sharma&cu=INR,amit.kumar@oksbi,1,2.922,0.0,10,0,0.0,0,0
upi://pay?pa=7289924514@okaxis&pn=City%20Cafe&cu=INR,7289924514@okaxis,1,2.722,1.0,10,0,0.0,0,0
upi://pay?pa=goog1e-pay481@kotak&pn=KYC%20Support&cu=INR&am=3.16&tn=blocked,goog1e-pay481@kotak,1,3.239,0.308,13,1,3.16,1,1
upi://pay?pa=9968247952@hdfcbank&pn=Green%20Grocers&cu=INR,9968247952@hdfcbank,1,2.646,1.0,10,0,0.0,0,0
upi://pay?pa=phcnpe762@idfcbank&pn=Verify%20Account&cu=INR&tn=blocked,phcnpe762@idfcbank,1,2.948,0.333,9,0,0.0,1,1
upi://pay?pa=kyc-team18@xn--upi&pn=Cashback%20Desk&cu=INR,kyc-team18@xn--upi,0,3.322,0.2,10,0,0.0,0,1
upi://pay?pa=vendor.shop@paytm&pn=City%20Cafe&cu=INR&am=1930.26,vendor.shop@paytm,1,3.278,0.0,11,1,1930.26,0,0
upi://pay?pa=7105289061@jio&pn=Priya%20Singh&cu=INR&am=3138.62,7105289061@jio,1,2.922,1.0,10,1,3138.62,0,0
upi://pay?pa=8509020413@jio&pn=Om%20Traders&cu=INR&am=2316.32,8509020413@jio,1,2.846,1.0,10,1,2316.32,0,0
upi://pay?pa=refund37@xn--upi&pn=Prize%20Center&cu=INR&tn=verify-now,refund37@xn--upi,0,3.0,0.25,8,0,0.0,1,1
upi://pay?pa=9453697950@apl&pn=Auto%20Rickshaw%20Stand&cu=INR&am=2175.89,9453697950@apl,1,2.646,1.0,10,1,2175.89,0,0
upi://pay?pa=goog1e-pay852@hdfcbank&pn=Verify%20Account&cu=INR&tn=urgent,goog1e-pay852@hdfcbank,1,3.393,0.308,13,0,0.0,1,1
upi://pay?pa=priya123@upi&pn=Green%20Grocers&cu=INR&am=1423.85,priya123@upi,1,3.0,0.375,8,1,1423.85,0,0
upi://pay?pa=paytrn894@axl&pn=KYC%20Support&cu=INR&am=1.99&tn=verify-now,paytrn894@axl,1,3.17,0.333,9,1,1.99,1,1
upi://pay?pa=merchant.8992@ybl&pn=Rahul%20Sharma&cu=INR&am=2460.66,merchant.8992@ybl,1,3.547,0.308,13,1,2460.66,0,0
upi://pay?pa=merchant.5081@ibl&pn=Auto%20Rickshaw%20Stand&cu=INR,merchant.5081@ibl,1,3.7,0.308,13,0,0.0,0,0
upi://pay?pa=phcnpe225@ibl&pn=Verify%20Account&cu=INR&tn=verify-now,phcnpe225@ibl,1,2.725,0.333,9,0,0.0,1,1
upi://pay?pa=merchant.7191@oksbi&pn=Rahul%20Sharma&cu=INR,merchant.7191@oksbi,1,3.547,0.308,13,0,0.0,0,0
upi://pay?pa=8169056122@ybl&pn=City%20Cafe&cu=INR,8169056122@ybl,1,2.722,1.0,10,0,0.0,0,0
upi://pay?pa=amit.kumar@okhdfcbank&pn=Priya%20Singh&cu=INR,amit.kumar@okhdfcbank,1,2.922,0.0,10,0,0.0,0,0
upi://pay?pa=sunita.devi@ybl&pn=Priya%20Singh&cu=INR,sunita.devi@ybl,1,3.278,0.0,11,0,0.0,0,0
upi://pay?pa=paytrn896@paytm&pn=Cashback%20Desk&cu=INR&tn=refund,paytrn896@paytm,1,3.17,0.333,9,0,0.0,1,1
upi://pay?pa=sunita.devi@ibl&pn=City%20Cafe&cu=INR,sunita.devi@ibl,1,3.278,0.0,11,0,0.0,0,0
upi://pay?pa=support74@pay-verify&pn=Verify%20Account&cu=INR&tn=suspend,support74@pay-verify,0,2.948,0.222,9,0,0.0,1,1
upi://pay?pa=merchant.8998@idfcbank&pn=Auto%20Rickshaw%20Stand&cu=INR,merchant.8998@idfcbank,1,3.393,0.308,13,0,0.0,0,0
upi://pay?pa=merchant.9785@kotak&pn=Sharma%20Kirana%20Store&cu=INR,merchant.9785@kotak,1,3.7,0.308,13,0,0.0,0,0
upi://pay?pa=vendor.shop@ibl&pn=Auto%20Rickshaw%20Stand&cu=INR,vendor.shop@ibl,1,3.278,0.0,11,0,0.0,0,0
upi://pay?pa=priya123@ibl&pn=Rahul%20Sharma&cu=INR,priya123@ibl,1,3.0,0.375,8,0,0.0,0,0
upi://pay?pa=merchant.6934@ybl&pn=City%20Cafe&cu=INR&am=2469.59,merchant.6934@ybl,1,3.7,0.308,13,1,2469.59,0,0
upi://pay?pa=merchant.2573@jio&pn=Green%20Grocers&cu=INR&am=307.89,merchant.2573@jio,1,3.7,0.308,13,1,307.89,0,0
upi://pay?pa=priya123@axl&pn=Auto%20Rickshaw%20Stand&cu=INR&am=3616.8,priya123@axl,1,3.0,0.375,8,1,3616.8,0,0
upi://pay?pa=kyc-team83@kyc-update&pn=KYC%20Support&cu=INR&am=3.99&tn=reward,kyc-team83@kyc-update,0,3.322,0.2,10,1,3.99,1,1
upi://pay?pa=1274548277@paytm&pn=Prize%20Center&cu=INR&am=2.48&tn=urgent,1274548277@paytm,1,2.446,1.0,10,1,2.48,1,1
upi://pay?pa=phcnpe218@hdfcbank&pn=Verify%20Account&cu=INR&tn=refund,phcnpe218@hdfcbank,1,2.948,0.333,9,0,0.0,1,1
upi://pay?pa=3351661518@upi&pn=KYC%20Support&cu=INR&am=1.76&tn=urgent,3351661518@upi,1,2.246,1.0,10,1,1.76,1,1
upi://pay?pa=merchant.7696@oksbi&pn=Priya%20Singh&cu=INR,merchant.7696@oksbi,1,3.547,0.308,13,0,0.0,0,0
upi://pay?pa=sunita.devi@paytm&pn=Om%20Traders&cu=INR,sunita.devi@paytm,1,3.278,0.0,11,0,0.0,0,0
upi://pay?pa=merchant.9520@oksbi&pn=Priya%20Singh&cu=INR,merchant.9520@oksbi,1,3.7,0.308,13,0,0.0,0,0
upi://pay?pa=sunita.devi@ybl&pn=Green%20Grocers&cu=INR&am=1770.84,sunita.devi@ybl,1,3.278,0.0,11,1,1770.84,0,0
upi://pay?pa=phcnpe229@okicici&pn=Prize%20Center&cu=INR&tn=verify-now,phcnpe229@okicici,1,2.725,0.333,9,0,0.0,1,1
upi://pay?pa=136042907@upi&pn=Verify%20Account&cu=INR&am=1.51&tn=refund,136042907@upi,1,2.948,1.0,9,1,1.51,1,1
upi://pay?pa=support52@secure-pay&pn=Prize%20Center&cu=INR&tn=refund,support52@secure-pay,0,2.948,0.222,9,0,0.0,1,1
upi://pay?pa=merchant.6340@ibl&pn=Green%20Grocers&cu=INR,merchant.6340@ibl,1,3.7,0.308,13,0,0.0,0,0
upi://pay?pa=refund38@xn--upi&pn=KYC%20Support&cu=INR&tn=suspend,refund38@xn--upi,0,3.0,0.25,8,0,0.0,1,1
upi://pay?pa=6215092803@paytm&pn=Sharma%20Kirana%20Store&cu=INR,6215092803@paytm,1,2.922,1.0,10,0,0.0,0,0
upi://pay?pa=merchant.9256@jio&pn=City%20Cafe&cu=INR,merchant.9256@jio,1,3.7,0.308,13,0,0.0,0,0
upi://pay?pa=2772737834@jio&pn=Verify%20Account&cu=INR,2772737834@jio,1,2.122,1.0,10,0,0.0,0,1
upi://pay?pa=merchant.8756@paytm&pn=Sharma%20Kirana%20Store&cu=INR,merchant.8756@paytm,1,3.7,0.308,13,0,0.0,0,0
upi://pay?pa=refund39@refund-upi&pn=Refund%20Team&cu=INR&tn=winner,refund39@refund-upi,0,3.0,0.25,8,0,0.0,1,1
upi://pay?pa=k42vjgkve8@oksbi&pn=Verify%20Account&cu=INR&am=4.2&tn=suspend,k42vjgkve8@oksbi,1,2.922,0.3,10,1,4.2,1,1
upi://pay?pa=9783818927@ibl&pn=Auto%20Rickshaw%20Stand&cu=INR,9783818927@ibl,1,2.446,1.0,10,0,0.0,0,0
upi://pay?pa=merchant.7123@idfcbank&pn=Om%20Traders&cu=INR,merchant.7123@idfcbank,1,3.7,0.308,13,0,0.0,0,0
upi://pay?pa=vendor.shop@hdfcbank&pn=Sharma%20Kirana%20Store&cu=INR,vendor.shop@hdfcbank,1,3.278,0.0,11,0,0.0,0,0
upi://pay?pa=priya123@okicici&pn=Green%20Grocers&cu=INR,priya123@okicici,1,3.0,0.375,8,0,0.0,0,0
upi://pay?pa=merchant.8695@kotak&pn=Green%20Grocers&cu=INR,merchant.8695@kotak,1,3.7,0.308,13,0,0.0,0,0
upi://pay?pa=9519045785@jio&pn=Sharma%20Kirana%20Store&cu=INR,9519045785@jio,1,2.646,1.0,10,0,0.0,0,0
upi://pay?pa=kqbo8pnbifeuo4w@kotak&pn=KYC%20Support&cu=INR&am=1.24&tn=kyc,kqbo8pnbifeuo4w@kotak,1,3.64,0.133,15,1,1.24,1,1
upi://pay?pa=127095634@paytm&pn=Refund%20Team&cu=INR&tn=winner,127095634@paytm,1,3.17,1.0,9,0,0.0,1,1
upi://pay?pa=paytrn401@jio&pn=Refund%20Team&cu=INR&am=3.8,paytrn401@jio,1,3.17,0.333,9,1,3.8,0,1
upi://pay?pa=rahul.sharma@okicici&pn=Auto%20Rickshaw%20Stand&cu=INR,rahul.sharma@okicici,1,2.855,0.0,12,0,0.0,0,0
upi://pay?pa=7209616713@axl&pn=Refund%20Team&cu=INR&tn=suspend,7209616713@axl,1,2.722,1.0,10,0,0.0,1,1
upi://pay?pa=merchant.2373@hdfcbank&pn=Priya%20Singh&cu=INR,merchant.2373@hdfcbank,1,3.547,0.308,13,0,0.0,0,0
upi://pay?pa=8930030550@oksbi&pn=Om%20Traders&cu=INR,8930030550@oksbi,1,2.122,1.0,10,0,0.0,0,0
upi://pay?pa=vddt8nchd8mexw@jio&pn=KYC%20Support&cu=INR&tn=refund,vddt8nchd8mexw@jio,1,3.325,0.143,14,0,0.0,1,1
upi://pay?pa=amit.kumar@okaxis&pn=Sharma%20Kirana%20Store&cu=INR&am=3524.61,amit.kumar@okaxis,1,2.922,0.0,10,1,3524.61,0,0
upi://pay?pa=6487258103@okicici&pn=Sharma%20Kirana%20Store&cu=INR,6487258103@okicici,1,3.122,1.0,10,0,0.0,0,0
upi://pay?pa=goog1e-pay228@okicici&pn=Prize%20Center&cu=INR&tn=lottery,goog1e-pay228@okicici,1,3.239,0.308,13,0,0.0,1,1
upi://pay?pa=kyc-team97@kyc-update&pn=Prize%20Center&cu=INR&tn=verify-now,kyc-team97@kyc-update,0,3.322,0.2,10,0,0.0,1,1
upi://pay?pa=7725250772@paytm&pn=Prize%20Center&cu=INR&tn=refund,7725250772@paytm,1,1.846,1.0,10,0,0.0,1,1
upi://pay?pa=8232009634@okhdfcbank&pn=Green%20Grocers&cu=INR&am=2048.09,8232009634@okhdfcbank,1,2.722,1.0,10,1,2048.09,0,0
upi://pay?pa=8688457565@okaxis&pn=Priya%20Singh&cu=INR,8688457565@okaxis,1,2.171,1.0,10,0,0.0,0,0
upi://pay?pa=7759889613@idfcbank&pn=Auto%20Rickshaw%20Stand&cu=INR&am=818.66,7759889613@idfcbank,1,2.722,1.0,10,1,818.66,0,0
upi://pay?pa=goog1e-pay968@okhdfcbank&pn=Verify%20Account&cu=INR&tn=blocked,goog1e-pay968@okhdfcbank,1,3.393,0.308,13,0,0.0,1,1
upi://pay?pa=7568590687@okhdfcbank&pn=Priya%20Singh&cu=INR&am=1278.52,7568590687@okhdfcbank,1,2.522,1.0,10,1,1278.52,0,0
upi://pay?pa=cashback6@refund-upi&pn=Prize%20Center&cu=INR&am=2.26&tn=suspend,cashback6@refund-upi,0,2.725,0.111,9,1,2.26,1,1
upi://pay?pa=7773655347@idfcbank&pn=Priya%20Singh&cu=INR,7773655347@idfcbank,1,2.122,1.0,10,0,0.0,0,0
upi://pay?pa=7830668153@upi&pn=Cashback%20Desk&cu=INR&tn=urgent,7830668153@upi,1,2.722,1.0,10,0,0.0,1,1
upi://pay?pa=rahul.sharma@oksbi&pn=City%20Cafe&cu=INR&am=3767.18,rahul.sharma@oksbi,1,2.855,0.0,12,1,3767.18,0,0
upi://pay?pa=8024460096@ybl&pn=KYC%20Support&cu=INR&am=1.07&tn=refund,8024460096@ybl,1,2.446,1.0,10,1,1.07,1,1
upi://pay?pa=priya123@okicici&pn=Green%20Grocers&cu=INR,priya123@okicici,1,3.0,0.375,8,0,0.0,0,0
upi://pay?pa=sunita.devi@jio&pn=Rahul%20Sharma&cu=INR,sunita.devi@jio,1,3.278,0.0,11,0,0.0,0,0
upi://pay?pa=paytrn274@kotak&pn=Cashback%20Desk&cu=INR&tn=suspend,paytrn274@kotak,1,3.17,0.333,9,0,0.0,1,1
upi://pay?pa=8640665603@okhdfcbank&pn=Auto%20Rickshaw%20Stand&cu=INR,8640665603@okhdfcbank,1,2.322,1.0,10,0,0.0,0,0
upi://pay?pa=6386403261@okicici&pn=Priya%20Singh&cu=INR,6386403261@okicici,1,2.646,1.0,10,0,0.0,0,0
upi://pay?pa=cashback75@pay-verify&pn=Verify%20Account&cu=INR,cashback75@pay-verify,0,2.922,0.2,10,0,0.0,0,1
upi://pay?pa=9433043246@upi&pn=Om%20Traders&cu=INR&am=99.46,9433043246@upi,1,2.371,1.0,10,1,99.46,0,0
upi://pay?pa=8719089804@okhdfcbank&pn=Cashback%20Desk&cu=INR&am=2.0&tn=reward,8719089804@okhdfcbank,1,2.446,1.0,10,1,2.0,1,1
upi://pay?pa=6110205725@ibl&pn=Rahul%20Sharma&cu=INR,6110205725@ibl,1,2.522,1.0,10,0,0.0,0,0
upi://pay?pa=sunita.devi@hdfcbank&pn=City%20Cafe&cu=INR,sunita.devi@hdfcbank,1,3.278,0.0,11,0,0.0,0,0
upi://pay?pa=phcnpe798@okaxis&pn=KYC%20Support&cu=INR&tn=blocked,phcnpe798@okaxis,1,2.948,0.333,9,0,0.0,1,1
upi://pay?pa=kyc-team27@refund-upi&pn=Prize%20Center&cu=INR&tn=urgent,kyc-team27@refund-upi,0,3.322,0.2,10,0,0.0,1,1
upi://pay?pa=zmpwb0f4x6vvwnh8@hdfcbank&pn=KYC%20Support&cu=INR&tn=urgent,zmpwb0f4x6vvwnh8@hdfcbank,1,3.75,0.25,16,0,0.0,1,1
upi://pay?pa=grb2d5lo9j@paytm&pn=Prize%20Center&cu=INR&tn=cashback,grb2d5lo9j@paytm,1,3.322,0.3,10,0,0.0,1,1
upi://pay?pa=8521157726@hdfcbank&pn=Cashback%20Desk&cu=INR&tn=refund,8521157726@hdfcbank,1,2.522,1.0,10,0,0.0,1,1
upi://pay?pa=1832002004@hdfcbank&pn=Cashback%20Desk&cu=INR&am=4.04&tn=reward,1832002004@hdfcbank,1,2.322,1.0,10,1,4.04,1,1
upi://pay?pa=amit.kumar@okaxis&pn=Priya%20Singh&cu=INR,amit.kumar@okaxis,1,2.922,0.0,10,0,0.0,0,0
upi://pay?pa=goog1e-pay469@ybl&pn=Cashback%20Desk&cu=INR&am=2.82&tn=cashback,goog1e-pay469@ybl,1,3.393,0.308,13,1,2.82,1,1
upi://pay?pa=hrhbkgk9jqtajp@paytm&pn=Verify%20Account&cu=INR&tn=cashback,hrhbkgk9jqtajp@paytm,1,3.379,0.071,14,0,0.0,1,1
upi://pay?pa=merchant.5467@upi&pn=Priya%20Singh&cu=INR,merchant.5467@upi,1,3.7,0.308,13,0,0.0,0,0
upi://pay?pa=9944978331@paytm&pn=Cashback%20Desk&cu=INR&tn=refund,9944978331@paytm,1,2.446,1.0,10,0,0.0,1,1
upi://pay?pa=rahul.sharma@ibl&pn=Rahul%20Sharma&cu=INR&am=2688.6,rahul.sharma@ibl,1,2.855,0.0,12,1,2688.6,0,0
upi://pay?pa=3zqx3qfxmhr@upi&pn=Verify%20Account&cu=INR&tn=kyc,3zqx3qfxmhr@upi,1,2.914,0.182,11,0,0.0,1,1
upi://pay?pa=a26qex3zl3fuh@apl&pn=KYC%20Support&cu=INR&tn=urgent,a26qex3zl3fuh@apl,1,3.547,0.308,13,0,0.0,1,1
upi://pay?pa=sunita.devi@hdfcbank&pn=City%20Cafe&cu=INR,sunita.devi@hdfcbank,1,3.278,0.0,11,0,0.0,0,0
upi://pay?pa=8997331061@kotak&pn=City%20Cafe&cu=INR,8997331061@kotak,1,2.722,1.0,10,0,0.0,0,0
upi://pay?pa=9428342624@ibl&pn=Auto%20Rickshaw%20Stand&cu=INR,9428342624@ibl,1,2.371,1.0,10,0,0.0,0,0
upi://pay?pa=sunita.devi@kotak&pn=Sharma%20Kirana%20Store&cu=INR,sunita.devi@kotak,1,3.278,0.0,11,0,0.0,0,0
upi://pay?pa=3585626042@kotak&pn=KYC%20Support&cu=INR&tn=reward,3585626042@kotak,1,2.722,1.0,10,0,0.0,1,1
upi://pay?pa=vendor.shop@kotak&pn=Auto%20Rickshaw%20Stand&cu=INR&am=4468.35,vendor.shop@kotak,1,3.278,0.0,11,1,4468.35,0,0
upi://pay?pa=2325417442@okhdfcbank&pn=KYC%20Support&cu=INR&tn=urgent,2325417442@okhdfcbank,1,2.371,1.0,10,0,0.0,1,1
upi://pay?pa=priya123@oksbi&pn=Rahul%20Sharma&cu=INR,priya123@oksbi,1,3.0,0.375,8,0,0.0,0,0
upi://pay?pa=vendor.shop@ybl&pn=Auto%20Rickshaw%20Stand&cu=INR&am=1613.68,vendor.shop@ybl,1,3.278,0.0,11,1,1613.68,0,0
upi://pay?pa=sunita.devi@kotak&pn=City%20Cafe&cu=INR&am=1338.11,sunita.devi@kotak,1,3.278,0.0,11,1,1338.11,0,0
upi://pay?pa=phcnpe183@idfcbank&pn=Prize%20Center&cu=INR&am=1.63&tn=verify-now,phcnpe183@idfcbank,1,2.948,0.333,9,1,1.63,1,1
upi://pay?pa=merchant.5580@ybl&pn=City%20Cafe&cu=INR,merchant.5580@ybl,1,3.547,0.308,13,0,0.0,0,0
upi://pay?pa=goog1e-pay567@okicici&pn=Refund%20Team&cu=INR&tn=urgent,goog1e-pay567@okicici,1,3.393,0.308,13,0,0.0,1,1
upi://pay?pa=2901548972@axl&pn=Refund%20Team&cu=INR&tn=winner,2901548972@axl,1,2.922,1.0,10,0,0.0,1,1
upi://pay?pa=phcnpe355@hdfcbank&pn=KYC%20Support&cu=INR&tn=blocked,phcnpe355@hdfcbank,1,2.725,0.333,9,0,0.0,1,1
upi://pay?pa=4071396620@kotak&pn=Prize%20Center&cu=INR&tn=urgent,4071396620@kotak,1,2.922,1.0,10,0,0.0,1,1
upi://pay?pa=merchant.2838@kotak&pn=Green%20Grocers&cu=INR,merchant.2838@kotak,1,3.547,0.308,13,0,0.0,0,0
upi://pay?pa=302317971@hdfcbank&pn=KYC%20Support&cu=INR&am=2.42&tn=reward,302317971@hdfcbank,1,2.503,1.0,9,1,2.42,1,1
upi://pay?pa=support91@kyc-update&pn=Refund%20Team&cu=INR&tn=kyc,support91@kyc-update,0,2.948,0.222,9,0,0.0,1,1
upi://pay?pa=rahul.sharma@oksbi&pn=Auto%20Rickshaw%20Stand&cu=INR,rahul.sharma@oksbi,1,2.855,0.0,12,0,0.0,0,0
upi://pay?pa=hgsuwg6qh713@kotak&pn=Prize%20Center&cu=INR&tn=lottery,hgsuwg6qh713@kotak,1,3.252,0.333,12,0,0.0,1,1
upi://pay?pa=merchant.9583@okhdfcbank&pn=Auto%20Rickshaw%20Stand&cu=INR,merchant.9583@okhdfcbank,1,3.7,0.308,13,0,0.0,0,0
upi://pay?pa=merchant.4726@ybl&pn=Rahul%20Sharma&cu=INR&am=4616.86,merchant.4726@ybl,1,3.7,0.308,13,1,4616.86,0,0
upi://pay?pa=wacj28msabbka@idfcbank&pn=Prize%20Center&cu=INR&tn=lottery,wacj28msabbka@idfcbank,1,3.181,0.154,13,0,0.0,1,1
upi://pay?pa=sunita.devi@apl&pn=Rahul%20Sharma&cu=INR,sunita.devi@apl,1,3.278,0.0,11,0,0.0,0,0
upi://pay?pa=1733506905@ibl&pn=Refund%20Team&cu=INR&tn=cashback,1733506905@ibl,1,2.722,1.0,10,0,0.0,1,1
upi://pay?pa=kyc-team37@kyc-update&pn=Prize%20Center&cu=INR&am=2.15&tn=suspend,kyc-team37@kyc-update,0,3.322,0.2,10,1,2.15,1,1
upi://pay?pa=support29@xn--upi&pn=Prize%20Center&cu=INR&tn=urgent,support29@xn--upi,0,2.948,0.222,9,0,0.0,1,1
upi://pay?pa=rahul.sharma@jio&pn=Rahul%20Sharma&cu=INR,rahul.sharma@jio,1,2.855,0.0,12,0,0.0,0,0
upi://pay?pa=kyc-team70@refund-upi&pn=Verify%20Account&cu=INR,kyc-team70@refund-upi,0,3.322,0.2,10,0,0.0,0,1
upi://pay?pa=sunita.devi@ybl&pn=Sharma%20Kirana%20Store&cu=INR,sunita.devi@ybl,1,3.278,0.0,11,0,0.0,0,0
upi://pay?pa=phcnpe272@kotak&pn=Prize%20Center&cu=INR&tn=verify-now,phcnpe272@kotak,1,2.725,0.333,9,0,0.0,1,1
upi://pay?pa=gtg6zom2oyh@idfcbank&pn=Prize%20Center&cu=INR&am=4.29&tn=cashback,gtg6zom2oyh@idfcbank,1,3.096,0.182,11,1,4.29,1,1
upi://pay?pa=support76@pay-verify&pn=Cashback%20Desk&cu=INR&tn=verify-now,support76@pay-verify,0,2.948,0.222,9,0,0.0,1,1
upi://pay?pa=9316155121@apl&pn=Cashback%20Desk&cu=INR&tn=lottery,9316155121@apl,1,2.322,1.0,10,0,0.0,1,1
upi://pay?pa=vendor.shop@idfcbank&pn=City%20Cafe&cu=INR,vendor.shop@idfcbank,1,3.278,0.0,11,0,0.0,0,0
upi://pay?pa=l8vhf48uz27nr6d@axl&pn=Refund%20Team&cu=INR&am=1.61&tn=cashback,l8vhf48uz27nr6d@axl,1,3.774,0.4,15,1,1.61,1,1
upi://pay?pa=0dhnhwekqd@upi&pn=KYC%20Support&cu=INR&tn=kyc,0dhnhwekqd@upi,1,2.922,0.1,10,0,0.0,1,1
upi://pay?pa=7510821772@okicici&pn=Green%20Grocers&cu=INR&am=281.13,7510821772@okicici,1,2.446,1.0,10,1,281.13,0,0
upi://pay?pa=7888432813@okicici&pn=KYC%20Support&cu=INR&am=1.28&tn=blocked,7888432813@okicici,1,2.322,1.0,10,1,1.28,1,1
upi://pay?pa=kyc-team78@secure-pay&pn=Cashback%20Desk&cu=INR&tn=blocked,kyc-team78@secure-pay,0,3.322,0.2,10,0,0.0,1,1
upi://pay?pa=8732159265@oksbi&pn=Verify%20Account&cu=INR&am=1.61&tn=lottery,8732159265@oksbi,1,2.922,1.0,10,1,1.61,1,1
upi://pay?pa=merchant.3175@kotak&pn=Green%20Grocers&cu=INR,merchant.3175@kotak,1,3.7,0.308,13,0,0.0,0,0
upi://pay?pa=cashback28@refund-upi&pn=Cashback%20Desk&cu=INR,cashback28@refund-upi,0,2.922,0.2,10,0,0.0,0,1
upi://pay?pa=priya123@okhdfcbank&pn=City%20Cafe&cu=INR,priya123@okhdfcbank,1,3.0,0.375,8,0,0.0,0,0
upi://pay?pa=merchant.3179@axl&pn=Sharma%20Kirana%20Store&cu=INR,merchant.3179@axl,1,3.7,0.308,13,0,0.0,0,0
upi://pay?pa=4398345595@oksbi&pn=Cashback%20Desk&cu=INR&tn=winner,4398345595@oksbi,1,2.246,1.0,10,0,0.0,1,1
upi://pay?pa=goog1e-pay730@okicici&pn=Verify%20Account&cu=INR&am=2.93&tn=refund,goog1e-pay730@okicici,1,3.393,0.308,13,1,2.93,1,1
upi://pay?pa=4506501659@ybl&pn=Prize%20Center&cu=INR&tn=verify-now,4506501659@ybl,1,2.446,1.0,10,0,0.0,1,1
upi://pay?pa=merchant.8743@okaxis&pn=Priya%20Singh&cu=INR,merchant.8743@okaxis,1,3.7,0.308,13,0,0.0,0,0
upi://pay?pa=merchant.3028@paytm&pn=Auto%20Rickshaw%20Stand&cu=INR,merchant.3028@paytm,1,3.7,0.308,13,0,0.0,0,0
upi://pay?pa=bec41rn9uq7@paytm&pn=Refund%20Team&cu=INR&tn=reward,bec41rn9uq7@paytm,1,3.459,0.364,11,0,0.0,1,1
upi://pay?pa=9572982562@idfcbank&pn=Rahul%20Sharma&cu=INR,9572982562@idfcbank,1,2.446,1.0,10,0,0.0,0,0
upi://pay?pa=uwetowtk4k@ibl&pn=Prize%20Center&cu=INR&tn=reward,uwetowtk4k@ibl,1,2.722,0.1,10,0,0.0,1,1
upi://pay?pa=merchant.2401@okaxis&pn=Priya%20Singh&cu=INR&am=3854.13,merchant.2401@okaxis,1,3.7,0.308,13,1,3854.13,0,0
upi://pay?pa=refund79@kyc-update&pn=Cashback%20Desk&cu=INR&am=2.06&tn=lottery,refund79@kyc-update,0,3.0,0.25,8,1,2.06,1,1
upi://pay?pa=3yqmpuyw6mxrf@ybl&pn=Refund%20Team&cu=INR&am=2.22&tn=verify-now,3yqmpuyw6mxrf@ybl,1,3.393,0.154,13,1,2.22,1,1
upi://pay?pa=9752644493@ibl&pn=KYC%20Support&cu=INR&tn=refund,9752644493@ibl,1,2.646,1.0,10,0,0.0,1,1
upi://pay?pa=969psdc63h0anh@ybl&pn=Cashback%20Desk&cu=INR,969psdc63h0anh@ybl,1,3.379,0.429,14,0,0.0,0,1
upi://pay?pa=rahul.sharma@kotak&pn=Auto%20Rickshaw%20Stand&cu=INR,rahul.sharma@kotak,1,2.855,0.0,12,0,0.0,0,0
upi://pay?pa=merchant.772@kotak&pn=Auto%20Rickshaw%20Stand&cu=INR&am=2673.07,merchant.772@kotak,1,3.418,0.25,12,1,2673.07,0,0
upi://pay?pa=merchant.9592@okaxis&pn=Priya%20Singh&cu=INR,merchant.9592@okaxis,1,3.547,0.308,13,0,0.0,0,0
upi://pay?pa=merchant.6587@okaxis&pn=Auto%20Rickshaw%20Stand&cu=INR&am=4085.94,merchant.6587@okaxis,1,3.7,0.308,13,1,4085.94,0,0
upi://pay?pa=priya123@jio&pn=City%20Cafe&cu=INR,priya123@jio,1,3.0,0.375,8,0,0.0,0,0
upi://pay?pa=amit.kumar@apl&pn=Om%20Traders&cu=INR&am=3388.67,amit.kumar@apl,1,2.922,0.0,10,1,3388.67,0,0
upi://pay?pa=6247839447@idfcbank&pn=Rahul%20Sharma&cu=INR,6247839447@idfcbank,1,2.646,1.0,10,0,0.0,0,0
upi://pay?pa=paytrn147@axl&pn=Cashback%20Desk&cu=INR&tn=urgent,paytrn147@axl,1,3.17,0.333,9,0,0.0,1,1
upi://pay?pa=amit.kumar@okaxis&pn=Om%20Traders&cu=INR&am=3533.4,amit.kumar@okaxis,1,2.922,0.0,10,1,3533.4,0,0
upi://pay?pa=paytrn26@ybl&pn=Prize%20Center&cu=INR&tn=suspend,paytrn26@ybl,1,3.0,0.25,8,0,0.0,1,1
upi://pay?pa=8827350430@hdfcbank&pn=Green%20Grocers&cu=INR&am=4001.32,8827350430@hdfcbank,1,2.722,1.0,10,1,4001.32,0,0
upi://pay?pa=2rb3bihf19j2vp@paytm&pn=Refund%20Team&cu=INR&am=2.02&tn=blocked,2rb3bihf19j2vp@paytm,1,3.522,0.357,14,1,2.02,1,1
upi://pay?pa=support83@xn--upi&pn=Verify%20Account&cu=INR&am=1.56&tn=urgent,support83@xn--upi,0,2.948,0.222,9,1,1.56,1,1
upi://pay?pa=k0onyu7gzy58e@apl&pn=Prize%20Center&cu=INR&am=1.13&tn=lottery,k0onyu7gzy58e@apl,1,3.547,0.308,13,1,1.13,1,1
upi://pay?pa=merchant.4681@jio&pn=Green%20Grocers&cu=INR&am=3168.22,merchant.4681@jio,1,3.7,0.308,13,1,3168.22,0,0
upi://pay?pa=amit.kumar@upi&pn=Sharma%20Kirana%20Store&cu=INR&am=3243.15,amit.kumar@upi,1,2.922,0.0,10,1,3243.15,0,0
upi://pay?pa=goog1e-pay674@idfcbank&pn=Verify%20Account&cu=INR&tn=kyc,goog1e-pay674@idfcbank,1,3.393,0.308,13,0,0.0,1,1
upi://pay?pa=merchant.3342@okaxis&pn=City%20Cafe&cu=INR&am=91.32,merchant.3342@okaxis,1,3.547,0.308,13,1,91.32,0,0
upi://pay?pa=merchant.8882@okhdfcbank&pn=City%20Cafe&cu=INR,merchant.8882@okhdfcbank,1,3.335,0.308,13,0,0.0,0,0
upi://pay?pa=phcnpe480@paytm&pn=Refund%20Team&cu=INR&am=1.98&tn=blocked,phcnpe480@paytm,1,2.948,0.333,9,1,1.98,1,1
upi://pay?pa=cashback11@pay-verify&pn=Cashback%20Desk&cu=INR&am=4.38&tn=lottery,cashback11@pay-verify,0,2.722,0.2,10,1,4.38,1,1
upi://pay?pa=3236813178@ibl&pn=KYC%20Support&cu=INR&am=2.15&tn=urgent,3236813178@ibl,1,2.446,1.0,10,1,2.15,1,1
upi://pay?pa=uaq3h8xaz8j2@axl&pn=Prize%20Center&cu=INR&tn=refund,uaq3h8xaz8j2@axl,1,3.252,0.333,12,0,0.0,1,1
upi://pay?pa=refund87@xn--upi&pn=Cashback%20Desk&cu=INR&am=4.76&tn=verify-now,refund87@xn--upi,0,3.0,0.25,8,1,4.76,1,1
upi://pay?pa=5830737311@jio&pn=Refund%20Team&cu=INR&tn=refund,5830737311@jio,1,2.446,1.0,10,0,0.0,1,1
upi://pay?pa=7il6d6pqvp7e@okhdfcbank&pn=Verify%20Account&cu=INR&am=1.1&tn=suspend,7il6d6pqvp7e@okhdfcbank,1,3.085,0.333,12,1,1.1,1,1
upi://pay?pa=merchant.5282@ibl&pn=Om%20Traders&cu=INR,merchant.5282@ibl,1,3.547,0.308,13,0,0.0,0,0
upi://pay?pa=4137818531@hdfcbank&pn=KYC%20Support&cu=INR&am=4.38&tn=winner,4137818531@hdfcbank,1,2.446,1.0,10,1,4.38,1,1
upi://pay?pa=merchant.2065@hdfcbank&pn=Om%20Traders&cu=INR,merchant.2065@hdfcbank,1,3.7,0.308,13,0,0.0,0,0
upi://pay?pa=support10@secure-pay&pn=KYC%20Support&cu=INR&tn=reward,support10@secure-pay,0,2.948,0.222,9,0,0.0,1,1
upi://pay?pa=merchant.8709@ibl&pn=Rahul%20Sharma&cu=INR,merchant.8709@ibl,1,3.7,0.308,13,0,0.0,0,0
upi://pay?pa=9j12piib2p@apl&pn=Refund%20Team&cu=INR&am=4.5&tn=reward,9j12piib2p@apl,1,2.722,0.4,10,1,4.5,1,1
upi://pay?pa=rahul.sharma@paytm&pn=Priya%20Singh&cu=INR,rahul.sharma@paytm,1,2.855,0.0,12,0,0.0,0,0
upi://pay?pa=9783840727@jio&pn=Om%20Traders&cu=INR&am=1746.97,9783840727@jio,1,2.646,1.0,10,1,1746.97,0,0
upi://pay?pa=cashback67@refund-upi&pn=Verify%20Account&cu=INR&tn=reward,cashback67@refund-upi,0,2.922,0.2,10,0,0.0,1,1
upi://pay?pa=merchant.4292@oksbi&pn=Rahul%20Sharma&cu=INR,merchant.4292@oksbi,1,3.547,0.308,13,0,0.0,0,0
upi://pay?pa=merchant.217@paytm&pn=Auto%20Rickshaw%20Stand&cu=INR&am=3515.08,merchant.217@paytm,1,3.585,0.25,12,1,3515.08,0,0
upi://pay?pa=kyc-team9@kyc-update&pn=Cashback%20Desk&cu=INR&tn=suspend,kyc-team9@kyc-update,0,3.17,0.111,9,0,0.0,1,1
upi://pay?pa=merchant.8673@jio&pn=Priya%20Singh&cu=INR,merchant.8673@jio,1,3.7,0.308,13,0,0.0,0,0
upi://pay?pa=refund69@xn--upi&pn=Cashback%20Desk&cu=INR&tn=winner,refund69@xn--upi,0,3.0,0.25,8,0,0.0,1,1
upi://pay?pa=9673824404@ybl&pn=Om%20Traders&cu=INR,9673824404@ybl,1,2.846,1.0,10,0,0.0,0,0
upi://pay?pa=cashback23@xn--upi&pn=Cashback%20Desk&cu=INR&tn=kyc,cashback23@xn--upi,0,2.922,0.2,10,0,0.0,1,1
upi://pay?pa=merchant.4141@hdfcbank&pn=City%20Cafe&cu=INR&am=1649.93,merchant.4141@hdfcbank,1,3.393,0.308,13,1,1649.93,0,0
upi://pay?pa=9738737735@idfcbank&pn=Sharma%20Kirana%20Store&cu=INR,9738737735@idfcbank,1,2.046,1.0,10,0,0.0,0,0
upi://pay?pa=8403241827@axl&pn=KYC%20Support&cu=INR&tn=suspend,8403241827@axl,1,2.722,1.0,10,0,0.0,1,1
upi://pay?pa=utjto914ybnus7ps@okicici&pn=Cashback%20Desk&cu=INR&am=3.08&tn=urgent,utjto914ybnus7ps@okicici,1,3.625,0.25,16,1,3.08,1,1
upi://pay?pa=merchant.3904@upi&pn=Green%20Grocers&cu=INR,merchant.3904@upi,1,3.7,0.308,13,0,0.0,0,0
upi://pay?pa=merchant.2774@hdfcbank&pn=Priya%20Singh&cu=INR&am=4368.2,merchant.2774@hdfcbank,1,3.547,0.308,13,1,4368.2,0,0
upi://pay?pa=6173756082@ibl&pn=Auto%20Rickshaw%20Stand&cu=INR&am=3754.99,6173756082@ibl,1,2.922,1.0,10,1,3754.99,0,0
upi://pay?pa=paytrn949@okhdfcbank&pn=Refund%20Team&cu=INR&tn=winner,paytrn949@okhdfcbank,1,2.948,0.333,9,0,0.0,1,1
upi://pay?pa=cashback80@pay-verify&pn=Prize%20Center&cu=INR&tn=winner,cashback80@pay-verify,0,2.922,0.2,10,0,0.0,1,1
upi://pay?pa=sunita.devi@okicici&pn=Auto%20Rickshaw%20Stand&cu=INR&am=3437.7,sunita.devi@okicici,1,3.278,0.0,11,1,3437.7,0,0
upi://pay?pa=3203533945@apl&pn=Cashback%20Desk&cu=INR&tn=verify-now,3203533945@apl,1,2.322,1.0,10,0,0.0,1,1
upi://pay?pa=paytrn497@okicici&pn=Refund%20Team&cu=INR,paytrn497@okicici,1,3.17,0.333,9,0,0.0,0,1
upi://pay?pa=merchant.9850@upi&pn=Auto%20Rickshaw%20Stand&cu=INR,merchant.9850@upi,1,3.7,0.308,13,0,0.0,0,0
upi://pay?pa=7900541784@kotak&pn=Auto%20Rickshaw%20Stand&cu=INR&am=835.68,7900541784@kotak,1,2.722,1.0,10,1,835.68,0,0
upi://pay?pa=amit.kumar@jio&pn=Green%20Grocers&cu=INR,amit.kumar@jio,1,2.922,0.0,10,0,0.0,0,0
upi://pay?pa=vendor.shop@paytm&pn=Om%20Traders&cu=INR&am=1738.72,vendor.shop@paytm,1,3.278,0.0,11,1,1738.72,0,0
upi://pay?pa=merchant.8851@jio&pn=Rahul%20Sharma&cu=INR,merchant.8851@jio,1,3.547,0.308,13,0,0.0,0,0
upi://pay?pa=cashback77@xn--upi&pn=Prize%20Center&cu=INR&tn=refund,cashback77@xn--upi,0,2.722,0.2,10,0,0.0,1,1
upi://pay?pa=vendor.shop@okicici&pn=Auto%20Rickshaw%20Stand&cu=INR,vendor.shop@okicici,1,3.278,0.0,11,0,0.0,0,0
upi://pay?pa=9ob6kb9z7fw@idfcbank&pn=Refund%20Team&cu=INR,9ob6kb9z7fw@idfcbank,1,3.096,0.364,11,0,0.0,0,1
upi://pay?pa=priya123@ybl&pn=Rahul%20Sharma&cu=INR,priya123@ybl,1,3.0,0.375,8,0,0.0,0,0
upi://pay?pa=7075500493@hdfcbank&pn=City%20Cafe&cu=INR,7075500493@hdfcbank,1,2.446,1.0,10,0,0.0,0,0
upi://pay?pa=merchant.2169@kotak&pn=Green%20Grocers&cu=INR&am=3325.44,merchant.2169@kotak,1,3.7,0.308,13,1,3325.44,0,0
upi://pay?pa=paytrn650@okaxis&pn=Prize%20Center&cu=INR&am=1.66&tn=reward,paytrn650@okaxis,1,3.17,0.333,9,1,1.66,1,1
upi://pay?pa=kyc-team30@refund-upi&pn=KYC%20Support&cu=INR&tn=urgent,kyc-team30@refund-upi,0,3.322,0.2,10,0,0.0,1,1
upi://pay?pa=rahul.sharma@jio&pn=Priya%20Singh&cu=INR,rahul.sharma@jio,1,2.855,0.0,12,0,0.0,0,0
upi://pay?pa=vendor.shop@upi&pn=Auto%20Rickshaw%20Stand&cu=INR,vendor.shop@upi,1,3.278,0.0,11,0,0.0,0,0
upi://pay?pa=paytrn328@oksbi&pn=Cashback%20Desk&cu=INR&am=2.95&tn=winner,paytrn328@oksbi,1,3.17,0.333,9,1,2.95,1,1
upi://pay?pa=sunita.devi@okaxis&pn=Auto%20Rickshaw%20Stand&cu=INR,sunita.devi@okaxis,1,3.278,0.0,11,0,0.0,0,0
upi://pay?pa=merchant.5664@oksbi&pn=Rahul%20Sharma&cu=INR,merchant.5664@oksbi,1,3.547,0.308,13,0,0.0,0,0
upi://pay?pa=merchant.3220@idfcbank&pn=Sharma%20Kirana%20Store&cu=INR&am=1356.94,merchant.3220@idfcbank,1,3.547,0.308,13,1,1356.94,0,0
upi://pay?pa=vendor.shop@kotak&pn=Om%20Traders&cu=INR,vendor.shop@kotak,1,3.278,0.0,11,0,0.0,0,0
upi://pay?pa=refund28@xn--upi&pn=Prize%20Center&cu=INR&am=1.37&tn=suspend,refund28@xn--upi,0,3.0,0.25,8,1,1.37,1,1
upi://pay?pa=2565735953@upi&pn=Refund%20Team&cu=INR&tn=cashback,2565735953@upi,1,2.322,1.0,10,0,0.0,1,1
upi://pay?pa=sunita.devi@okhdfcbank&pn=Auto%20Rickshaw%20Stand&cu=INR,sunita.devi@okhdfcbank,1,3.278,0.0,11,0,0.0,0,0
upi://pay?pa=phcnpe956@okhdfcbank&pn=Prize%20Center&cu=INR&tn=cashback,phcnpe956@okhdfcbank,1,2.948,0.333,9,0,0.0,1,1
upi://pay?pa=7490478037@okhdfcbank&pn=Cashback%20Desk&cu=INR&tn=kyc,7490478037@okhdfcbank,1,2.446,1.0,10,0,0.0,1,1
upi://pay?pa=9520975846@ybl&pn=Rahul%20Sharma&cu=INR,9520975846@ybl,1,2.922,1.0,10,0,0.0,0,0
upi://pay?pa=vendor.shop@ybl&pn=Green%20Grocers&cu=INR,vendor.shop@ybl,1,3.278,0.0,11,0,0.0,0,0
upi://pay?pa=paytrn537@upi&pn=Verify%20Account&cu=INR&am=4.93&tn=winner,paytrn537@upi,1,3.17,0.333,9,1,4.93,1,1
upi://pay?pa=3983463656@kotak&pn=KYC%20Support&cu=INR&tn=verify-now,3983463656@kotak,1,2.371,1.0,10,0,0.0,1,1
upi://pay?pa=7956232043@upi&pn=Rahul%20Sharma&cu=INR,7956232043@upi,1,2.922,1.0,10,0,0.0,0,0
upi://pay?pa=merchant.2739@upi&pn=City%20Cafe&cu=INR,merchant.2739@upi,1,3.7,0.308,13,0,0.0,0,0
upi://pay?pa=nh36we7gj81@oksbi&pn=Cashback%20Desk&cu=INR&am=2.28&tn=suspend,nh36we7gj81@oksbi,1,3.459,0.455,11,1,2.28,1,1
upi://pay?pa=amit.kumar@ybl&pn=Green%20Grocers&cu=INR,amit.kumar@ybl,1,2.922,0.0,10,0,0.0,0,0
upi://pay?pa=kyc-team53@secure-pay&pn=Refund%20Team&cu=INR&tn=verify-now,kyc-team53@secure-pay,0,3.322,0.2,10,0,0.0,1,1
upi://pay?pa=511uodzy2xaz@jio&pn=Cashback%20Desk&cu=INR&tn=reward,511uodzy2xaz@jio,1,3.252,0.333,12,0,0.0,1,1
upi://pay?pa=amit.kumar@jio&pn=Auto%20Rickshaw%20Stand&cu=INR,amit.kumar@jio,1,2.922,0.0,10,0,0.0,0,0
upi://pay?pa=goog1e-pay590@hdfcbank&pn=KYC%20Support&cu=INR&tn=lottery,goog1e-pay590@hdfcbank,1,3.393,0.308,13,0,0.0,1,1
upi://pay?pa=kyc-team89@refund-upi&pn=Verify%20Account&cu=INR,kyc-team89@refund-upi,0,3.322,0.2,10,0,0.0,0,1
upi://pay?pa=sunita.devi@jio&pn=City%20Cafe&cu=INR,sunita.devi@jio,1,3.278,0.0,11,0,0.0,0,0
upi://pay?pa=merchant.9340@jio&pn=Om%20Traders&cu=INR&am=2626.83,merchant.9340@jio,1,3.7,0.308,13,1,2626.83,0,0
upi://pay?pa=merchant.1313@idfcbank&pn=Om%20Traders&cu=INR,merchant.1313@idfcbank,1,3.393,0.308,13,0,0.0,0,0
upi://pay?pa=amit.kumar@okaxis&pn=City%20Cafe&cu=INR,amit.kumar@okaxis,1,2.922,0.0,10,0,0.0,0,0
upi://pay?pa=refund29@refund-upi&pn=Prize%20Center&cu=INR&am=3.46&tn=suspend,refund29@refund-upi,0,3.0,0.25,8,1,3.46,1,1
upi://pay?pa=8017615406@okicici&pn=Cashback%20Desk&cu=INR&tn=reward,8017615406@okicici,1,2.722,1.0,10,0,0.0,1,1
upi://pay?pa=9050633843@ybl&pn=Verify%20Account&cu=INR&tn=refund,9050633843@ybl,1,2.646,1.0,10,0,0.0,1,1
upi://pay?pa=r0wh0rfiupro@okhdfcbank&pn=KYC%20Support&cu=INR,r0wh0rfiupro@okhdfcbank,1,3.022,0.167,12,0,0.0,0,1
upi://pay?pa=sunita.devi@kotak&pn=Priya%20Singh&cu=INR,sunita.devi@kotak,1,3.278,0.0,11,0,0.0,0,0
upi://pay?pa=merchant.9687@okicici&pn=Priya%20Singh&cu=INR,merchant.9687@okicici,1,3.7,0.308,13,0,0.0,0,0
upi://pay?pa=6579434097@paytm&pn=Rahul%20Sharma&cu=INR,6579434097@paytm,1,2.722,1.0,10,0,0.0,0,0
upi://pay?pa=6886084049@ibl&pn=Rahul%20Sharma&cu=INR,6886084049@ibl,1,2.246,1.0,10,0,0.0,0,0
upi://pay?pa=7086577021@ybl&pn=Prize%20Center&cu=INR&tn=kyc,7086577021@ybl,1,2.646,1.0,10,0,0.0,1,1
upi://pay?pa=amit.kumar@okhdfcbank&pn=Priya%20Singh&cu=INR,amit.kumar@okhdfcbank,1,2.922,0.0,10,0,0.0,0,0
upi://pay?pa=priya123@okhdfcbank&pn=Rahul%20Sharma&cu=INR&am=1273.2,priya123@okhdfcbank,1,3.0,0.375,8,1,1273.2,0,0
upi://pay?pa=9408063373@upi&pn=Rahul%20Sharma&cu=INR&am=1680.66,9408063373@upi,1,2.646,1.0,10,1,1680.66,0,0
upi://pay?pa=sunita.devi@hdfcbank&pn=City%20Cafe&cu=INR&am=4904.0,sunita.devi@hdfcbank,1,3.278,0.0,11,1,4904.0,0,0
upi://pay?pa=1911248528@hdfcbank&pn=Prize%20Center&cu=INR&am=3.67&tn=kyc,1911248528@hdfcbank,1,2.446,1.0,10,1,3.67,1,1
upi://pay?pa=8367183914@hdfcbank&pn=City%20Cafe&cu=INR,8367183914@hdfcbank,1,2.722,1.0,10,0,0.0,0,0
upi://pay?pa=merchant.7417@ibl&pn=Sharma%20Kirana%20Store&cu=INR,merchant.7417@ibl,1,3.547,0.308,13,0,0.0,0,0
upi://pay?pa=zm4h01vhep@okicici&pn=Cashback%20Desk&cu=INR&am=1.52&tn=winner,zm4h01vhep@okicici,1,3.122,0.3,10,1,1.52,1,1
upi://pay?pa=merchant.4115@jio&pn=City%20Cafe&cu=INR,merchant.4115@jio,1,3.547,0.308,13,0,0.0,0,0
upi://pay?pa=cashback9@pay-verify&pn=Cashback%20Desk&cu=INR&am=1.75&tn=reward,cashback9@pay-verify,0,2.725,0.111,9,1,1.75,1,1
upi://pay?pa=phcnpe117@kotak&pn=Refund%20Team&cu=INR&am=2.44&tn=suspend,phcnpe117@kotak,1,2.725,0.333,9,1,2.44,1,1
upi://pay?pa=support98@kyc-update&pn=Prize%20Center&cu=INR&tn=verify-now,support98@kyc-update,0,2.948,0.222,9,0,0.0,1,1
upi://pay?pa=support3@kyc-update&pn=Cashback%20Desk&cu=INR,support3@kyc-update,0,2.75,0.125,8,0,0.0,0,1
upi://pay?pa=priya123@idfcbank&pn=Om%20Traders&cu=INR,priya123@idfcbank,1,3.0,0.375,8,0,0.0,0,0
upi://pay?pa=goog1e-pay329@jio&pn=Cashback%20Desk&cu=INR&am=3.36&tn=urgent,goog1e-pay329@jio,1,3.393,0.308,13,1,3.36,1,1
upi://pay?pa=merchant.6434@paytm&pn=Auto%20Rickshaw%20Stand&cu=INR,merchant.6434@paytm,1,3.547,0.308,13,0,0.0,0,0
upi://pay?pa=sunita.devi@jio&pn=Sharma%20Kirana%20Store&cu=INR&am=4886.29,sunita.devi@jio,1,3.278,0.0,11,1,4886.29,0,0
upi://pay?pa=3994005560@ibl&pn=Prize%20Center&cu=INR&tn=blocked,3994005560@ibl,1,2.446,1.0,10,0,0.0,1,1
upi://pay?pa=kyc-team26@secure-pay&pn=Prize%20Center&cu=INR&tn=lottery,kyc-team26@secure-pay,0,3.322,0.2,10,0,0.0,1,1
upi://pay?pa=rahul.sharma@hdfcbank&pn=Om%20Traders&cu=INR,rahul.sharma@hdfcbank,1,2.855,0.0,12,0,0.0,0,0
upi://pay?pa=7819937949@paytm&pn=Green%20Grocers&cu=INR,7819937949@paytm,1,2.322,1.0,10,0,0.0,0,0
upi://pay?pa=rahul.sharma@okhdfcbank&pn=Rahul%20Sharma&cu=INR,rahul.sharma@okhdfcbank,1,2.855,0.0,12,0,0.0,0,0
upi://pay?pa=merchant.5483@oksbi&pn=Priya%20Singh&cu=INR&am=3378.3,merchant.5483@oksbi,1,3.7,0.308,13,1,3378.3,0,0
upi://pay?pa=9845395075@oksbi&pn=Om%20Traders&cu=INR,9845395075@oksbi,1,2.646,1.0,10,0,0.0,0,0
upi://pay?pa=41pbnuxurpv7lyo@idfcbank&pn=KYC%20Support&cu=INR&tn=verify-now,41pbnuxurpv7lyo@idfcbank,1,3.64,0.2,15,0,0.0,1,1
upi://pay?pa=8047867526@ibl&pn=Green%20Grocers&cu=INR,8047867526@ibl,1,2.722,1.0,10,0,0.0,0,0
upi://pay?pa=merchant.5547@kotak&pn=City%20Cafe&cu=INR&am=240.79,merchant.5547@kotak,1,3.547,0.308,13,1,240.79,0,0
upi://pay?pa=7018790736@oksbi&pn=Om%20Traders&cu=INR&am=2868.18,7018790736@oksbi,1,2.646,1.0,10,1,2868.18,0,0
upi://pay?pa=phcnpe630@oksbi&pn=Prize%20Center&cu=INR&tn=kyc,phcnpe630@oksbi,1,2.948,0.333,9,0,0.0,1,1
upi://pay?pa=574964449@apl&pn=Refund%20Team&cu=INR&tn=blocked,574964449@apl,1,2.059,1.0,9,0,0.0,1,1
upi://pay?pa=0bs90xp7rxf8@okicici&pn=Verify%20Account&cu=INR&tn=cashback,0bs90xp7rxf8@okicici,1,3.252,0.417,12,0,0.0,1,1
upi://pay?pa=7497291907@kotak&pn=Green%20Grocers&cu=INR&am=2881.9,7497291907@kotak,1,2.371,1.0,10,1,2881.9,0,0
upi://pay?pa=9989979648@okaxis&pn=City%20Cafe&cu=INR&am=3820.6,9989979648@okaxis,1,1.961,1.0,10,1,3820.6,0,0
upi://pay?pa=merchant.952@upi&pn=City%20Cafe&cu=INR&am=1957.74,merchant.952@upi,1,3.585,0.25,12,1,1957.74,0,0
upi://pay?pa=vendor.shop@okhdfcbank&pn=Rahul%20Sharma&cu=INR,vendor.shop@okhdfcbank,1,3.278,0.0,11,0,0.0,0,0
upi://pay?pa=priya123@apl&pn=Sharma%20Kirana%20Store&cu=INR&am=1934.43,priya123@apl,1,3.0,0.375,8,1,1934.43,0,0
upi://pay?pa=6253314507@ibl&pn=Prize%20Center&cu=INR&tn=verify-now,6253314507@ibl,1,2.922,1.0,10,0,0.0,1,1
upi://pay?pa=merchant.398@ybl&pn=Green%20Grocers&cu=INR,merchant.398@ybl,1,3.585,0.25,12,0,0.0,0,0
upi://pay?pa=vendor.shop@ibl&pn=Priya%20Singh&cu=INR&am=4783.6,vendor.shop@ibl,1,3.278,0.0,11,1,4783.6,0,0
upi://pay?pa=merchant.1016@okhdfcbank&pn=City%20Cafe&cu=INR,merchant.1016@okhdfcbank,1,3.547,0.308,13,0,0.0,0,0
upi://pay?pa=amit.kumar@paytm&pn=City%20Cafe&cu=INR,amit.kumar@paytm,1,2.922,0.0,10,0,0.0,0,0
upi://pay?pa=rahul.sharma@axl&pn=Sharma%20Kirana%20Store&cu=INR,rahul.sharma@axl,1,2.855,0.0,12,0,0.0,0,0
upi://pay?pa=rahul.sharma@apl&pn=Priya%20Singh&cu=INR,rahul.sharma@apl,1,2.855,0.0,12,0,0.0,0,0
upi://pay?pa=8744446292@upi&pn=Sharma%20Kirana%20Store&cu=INR&am=2500.23,8744446292@upi,1,2.322,1.0,10,1,2500.23,0,0
upi://pay?pa=merchant.8111@idfcbank&pn=Priya%20Singh&cu=INR,merchant.8111@idfcbank,1,3.335,0.308,13,0,0.0,0,0
upi://pay?pa=vendor.shop@okicici&pn=Priya%20Singh&cu=INR,vendor.shop@okicici,1,3.278,0.0,11,0,0.0,0,0
upi://pay?pa=3492147961@oksbi&pn=Prize%20Center&cu=INR&am=1.0&tn=winner,3492147961@oksbi,1,2.722,1.0,10,1,1.0,1,1
upi://pay?pa=goog1e-pay66@oksbi&pn=KYC%20Support&cu=INR&am=1.86&tn=blocked,goog1e-pay66@oksbi,1,3.085,0.25,12,1,1.86,1,1
upi://pay?pa=merchant.566@ibl&pn=Priya%20Singh&cu=INR,merchant.566@ibl,1,3.418,0.25,12,0,0.0,0,0
upi://pay?pa=amit.kumar@okicici&pn=Auto%20Rickshaw%20Stand&cu=INR,amit.kumar@okicici,1,2.922,0.0,10,0,0.0,0,0
upi://pay?pa=goog1e-pay51@idfcbank&pn=KYC%20Support&cu=INR&am=3.67&tn=lottery,goog1e-pay51@idfcbank,1,3.085,0.25,12,1,3.67,1,1
upi://pay?pa=60v33lifncrn@kotak&pn=Verify%20Account&cu=INR&am=4.96&tn=lottery,60v33lifncrn@kotak,1,3.252,0.333,12,1,4.96,1,1
upi://pay?pa=amit.kumar@hdfcbank&pn=Sharma%20Kirana%20Store&cu=INR,amit.kumar@hdfcbank,1,2.922,0.0,10,0,0.0,0,0
upi://pay?pa=d8cd5n9h32is@ibl&pn=Cashback%20Desk&cu=INR&am=2.13,d8cd5n9h32is@ibl,1,3.418,0.417,12,1,2.13,0,1
upi://pay?pa=merchant.2904@okhdfcbank&pn=Rahul%20Sharma&cu=INR&am=3129.91,merchant.2904@okhdfcbank,1,3.7,0.308,13,1,3129.91,0,0
upi://pay?pa=merchant.4541@paytm&pn=Sharma%20Kirana%20Store&cu=INR&am=4622.31,merchant.4541@paytm,1,3.547,0.308,13,1,4622.31,0,0
upi://pay?pa=7721212175@jio&pn=City%20Cafe&cu=INR,7721212175@jio,1,1.895,1.0,10,0,0.0,0,0
upi://pay?pa=27s9bu1dgej1dg6f@jio&pn=Refund%20Team&cu=INR&tn=refund,27s9bu1dgej1dg6f@jio,1,3.625,0.375,16,0,0.0,1,1
upi://pay?pa=merchant.1580@hdfcbank&pn=Auto%20Rickshaw%20Stand&cu=INR,merchant.1580@hdfcbank,1,3.7,0.308,13,0,0.0,0,0
upi://pay?pa=merchant.7414@okaxis&pn=Green%20Grocers&cu=INR,merchant.7414@okaxis,1,3.547,0.308,13,0,0.0,0,0
upi://pay?pa=merchant.5636@oksbi&pn=Green%20Grocers&cu=INR,merchant.5636@oksbi,1,3.547,0.308,13,0,0.0,0,0
upi://pay?pa=refund73@pay-verify&pn=Prize%20Center&cu=INR&tn=cashback,refund73@pay-verify,0,3.0,0.25,8,0,0.0,1,1
upi://pay?pa=kyc-team78@kyc-update&pn=Verify%20Account&cu=INR&tn=lottery,kyc-team78@kyc-update,0,3.322,0.2,10,0,0.0,1,1
upi://pay?pa=goog1e-pay192@okhdfcbank&pn=Refund%20Team&cu=INR&am=4.33&tn=urgent,goog1e-pay192@okhdfcbank,1,3.239,0.308,13,1,4.33,1,1
upi://pay?pa=yws0azt8ybm71@axl&pn=Cashback%20Desk&cu=INR&tn=urgent,yws0azt8ybm71@axl,1,3.547,0.308,13,0,0.0,1,1
upi://pay?pa=merchant.8578@axl&pn=Om%20Traders&cu=INR,merchant.8578@axl,1,3.547,0.308,13,0,0.0,0,0
upi://pay?pa=2ux64biw8uoja5e@axl&pn=Prize%20Center&cu=INR&tn=verify-now,2ux64biw8uoja5e@axl,1,3.774,0.333,15,0,0.0,1,1
upi://pay?pa=cashback73@pay-verify&pn=Cashback%20Desk&cu=INR&am=2.77&tn=blocked,cashback73@pay-verify,0,2.922,0.2,10,1,2.77,1,1
upi://pay?pa=8984816053@oksbi&pn=Prize%20Center&cu=INR&tn=kyc,8984816053@oksbi,1,2.846,1.0,10,0,0.0,1,1
upi://pay?pa=merchant.1175@kotak&pn=City%20Cafe&cu=INR,merchant.1175@kotak,1,3.547,0.308,13,0,0.0,0,0
upi://pay?pa=cashback17@kyc-update&pn=Verify%20Account&cu=INR&am=3.69&tn=kyc,cashback17@kyc-update,0,2.922,0.2,10,1,3.69,1,1
upi://pay?pa=vendor.shop@okhdfcbank&pn=Sharma%20Kirana%20Store&cu=INR,vendor.shop@okhdfcbank,1,3.278,0.0,11,0,0.0,0,0
upi://pay?pa=kyc-team65@xn--upi&pn=KYC%20Support&cu=INR&tn=reward,kyc-team65@xn--upi,0,3.322,0.2,10,0,0.0,1,1
upi://pay?pa=refund5@secure-pay&pn=KYC%20Support&cu=INR&tn=cashback,refund5@secure-pay,0,2.807,0.143,7,0,0.0,1,1
upi://pay?pa=6459093065@apl&pn=Auto%20Rickshaw%20Stand&cu=INR&am=810.86,6459093065@apl,1,2.522,1.0,10,1,810.86,0,0
upi://pay?pa=paytrn365@axl&pn=Refund%20Team&cu=INR&tn=urgent,paytrn365@axl,1,3.17,0.333,9,0,0.0,1,1
upi://pay?pa=rahul.sharma@okicici&pn=Green%20Grocers&cu=INR,rahul.sharma@okicici,1,2.855,0.0,12,0,0.0,0,0
upi://pay?pa=phcnpe118@paytm&pn=Cashback%20Desk&cu=INR&am=2.78&tn=kyc,phcnpe118@paytm,1,2.725,0.333,9,1,2.78,1,1
upi://pay?pa=merchant.9430@ybl&pn=Green%20Grocers&cu=INR,merchant.9430@ybl,1,3.7,0.308,13,0,0.0,0,0
upi://pay?pa=y4mljzfudi4s@paytm&pn=Prize%20Center&cu=INR,y4mljzfudi4s@paytm,1,3.418,0.167,12,0,0.0,0,1
upi://pay?pa=ooe42w4qyahan6ca@oksbi&pn=Prize%20Center&cu=INR&am=2.56&tn=blocked,ooe42w4qyahan6ca@oksbi,1,3.453,0.25,16,1,2.56,1,1
upi://pay?pa=merchant.4886@ybl&pn=Auto%20Rickshaw%20Stand&cu=INR&am=813.19,merchant.4886@ybl,1,3.547,0.308,13,1,813.19,0,0
upi://pay?pa=amit.kumar@jio&pn=Sharma%20Kirana%20Store&cu=INR&am=4251.1,amit.kumar@jio,1,2.922,0.0,10,1,4251.1,0,0
upi://pay?pa=phcnpe373@upi&pn=Cashback%20Desk&cu=INR&am=3.18&tn=suspend,phcnpe373@upi,1,2.725,0.333,9,1,3.18,1,1
upi://pay?pa=9787176141@paytm&pn=Om%20Traders&cu=INR,9787176141@paytm,1,2.371,1.0,10,0,0.0,0,0
upi://pay?pa=8377629728@paytm&pn=Green%20Grocers&cu=INR,8377629728@paytm,1,2.446,1.0,10,0,0.0,0,0
upi://pay?pa=28741727@axl&pn=Prize%20Center&cu=INR,28741727@axl,1,2.156,1.0,8,0,0.0,0,1
upi://pay?pa=fsumuxqjctpve@upi&pn=Prize%20Center&cu=INR&tn=blocked,fsumuxqjctpve@upi,1,3.547,0.0,13,0,0.0,1,1
upi://pay?pa=refund53@kyc-update&pn=Cashback%20Desk&cu=INR&tn=reward,refund53@kyc-update,0,3.0,0.25,8,0,0.0,1,1
upi://pay?pa=amit.kumar@kotak&pn=City%20Cafe&cu=INR,amit.kumar@kotak,1,2.922,0.0,10,0,0.0,0,0
upi://pay?pa=paytrn647@jio&pn=Prize%20Center&cu=INR&am=2.45&tn=urgent,paytrn647@jio,1,3.17,0.333,9,1,2.45,1,1
upi://pay?pa=6637544362@oksbi&pn=City%20Cafe&cu=INR,6637544362@oksbi,1,2.446,1.0,10,0,0.0,0,0
upi://pay?pa=3862034110@kotak&pn=Verify%20Account&cu=INR&tn=urgent,3862034110@kotak,1,2.722,1.0,10,0,0.0,1,1
upi://pay?pa=4h7ilxi7t264w@idfcbank&pn=Prize%20Center&cu=INR&am=1.84&tn=refund,4h7ilxi7t264w@idfcbank,1,3.239,0.462,13,1,1.84,1,1
upi://pay?pa=support24@pay-verify&pn=KYC%20Support&cu=INR&am=2.03&tn=suspend,support24@pay-verify,0,2.948,0.222,9,1,2.03,1,1
upi://pay?pa=paytrn806@upi&pn=Prize%20Center&cu=INR&am=3.94&tn=lottery,paytrn806@upi,1,3.17,0.333,9,1,3.94,1,1
upi://pay?pa=amit.kumar@axl&pn=Priya%20Singh&cu=INR,amit.kumar@axl,1,2.922,0.0,10,0,0.0,0,0
upi://pay?pa=merchant.7863@ibl&pn=Green%20Grocers&cu=INR,merchant.7863@ibl,1,3.7,0.308,13,0,0.0,0,0
upi://pay?pa=merchant.6315@upi&pn=Rahul%20Sharma&cu=INR,merchant.6315@upi,1,3.7,0.308,13,0,0.0,0,0
upi://pay?pa=refund9@kyc-update&pn=Cashback%20Desk&cu=INR&am=2.1&tn=refund,refund9@kyc-update,0,2.807,0.143,7,1,2.1,1,1
upi://pay?pa=merchant.449@upi&pn=Rahul%20Sharma&cu=INR,merchant.449@upi,1,3.418,0.25,12,0,0.0,0,0
upi://pay?pa=8758490418@okaxis&pn=Auto%20Rickshaw%20Stand&cu=INR,8758490418@okaxis,1,2.646,1.0,10,0,0.0,0,0
upi://pay?pa=b8qhs9ckhawv@okhdfcbank&pn=Refund%20Team&cu=INR,b8qhs9ckhawv@okhdfcbank,1,3.418,0.167,12,0,0.0,0,1
upi://pay?pa=8017571805@upi&pn=Sharma%20Kirana%20Store&cu=INR,8017571805@upi,1,2.322,1.0,10,0,0.0,0,0
upi://pay?pa=amit.kumar@okhdfcbank&pn=Priya%20Singh&cu=INR,amit.kumar@okhdfcbank,1,2.922,0.0,10,0,0.0,0,0
upi://pay?pa=vendor.shop@upi&pn=Priya%20Singh&cu=INR&am=1137.05,vendor.shop@upi,1,3.278,0.0,11,1,1137.05,0,0
upi://pay?pa=amit.kumar@hdfcbank&pn=Green%20Grocers&cu=INR,amit.kumar@hdfcbank,1,2.922,0.0,10,0,0.0,0,0
upi://pay?pa=merchant.1842@apl&pn=Om%20Traders&cu=INR,merchant.1842@apl,1,3.7,0.308,13,0,0.0,0,0
upi://pay?pa=phcnpe857@kotak&pn=Refund%20Team&cu=INR,phcnpe857@kotak,1,2.948,0.333,9,0,0.0,0,1
upi://pay?pa=refund67@kyc-update&pn=Verify%20Account&cu=INR&tn=blocked,refund67@kyc-update,0,3.0,0.25,8,0,0.0,1,1
upi://pay?pa=merchant.6623@upi&pn=Sharma%20Kirana%20Store&cu=INR,merchant.6623@upi,1,3.547,0.308,13,0,0.0,0,0
upi://pay?pa=refund9@xn--upi&pn=Refund%20Team&cu=INR&tn=suspend,refund9@xn--upi,0,2.807,0.143,7,0,0.0,1,1
upi://pay?pa=amit.kumar@axl&pn=Om%20Traders&cu=INR,amit.kumar@axl,1,2.922,0.0,10,0,0.0,0,0
upi://pay?pa=7329370993@ybl&pn=Rahul%20Sharma&cu=INR,7329370993@ybl,1,2.171,1.0,10,0,0.0,0,0
upi://pay?pa=merchant.3874@paytm&pn=Om%20Traders&cu=INR,merchant.3874@paytm,1,3.7,0.308,13,0,0.0,0,0
upi://pay?pa=priya123@ibl&pn=Priya%20Singh&cu=INR,priya123@ibl,1,3.0,0.375,8,0,0.0,0,0
upi://pay?pa=8379064005@kotak&pn=Verify%20Account&cu=INR&tn=refund,8379064005@kotak,1,2.846,1.0,10,0,0.0,1,1
upi://pay?pa=055s2ulq4jqh@axl&pn=Prize%20Center&cu=INR&tn=urgent,055s2ulq4jqh@axl,1,3.252,0.417,12,0,0.0,1,1
upi://pay?pa=8660933507@okaxis&pn=Green%20Grocers&cu=INR&am=1653.47,8660933507@okaxis,1,2.722,1.0,10,1,1653.47,0,0
upi://pay?pa=vendor.shop@axl&pn=Om%20Traders&cu=INR,vendor.shop@axl,1,3.278,0.0,11,0,0.0,0,0
upi://pay?pa=support11@kyc-update&pn=KYC%20Support&cu=INR&am=3.45&tn=blocked,support11@kyc-update,0,2.725,0.222,9,1,3.45,1,1
upi://pay?pa=7682801964@idfcbank&pn=Auto%20Rickshaw%20Stand&cu=INR&am=4922.26,7682801964@idfcbank,1,2.922,1.0,10,1,4922.26,0,0
upi://pay?pa=9583046709@jio&pn=Rahul%20Sharma&cu=INR&am=2373.26,9583046709@jio,1,2.922,1.0,10,1,2373.26,0,0
upi://pay?pa=cashback44@refund-upi&pn=KYC%20Support&cu=INR&tn=urgent,cashback44@refund-upi,0,2.722,0.2,10,0,0.0,1,1
upi://pay?pa=refund37@refund-upi&pn=Prize%20Center&cu=INR&tn=cashback,refund37@refund-upi,0,3.0,0.25,8,0,0.0,1,1
upi://pay?pa=paytrn706@paytm&pn=Refund%20Team&cu=INR&tn=refund,paytrn706@paytm,1,3.17,0.333,9,0,0.0,1,1
upi://pay?pa=6098435007@idfcbank&pn=Om%20Traders&cu=INR&am=3932.33,6098435007@idfcbank,1,2.846,1.0,10,1,3932.33,0,0
upi://pay?pa=orqfbckpkm7z@idfcbank&pn=Verify%20Account&cu=INR&tn=reward,orqfbckpkm7z@idfcbank,1,3.418,0.083,12,0,0.0,1,1
upi://pay?pa=phcnpe239@upi&pn=Prize%20Center&cu=INR,phcnpe239@upi,1,2.948,0.333,9,0,0.0,0,1
upi://pay?pa=cashback95@xn--upi&pn=Refund%20Team&cu=INR&am=1.61&tn=kyc,cashback95@xn--upi,0,2.922,0.2,10,1,1.61,1,1
upi://pay?pa=894415896@kotak&pn=Refund%20Team&cu=INR&am=1.34&tn=refund,894415896@kotak,1,2.503,1.0,9,1,1.34,1,1
upi://pay?pa=merchant.5215@apl&pn=Om%20Traders&cu=INR&am=3100.85,merchant.5215@apl,1,3.547,0.308,13,1,3100.85,0,0
upi://pay?pa=phcnpe20@jio&pn=Cashback%20Desk&cu=INR&tn=suspend,phcnpe20@jio,1,2.75,0.25,8,0,0.0,1,1
upi://pay?pa=merchant.3487@okicici&pn=Auto%20Rickshaw%20Stand&cu=INR&am=3264.9,merchant.3487@okicici,1,3.7,0.308,13,1,3264.9,0,0
upi://pay?pa=kyc-team25@secure-pay&pn=Prize%20Center&cu=INR&tn=cashback,kyc-team25@secure-pay,0,3.322,0.2,10,0,0.0,1,1
upi://pay?pa=8918668580@kotak&pn=Green%20Grocers&cu=INR,8918668580@kotak,1,2.322,1.0,10,0,0.0,0,0
upi://pay?pa=vendor.shop@okhdfcbank&pn=Green%20Grocers&cu=INR,vendor.shop@okhdfcbank,1,3.278,0.0,11,0,0.0,0,0
upi://pay?pa=9861560318@hdfcbank&pn=Om%20Traders&cu=INR,9861560318@hdfcbank,1,2.722,1.0,10,0,0.0,0,0
upi://pay?pa=amit.kumar@okhdfcbank&pn=Auto%20Rickshaw%20Stand&cu=INR,amit.kumar@okhdfcbank,1,2.922,0.0,10,0,0.0,0,0
upi://pay?pa=925uak3j16@oksbi&pn=Verify%20Account&cu=INR&tn=suspend,925uak3j16@oksbi,1,3.322,0.6,10,0,0.0,1,1
upi://pay?pa=6948540266@upi&pn=City%20Cafe&cu=INR,6948540266@upi,1,2.646,1.0,10,0,0.0,0,0
upi://pay?pa=cashback20@refund-upi&pn=KYC%20Support&cu=INR&am=3.8&tn=suspend,cashback20@refund-upi,0,2.922,0.2,10,1,3.8,1,1
upi://pay?pa=vendor.shop@hdfcbank&pn=Rahul%20Sharma&cu=INR,vendor.shop@hdfcbank,1,3.278,0.0,11,0,0.0,0,0
upi://pay?pa=phcnpe451@okhdfcbank&pn=Cashback%20Desk&cu=INR&tn=reward,phcnpe451@okhdfcbank,1,2.948,0.333,9,0,0.0,1,1
upi://pay?pa=5595743834@upi&pn=Verify%20Account&cu=INR&am=1.37,5595743834@upi,1,2.446,1.0,10,1,1.37,0,1
upi://pay?pa=ixs5b4m6eerr@jio&pn=KYC%20Support&cu=INR&am=2.71&tn=lottery,ixs5b4m6eerr@jio,1,3.252,0.25,12,1,2.71,1,1
upi://pay?pa=priya123@okicici&pn=Om%20Traders&cu=INR&am=475.18,priya123@okicici,1,3.0,0.375,8,1,475.18,0,0
upi://pay?pa=a0l2nzvtof3b@okicici&pn=Cashback%20Desk&cu=INR&am=1.69&tn=cashback,a0l2nzvtof3b@okicici,1,3.585,0.25,12,1,1.69,1,1
upi://pay?pa=sunita.devi@kotak&pn=Sharma%20Kirana%20Store&cu=INR&am=1521.33,sunita.devi@kotak,1,3.278,0.0,11,1,1521.33,0,0
upi://pay?pa=merchant.3978@paytm&pn=Rahul%20Sharma&cu=INR,merchant.3978@paytm,1,3.7,0.308,13,0,0.0,0,0
upi://pay?pa=merchant.1393@axl&pn=Om%20Traders&cu=INR,merchant.1393@axl,1,3.547,0.308,13,0,0.0,0,0
upi://pay?pa=phcnpe108@hdfcbank&pn=KYC%20Support&cu=INR&am=1.03&tn=winner,phcnpe108@hdfcbank,1,2.948,0.333,9,1,1.03,1,1
upi://pay?pa=3734319899@apl&pn=Verify%20Account&cu=INR&am=3.91&tn=kyc,3734319899@apl,1,2.371,1.0,10,1,3.91,1,1
upi://pay?pa=8526953438@ibl&pn=Auto%20Rickshaw%20Stand&cu=INR&am=4894.9,8526953438@ibl,1,2.722,1.0,10,1,4894.9,0,0
upi://pay?pa=7325447786@oksbi&pn=Sharma%20Kirana%20Store&cu=INR,7325447786@oksbi,1,2.646,1.0,10,0,0.0,0,0
upi://pay?pa=phcnpe988@idfcbank&pn=Cashback%20Desk&cu=INR&tn=verify-now,phcnpe988@idfcbank,1,2.725,0.333,9,0,0.0,1,1
upi://pay?pa=amit.kumar@kotak&pn=Auto%20Rickshaw%20Stand&cu=INR,amit.kumar@kotak,1,2.922,0.0,10,0,0.0,0,0
upi://pay?pa=phcnpe305@upi&pn=Prize%20Center&cu=INR&tn=refund,phcnpe305@upi,1,2.948,0.333,9,0,0.0,1,1
upi://pay?pa=kyc-team26@pay-verify&pn=KYC%20Support&cu=INR&am=1.31&tn=winner,kyc-team26@pay-verify,0,3.322,0.2,10,1,1.31,1,1
upi://pay?pa=goog1e-pay301@okhdfcbank&pn=Prize%20Center&cu=INR&tn=winner,goog1e-pay301@okhdfcbank,1,3.239,0.308,13,0,0.0,1,1
upi://pay?pa=amit.kumar@okhdfcbank&pn=Rahul%20Sharma&cu=INR,amit.kumar@okhdfcbank,1,2.922,0.0,10,0,0.0,0,0
upi://pay?pa=merchant.2086@idfcbank&pn=Priya%20Singh&cu=INR,merchant.2086@idfcbank,1,3.7,0.308,13,0,0.0,0,0
upi://pay?pa=6699162273@ibl&pn=Prize%20Center&cu=INR&am=3.6,6699162273@ibl,1,2.446,1.0,10,1,3.6,0,1
upi://pay?pa=phcnpe252@ibl&pn=KYC%20Support&cu=INR&am=4.66&tn=reward,phcnpe252@ibl,1,2.725,0.333,9,1,4.66,1,1
upi://pay?pa=6916635497@paytm&pn=Sharma%20Kirana%20Store&cu=INR,6916635497@paytm,1,2.646,1.0,10,0,0.0,0,0
upi://pay?pa=7996991502@okaxis&pn=Rahul%20Sharma&cu=INR,7996991502@okaxis,1,2.522,1.0,10,0,0.0,0,0
upi://pay?pa=rahul.sharma@upi&pn=City%20Cafe&cu=INR,rahul.sharma@upi,1,2.855,0.0,12,0,0.0,0,0
upi://pay?pa=support31@kyc-update&pn=KYC%20Support&cu=INR&am=3.85&tn=blocked,support31@kyc-update,0,2.948,0.222,9,1,3.85,1,1
upi://pay?pa=merchant.2031@hdfcbank&pn=Auto%20Rickshaw%20Stand&cu=INR,merchant.2031@hdfcbank,1,3.7,0.308,13,0,0.0,0,0
upi://pay?pa=6854634844@ibl&pn=Rahul%20Sharma&cu=INR,6854634844@ibl,1,2.122,1.0,10,0,0.0,0,0
upi://pay?pa=7956719117@oksbi&pn=Auto%20Rickshaw%20Stand&cu=INR&am=3428.7,7956719117@oksbi,1,2.171,1.0,10,1,3428.7,0,0
upi://pay?pa=sunita.devi@axl&pn=Auto%20Rickshaw%20Stand&cu=INR,sunita.devi@axl,1,3.278,0.0,11,0,0.0,0,0
upi://pay?pa=rahul.sharma@kotak&pn=Sharma%20Kirana%20Store&cu=INR&am=3255.13,rahul.sharma@kotak,1,2.855,0.0,12,1,3255.13,0,0
upi://pay?pa=iecevs40w58@oksbi&pn=Refund%20Team&cu=INR&am=2.41&tn=cashback,iecevs40w58@oksbi,1,3.278,0.364,11,1,2.41,1,1
upi://pay?pa=7680957378@axl&pn=Priya%20Singh&cu=INR,7680957378@axl,1,2.646,1.0,10,0,0.0,0,0
upi://pay?pa=merchant.7410@axl&pn=Rahul%20Sharma&cu=INR&am=1041.57,merchant.7410@axl,1,3.7,0.308,13,1,1041.57,0,0
upi://pay?pa=phcnpe214@upi&pn=Refund%20Team&cu=INR&tn=suspend,phcnpe214@upi,1,2.948,0.333,9,0,0.0,1,1
upi://pay?pa=6784990020@ibl&pn=KYC%20Support&cu=INR&am=2.08&tn=cashback,6784990020@ibl,1,2.646,1.0,10,1,2.08,1,1
upi://pay?pa=merchant.341@apl&pn=Sharma%20Kirana%20Store&cu=INR,merchant.341@apl,1,3.585,0.25,12,0,0.0,0,0
upi://pay?pa=priya123@upi&pn=Priya%20Singh&cu=INR,priya123@upi,1,3.0,0.375,8,0,0.0,0,0
upi://pay?pa=9919577764@ibl&pn=Rahul%20Sharma&cu=INR,9919577764@ibl,1,2.371,1.0,10,0,0.0,0,0
upi://pay?pa=vendor.shop@oksbi&pn=Priya%20Singh&cu=INR&am=1967.8,vendor.shop@oksbi,1,3.278,0.0,11,1,1967.8,0,0
upi://pay?pa=goog1e-pay267@idfcbank&pn=Verify%20Account&cu=INR,goog1e-pay267@idfcbank,1,3.393,0.308,13,0,0.0,0,1
upi://pay?pa=5787236174@axl&pn=Refund%20Team&cu=INR&am=2.9&tn=lottery,5787236174@axl,1,2.846,1.0,10,1,2.9,1,1
upi://pay?pa=9911875479@ibl&pn=Rahul%20Sharma&cu=INR,9911875479@ibl,1,2.446,1.0,10,0,0.0,0,0
upi://pay?pa=merchant.8296@okicici&pn=Green%20Grocers&cu=INR,merchant.8296@okicici,1,3.7,0.308,13,0,0.0,0,0
upi://pay?pa=8566030987@kotak&pn=Verify%20Account&cu=INR&tn=urgent,8566030987@kotak,1,2.722,1.0,10,0,0.0,1,1
upi://pay?pa=8890779955@hdfcbank&pn=Green%20Grocers&cu=INR,8890779955@hdfcbank,1,2.246,1.0,10,0,0.0,0,0
upi://pay?pa=1659749274@oksbi&pn=Prize%20Center&cu=INR,1659749274@oksbi,1,2.722,1.0,10,0,0.0,0,1
upi://pay?pa=priya123@jio&pn=Priya%20Singh&cu=INR&am=967.63,priya123@jio,1,3.0,0.375,8,1,967.63,0,0
upi://pay?pa=2963016507@idfcbank&pn=Cashback%20Desk&cu=INR&tn=suspend,2963016507@idfcbank,1,2.922,1.0,10,0,0.0,1,1
upi://pay?pa=merchant.9511@apl&pn=Rahul%20Sharma&cu=INR,merchant.9511@apl,1,3.547,0.308,13,0,0.0,0,0
upi://pay?pa=paytrn619@ybl&pn=KYC%20Support&cu=INR&am=4.87&tn=refund,paytrn619@ybl,1,3.17,0.333,9,1,4.87,1,1
upi://pay?pa=paytrn36@kotak&pn=Verify%20Account&cu=INR&am=2.37&tn=blocked,paytrn36@kotak,1,3.0,0.25,8,1,2.37,1,1
upi://pay?pa=8996079917@okaxis&pn=Verify%20Account&cu=INR&tn=verify-now,8996079917@okaxis,1,2.322,1.0,10,0,0.0,1,1
upi://pay?pa=6590612666@paytm&pn=City%20Cafe&cu=INR,6590612666@paytm,1,2.161,1.0,10,0,0.0,0,0
upi://pay?pa=paytrn361@hdfcbank&pn=Refund%20Team&cu=INR&tn=urgent,paytrn361@hdfcbank,1,3.17,0.333,9,0,0.0,1,1
upi://pay?pa=6244942858@ybl&pn=Cashback%20Desk&cu=INR,6244942858@ybl,1,2.446,1.0,10,0,0.0,0,1
upi://pay?pa=merchant.7677@ibl&pn=Priya%20Singh&cu=INR&am=4074.55,merchant.7677@ibl,1,3.335,0.308,13,1,4074.55,0,0
upi://pay?pa=vendor.shop@idfcbank&pn=Om%20Traders&cu=INR,vendor.shop@idfcbank,1,3.278,0.0,11,0,0.0,0,0
upi://pay?pa=merchant.1695@okaxis&pn=Green%20Grocers&cu=INR,merchant.1695@okaxis,1,3.7,0.308,13,0,0.0,0,0
upi://pay?pa=merchant.1490@paytm&pn=Om%20Traders&cu=INR,merchant.1490@paytm,1,3.7,0.308,13,0,0.0,0,0
upi://pay?pa=merchant.9360@upi&pn=Green%20Grocers&cu=INR,merchant.9360@upi,1,3.7,0.308,13,0,0.0,0,0
upi://pay?pa=priya123@okaxis&pn=Om%20Traders&cu=INR&am=408.13,priya123@okaxis,1,3.0,0.375,8,1,408.13,0,0
upi://pay?pa=bujhbqi1ym@upi&pn=Cashback%20Desk&cu=INR&am=1.58&tn=urgent,bujhbqi1ym@upi,1,3.122,0.1,10,1,1.58,1,1
upi://pay?pa=p41yb606rp26@okhdfcbank&pn=Refund%20Team&cu=INR&tn=winner,p41yb606rp26@okhdfcbank,1,3.022,0.583,12,0,0.0,1,1
upi://pay?pa=refund10@pay-verify&pn=Refund%20Team&cu=INR,refund10@pay-verify,0,3.0,0.25,8,0,0.0,0,1
upi://pay?pa=4340163215@upi&pn=Verify%20Account&cu=INR&am=2.5,4340163215@upi,1,2.722,1.0,10,1,2.5,0,1
upi://pay?pa=paytrn113@apl&pn=Prize%20Center&cu=INR&tn=urgent,paytrn113@apl,1,2.948,0.333,9,0,0.0,1,1
upi://pay?pa=kyc-team50@xn--upi&pn=Prize%20Center&cu=INR&tn=lottery,kyc-team50@xn--upi,0,3.322,0.2,10,0,0.0,1,1
upi://pay?pa=merchant.8726@hdfcbank&pn=Sharma%20Kirana%20Store&cu=INR&am=3316.41,merchant.8726@hdfcbank,1,3.7,0.308,13,1,3316.41,0,0
upi://pay?pa=goog1e-pay852@idfcbank&pn=Prize%20Center&cu=INR,goog1e-pay852@idfcbank,1,3.393,0.308,13,0,0.0,0,1
upi://pay?pa=merchant.9858@kotak&pn=Om%20Traders&cu=INR,merchant.9858@kotak,1,3.547,0.308,13,0,0.0,0,0
upi://pay?pa=9147957706@okicici&pn=Rahul%20Sharma&cu=INR&am=3148.72,9147957706@okicici,1,2.646,1.0,10,1,3148.72,0,0
upi://pay?pa=merchant.285@okicici&pn=Rahul%20Sharma&cu=INR,merchant.285@okicici,1,3.585,0.25,12,0,0.0,0,0
upi://pay?pa=609634443@hdfcbank&pn=Cashback%20Desk&cu=INR&tn=reward,609634443@hdfcbank,1,2.197,1.0,9,0,0.0,1,1
upi://pay?pa=kyc-team1@pay-verify&pn=Verify%20Account&cu=INR&tn=verify-now,kyc-team1@pay-verify,0,3.17,0.111,9,0,0.0,1,1
upi://pay?pa=6718898818@jio&pn=Sharma%20Kirana%20Store&cu=INR,6718898818@jio,1,1.961,1.0,10,0,0.0,0,0
upi://pay?pa=lwrflvrktgu@idfcbank&pn=Verify%20Account&cu=INR&tn=refund,lwrflvrktgu@idfcbank,1,3.096,0.0,11,0,0.0,1,1
upi://pay?pa=goog1e-pay945@kotak&pn=Cashback%20Desk&cu=INR&tn=urgent,goog1e-pay945@kotak,1,3.393,0.308,13,0,0.0,1,1
upi://pay?pa=kyc-team37@secure-pay&pn=Cashback%20Desk&cu=INR&tn=kyc,kyc-team37@secure-pay,0,3.322,0.2,10,0,0.0,1,1
upi://pay?pa=8d1rl6zazyxw1cq5@hdfcbank&pn=KYC%20Support&cu=INR&tn=lottery,8d1rl6zazyxw1cq5@hdfcbank,1,3.75,0.312,16,0,0.0,1,1
upi://pay?pa=9011690926@okicici&pn=Sharma%20Kirana%20Store&cu=INR,9011690926@okicici,1,2.246,1.0,10,0,0.0,0,0
upi://pay?pa=8463358952@ibl&pn=Refund%20Team&cu=INR,8463358952@ibl,1,2.722,1.0,10,0,0.0,0,1
upi://pay?pa=goog1e-pay730@kotak&pn=KYC%20Support&cu=INR&tn=kyc,goog1e-pay730@kotak,1,3.393,0.308,13,0,0.0,1,1
upi://pay?pa=refund2@refund-upi&pn=Refund%20Team&cu=INR&tn=verify-now,refund2@refund-upi,0,2.807,0.143,7,0,0.0,1,1
upi://pay?pa=paytrn760@jio&pn=Verify%20Account&cu=INR&tn=refund,paytrn760@jio,1,3.17,0.333,9,0,0.0,1,1
upi://pay?pa=pgt9967st8li72w@hdfcbank&pn=Cashback%20Desk&cu=INR&tn=suspend,pgt9967st8li72w@hdfcbank,1,3.507,0.467,15,0,0.0,1,1
upi://pay?pa=6131038683@upi&pn=KYC%20Support&cu=INR,6131038683@upi,1,2.246,1.0,10,0,0.0,0,1
upi://pay?pa=7147762755@paytm&pn=Refund%20Team&cu=INR&tn=verify-now,7147762755@paytm,1,2.322,1.0,10,0,0.0,1,1
upi://pay?pa=8420256439@apl&pn=Rahul%20Sharma&cu=INR,8420256439@apl,1,2.922,1.0,10,0,0.0,0,0
upi://pay?pa=paytrn521@axl&pn=KYC%20Support&cu=INR&tn=lottery,paytrn521@axl,1,3.17,0.333,9,0,0.0,1,1
upi://pay?pa=rahul.sharma@okaxis&pn=City%20Cafe&cu=INR&am=4632.16,rahul.sharma@okaxis,1,2.855,0.0,12,1,4632.16,0,0
upi://pay?pa=6204145636@ybl&pn=Auto%20Rickshaw%20Stand&cu=INR,6204145636@ybl,1,2.646,1.0,10,0,0.0,0,0
upi://pay?pa=kyc-team63@pay-verify&pn=Verify%20Account&cu=INR&tn=verify-now,kyc-team63@pay-verify,0,3.322,0.2,10,0,0.0,1,1
upi://pay?pa=130iymn8x9ih@ybl&pn=Cashback%20Desk&cu=INR&tn=kyc,130iymn8x9ih@ybl,1,3.418,0.417,12,0,0.0,1,1
upi://pay?pa=esis69op2c8h@okicici&pn=Refund%20Team&cu=INR&tn=lottery,esis69op2c8h@okicici,1,3.418,0.333,12,0,0.0,1,1
upi://pay?pa=vendor.shop@idfcbank&pn=Sharma%20Kirana%20Store&cu=INR,vendor.shop@idfcbank,1,3.278,0.0,11,0,0.0,0,0
upi://pay?pa=6856848098@oksbi&pn=Refund%20Team&cu=INR&tn=cashback,6856848098@oksbi,1,2.322,1.0,10,0,0.0,1,1
upi://pay?pa=support88@refund-upi&pn=Refund%20Team&cu=INR&tn=urgent,support88@refund-upi,0,2.725,0.222,9,0,0.0,1,1
upi://pay?pa=448299909@okaxis&pn=Cashback%20Desk&cu=INR&am=4.48&tn=suspend,448299909@okaxis,1,2.059,1.0,9,1,4.48,1,1
upi://pay?pa=z46abqz21pn@hdfcbank&pn=KYC%20Support&cu=INR&tn=suspend,z46abqz21pn@hdfcbank,1,3.278,0.364,11,0,0.0,1,1
upi://pay?pa=4vjoj7lz6zmqseqg@oksbi&pn=Prize%20Center&cu=INR,4vjoj7lz6zmqseqg@oksbi,1,3.625,0.188,16,0,0.0,0,1
upi://pay?pa=amit.kumar@ibl&pn=Om%20Traders&cu=INR&am=1385.23,amit.kumar@ibl,1,2.922,0.0,10,1,1385.23,0,0
upi://pay?pa=rahul.sharma@jio&pn=Auto%20Rickshaw%20Stand&cu=INR&am=2586.95,rahul.sharma@jio,1,2.855,0.0,12,1,2586.95,0,0
upi://pay?pa=merchant.948@okhdfcbank&pn=Om%20Traders&cu=INR&am=3135.51,merchant.948@okhdfcbank,1,3.585,0.25,12,1,3135.51,0,0
upi://pay?pa=support27@xn--upi&pn=Refund%20Team&cu=INR&tn=suspend,support27@xn--upi,0,2.948,0.222,9,0,0.0,1,1
upi://pay?pa=7772337553@okicici&pn=Rahul%20Sharma&cu=INR,7772337553@okicici,1,1.846,1.0,10,0,0.0,0,0
upi://pay?pa=8763428397@okhdfcbank&pn=KYC%20Support&cu=INR&tn=reward,8763428397@okhdfcbank,1,2.722,1.0,10,0,0.0,1,1
upi://pay?pa=merchant.5034@hdfcbank&pn=Om%20Traders&cu=INR&am=3953.74,merchant.5034@hdfcbank,1,3.7,0.308,13,1,3953.74,0,0
upi://pay?pa=7651961291@axl&pn=Cashback%20Desk&cu=INR&tn=refund,7651961291@axl,1,2.446,1.0,10,0,0.0,1,1
upi://pay?pa=142254727@okicici&pn=Verify%20Account&cu=INR&am=3.0,142254727@okicici,1,2.197,1.0,9,1,3.0,0,1
upi://pay?pa=phcnpe994@okhdfcbank&pn=Cashback%20Desk&cu=INR&tn=suspend,phcnpe994@okhdfcbank,1,2.725,0.333,9,0,0.0,1,1
upi://pay?pa=yq8f4tf5gy@apl&pn=KYC%20Support&cu=INR&tn=suspend,yq8f4tf5gy@apl,1,2.922,0.3,10,0,0.0,1,1
upi://pay?pa=merchant.5842@oksbi&pn=Auto%20Rickshaw%20Stand&cu=INR&am=3939.36,merchant.5842@oksbi,1,3.7,0.308,13,1,3939.36,0,0
upi://pay?pa=amit.kumar@ybl&pn=Green%20Grocers&cu=INR,amit.kumar@ybl,1,2.922,0.0,10,0,0.0,0,0
upi://pay?pa=rahul.sharma@upi&pn=Priya%20Singh&cu=INR&am=1949.89,rahul.sharma@upi,1,2.855,0.0,12,1,1949.89,0,0
upi://pay?pa=merchant.798@paytm&pn=Auto%20Rickshaw%20Stand&cu=INR,merchant.798@paytm,1,3.585,0.25,12,0,0.0,0,0
upi://pay?pa=qxipe46iva@axl&pn=Refund%20Team&cu=INR&am=2.23&tn=cashback,qxipe46iva@axl,1,3.122,0.2,10,1,2.23,1,1
upi://pay?pa=merchant.4942@axl&pn=Rahul%20Sharma&cu=INR,merchant.4942@axl,1,3.547,0.308,13,0,0.0,0,0
upi://pay?pa=merchant.6693@kotak&pn=City%20Cafe&cu=INR&am=854.26,merchant.6693@kotak,1,3.547,0.308,13,1,854.26,0,0
upi://pay?pa=phcnpe888@axl&pn=KYC%20Support&cu=INR&am=1.67&tn=blocked,phcnpe888@axl,1,2.419,0.333,9,1,1.67,1,1
upi://pay?pa=6924553428@okicici&pn=Verify%20Account&cu=INR&am=3.71&tn=reward,6924553428@okicici,1,2.722,1.0,10,1,3.71,1,1
upi://pay?pa=vendor.shop@ybl&pn=Sharma%20Kirana%20Store&cu=INR,vendor.shop@ybl,1,3.278,0.0,11,0,0.0,0,0
upi://pay?pa=rahul.sharma@oksbi&pn=Green%20Grocers&cu=INR,rahul.sharma@oksbi,1,2.855,0.0,12,0,0.0,0,0
upi://pay?pa=support23@pay-verify&pn=Verify%20Account&cu=INR&tn=lottery,support23@pay-verify,0,2.948,0.222,9,0,0.0,1,1
upi://pay?pa=amit.kumar@okaxis&pn=Green%20Grocers&cu=INR,amit.kumar@okaxis,1,2.922,0.0,10,0,0.0,0,0
upi://pay?pa=merchant.8119@hdfcbank&pn=Green%20Grocers&cu=INR,merchant.8119@hdfcbank,1,3.547,0.308,13,0,0.0,0,0
upi://pay?pa=merchant.1971@paytm&pn=Sharma%20Kirana%20Store&cu=INR,merchant.1971@paytm,1,3.547,0.308,13,0,0.0,0,0
upi://pay?pa=3827537889@apl&pn=KYC%20Support&cu=INR&tn=cashback,3827537889@apl,1,2.446,1.0,10,0,0.0,1,1
upi://pay?pa=merchant.3398@okicici&pn=Auto%20Rickshaw%20Stand&cu=INR,merchant.3398@okicici,1,3.547,0.308,13,0,0.0,0,0
upi://pay?pa=kyc-team10@pay-verify&pn=Prize%20Center&cu=INR&tn=lottery,kyc-team10@pay-verify,0,3.322,0.2,10,0,0.0,1,1
upi://pay?pa=paytrn873@axl&pn=Prize%20Center&cu=INR&tn=urgent,paytrn873@axl,1,3.17,0.333,9,0,0.0,1,1
upi://pay?pa=merchant.2081@paytm&pn=Rahul%20Sharma&cu=INR,merchant.2081@paytm,1,3.7,0.308,13,0,0.0,0,0
upi://pay?pa=goog1e-pay189@ibl&pn=Prize%20Center&cu=INR,goog1e-pay189@ibl,1,3.239,0.308,13,0,0.0,0,1
upi://pay?pa=sunita.devi@idfcbank&pn=Sharma%20Kirana%20Store&cu=INR&am=4413.76,sunita.devi@idfcbank,1,3.278,0.0,11,1,4413.76,0,0
upi://pay?pa=vendor.shop@okicici&pn=Priya%20Singh&cu=INR&am=56.16,vendor.shop@okicici,1,3.278,0.0,11,1,56.16,0,0
upi://pay?pa=merchant.8074@idfcbank&pn=Auto%20Rickshaw%20Stand&cu=INR&am=3100.13,merchant.8074@idfcbank,1,3.7,0.308,13,1,3100.13,0,0
upi://pay?pa=5736768664@okicici&pn=KYC%20Support&cu=INR&tn=cashback,5736768664@okicici,1,2.322,1.0,10,0,0.0,1,1
upi://pay?pa=6688536935@okaxis&pn=Rahul%20Sharma&cu=INR,6688536935@okaxis,1,2.246,1.0,10,0,0.0,0,0
upi://pay?pa=priya123@okaxis&pn=City%20Cafe&cu=INR,priya123@okaxis,1,3.0,0.375,8,0,0.0,0,0
upi://pay?pa=goog1e-pay485@okicici&pn=Cashback%20Desk&cu=INR&am=3.17&tn=reward,goog1e-pay485@okicici,1,3.393,0.308,13,1,3.17,1,1
upi://pay?pa=kyc-team90@pay-verify&pn=Verify%20Account&cu=INR&am=1.93&tn=winner,kyc-team90@pay-verify,0,3.322,0.2,10,1,1.93,1,1
upi://pay?pa=7065972034@oksbi&pn=Sharma%20Kirana%20Store&cu=INR,7065972034@oksbi,1,2.922,1.0,10,0,0.0,0,0
upi://pay?pa=kyc-team58@kyc-update&pn=KYC%20Support&cu=INR&am=3.11,kyc-team58@kyc-update,0,3.322,0.2,10,1,3.11,0,1
upi://pay?pa=6025323460@paytm&pn=Auto%20Rickshaw%20Stand&cu=INR,6025323460@paytm,1,2.522,1.0,10,0,0.0,0,0
upi://pay?pa=goog1e-pay56@ibl&pn=Prize%20Center&cu=INR&am=1.49&tn=refund,goog1e-pay56@ibl,1,3.252,0.25,12,1,1.49,1,1
upi://pay?pa=merchant.6459@okicici&pn=Om%20Traders&cu=INR,merchant.6459@okicici,1,3.7,0.308,13,0,0.0,0,0
upi://pay?pa=sunita.devi@hdfcbank&pn=Priya%20Singh&cu=INR&am=4322.97,sunita.devi@hdfcbank,1,3.278,0.0,11,1,4322.97,0,0
upi://pay?pa=merchant.8332@okicici&pn=Rahul%20Sharma&cu=INR,merchant.8332@okicici,1,3.547,0.308,13,0,0.0,0,0
upi://pay?pa=goog1e-pay80@apl&pn=Prize%20Center&cu=INR&am=1.39,goog1e-pay80@apl,1,3.252,0.25,12,1,1.39,0,1
upi://pay?pa=sunita.devi@okaxis&pn=Priya%20Singh&cu=INR,sunita.devi@okaxis,1,3.278,0.0,11,0,0.0,0,0
upi://pay?pa=izza9dv28o470jp8@paytm&pn=Verify%20Account&cu=INR&am=4.12&tn=blocked,izza9dv28o470jp8@paytm,1,3.75,0.438,16,1,4.12,1,1
upi://pay?pa=priya123@jio&pn=Om%20Traders&cu=INR,priya123@jio,1,3.0,0.375,8,0,0.0,0,0
upi://pay?pa=refund11@secure-pay&pn=Refund%20Team&cu=INR&am=2.16&tn=refund,refund11@secure-pay,0,2.75,0.25,8,1,2.16,1,1
upi://pay?pa=amit.kumar@kotak&pn=City%20Cafe&cu=INR,amit.kumar@kotak,1,2.922,0.0,10,0,0.0,0,0
upi://pay?pa=paytrn267@axl&pn=Prize%20Center&cu=INR&tn=urgent,paytrn267@axl,1,3.17,0.333,9,0,0.0,1,1
upi://pay?pa=7988055189@paytm&pn=City%20Cafe&cu=INR&am=4682.29,7988055189@paytm,1,2.446,1.0,10,1,4682.29,0,0
upi://pay?pa=phcnpe358@idfcbank&pn=KYC%20Support&cu=INR&am=3.48&tn=cashback,phcnpe358@idfcbank,1,2.948,0.333,9,1,3.48,1,1
upi://pay?pa=6582918332@idfcbank&pn=City%20Cafe&cu=INR,6582918332@idfcbank,1,2.722,1.0,10,0,0.0,0,0
upi://pay?pa=phcnpe435@oksbi&pn=KYC%20Support&cu=INR&tn=reward,phcnpe435@oksbi,1,2.948,0.333,9,0,0.0,1,1
upi://pay?pa=merchant.4263@upi&pn=Om%20Traders&cu=INR&am=1341.52,merchant.4263@upi,1,3.7,0.308,13,1,1341.52,0,0
upi://pay?pa=merchant.4941@axl&pn=Green%20Grocers&cu=INR,merchant.4941@axl,1,3.547,0.308,13,0,0.0,0,0
upi://pay?pa=7943058119@ibl&pn=Om%20Traders&cu=INR,7943058119@ibl,1,2.922,1.0,10,0,0.0,0,0
upi://pay?pa=paytrn760@hdfcbank&pn=Cashback%20Desk&cu=INR&am=4.2&tn=winner,paytrn760@hdfcbank,1,3.17,0.333,9,1,4.2,1,1
upi://pay?pa=merchant.6112@upi&pn=Sharma%20Kirana%20Store&cu=INR&am=4891.6,merchant.6112@upi,1,3.547,0.308,13,1,4891.6,0,0
upi://pay?pa=support56@xn--upi&pn=Verify%20Account&cu=INR&am=2.37&tn=lottery,support56@xn--upi,0,2.948,0.222,9,1,2.37,1,1
upi://pay?pa=6314372240@okaxis&pn=Rahul%20Sharma&cu=INR&am=3478.54,6314372240@okaxis,1,2.722,1.0,10,1,3478.54,0,0
upi://pay?pa=vendor.shop@okicici&pn=Om%20Traders&cu=INR,vendor.shop@okicici,1,3.278,0.0,11,0,0.0,0,0
upi://pay?pa=merchant.2784@okaxis&pn=Om%20Traders&cu=INR&am=4766.02,merchant.2784@okaxis,1,3.7,0.308,13,1,4766.02,0,0
upi://pay?pa=support33@kyc-update&pn=Cashback%20Desk&cu=INR&tn=verify-now,support33@kyc-update,0,2.725,0.222,9,0,0.0,1,1
upi://pay?pa=6001678755@upi&pn=Prize%20Center&cu=INR&tn=cashback,6001678755@upi,1,2.522,1.0,10,0,0.0,1,1
upi://pay?pa=support31@secure-pay&pn=Prize%20Center&cu=INR&tn=lottery,support31@secure-pay,0,2.948,0.222,9,0,0.0,1,1
upi://pay?pa=phcnpe338@ibl&pn=KYC%20Support&cu=INR&tn=kyc,phcnpe338@ibl,1,2.725,0.333,9,0,0.0,1,1
upi://pay?pa=8348109736@apl&pn=City%20Cafe&cu=INR&am=21.71,8348109736@apl,1,2.922,1.0,10,1,21.71,0,0
upi://pay?pa=5865756192@apl&pn=Cashback%20Desk&cu=INR&am=3.12&tn=verify-now,5865756192@apl,1,2.646,1.0,10,1,3.12,1,1
upi://pay?pa=merchant.2046@ybl&pn=City%20Cafe&cu=INR,merchant.2046@ybl,1,3.7,0.308,13,0,0.0,0,0
upi://pay?pa=merchant.540@upi&pn=City%20Cafe&cu=INR,merchant.540@upi,1,3.585,0.25,12,0,0.0,0,0
upi://pay?pa=6180755165@axl&pn=Cashback%20Desk&cu=INR&am=2.87&tn=verify-now,6180755165@axl,1,2.446,1.0,10,1,2.87,1,1
upi://pay?pa=cashback36@refund-upi&pn=Cashback%20Desk&cu=INR&am=2.42&tn=urgent,cashback36@refund-upi,0,2.922,0.2,10,1,2.42,1,1
upi://pay?pa=vendor.shop@upi&pn=Sharma%20Kirana%20Store&cu=INR,vendor.shop@upi,1,3.278,0.0,11,0,0.0,0,0
upi://pay?pa=widfch3o1h@oksbi&pn=Cashback%20Desk&cu=INR&am=4.07&tn=suspend,widfch3o1h@oksbi,1,3.122,0.2,10,1,4.07,1,1
upi://pay?pa=rahul.sharma@hdfcbank&pn=Sharma%20Kirana%20Store&cu=INR,rahul.sharma@hdfcbank,1,2.855,0.0,12,0,0.0,0,0
upi://pay?pa=6280605593@idfcbank&pn=Priya%20Singh&cu=INR&am=2588.62,6280605593@idfcbank,1,2.722,1.0,10,1,2588.62,0,0
upi://pay?pa=2276064639@idfcbank&pn=Prize%20Center&cu=INR&tn=reward,2276064639@idfcbank,1,2.646,1.0,10,0,0.0,1,1
upi://pay?pa=merchant.6213@apl&pn=City%20Cafe&cu=INR&am=3112.03,merchant.6213@apl,1,3.7,0.308,13,1,3112.03,0,0
upi://pay?pa=i0jppyr6epm@hdfcbank&pn=Verify%20Account&cu=INR&tn=kyc,i0jppyr6epm@hdfcbank,1,3.027,0.182,11,0,0.0,1,1
upi://pay?pa=vendor.shop@axl&pn=Green%20Grocers&cu=INR,vendor.shop@axl,1,3.278,0.0,11,0,0.0,0,0
upi://pay?pa=goog1e-pay377@ybl&pn=Prize%20Center&cu=INR&tn=urgent,goog1e-pay377@ybl,1,3.239,0.308,13,0,0.0,1,1
upi://pay?pa=kyc-team20@xn--upi&pn=Verify%20Account&cu=INR&tn=verify-now,kyc-team20@xn--upi,0,3.322,0.2,10,0,0.0,1,1
upi://pay?pa=8158709631@okhdfcbank&pn=Sharma%20Kirana%20Store&cu=INR,8158709631@okhdfcbank,1,2.922,1.0,10,0,0.0,0,0
upi://pay?pa=priya123@kotak&pn=Rahul%20Sharma&cu=INR,priya123@kotak,1,3.0,0.375,8,0,0.0,0,0
upi://pay?pa=6542223599@okaxis&pn=Green%20Grocers&cu=INR,6542223599@okaxis,1,2.446,1.0,10,0,0.0,0,0
upi://pay?pa=rahul.sharma@oksbi&pn=City%20Cafe&cu=INR,rahul.sharma@oksbi,1,2.855,0.0,12,0,0.0,0,0
upi://pay?pa=kyc-team22@secure-pay&pn=Prize%20Center&cu=INR&am=3.78&tn=reward,kyc-team22@secure-pay,0,3.122,0.2,10,1,3.78,1,1
upi://pay?pa=phcnpe393@ybl&pn=Cashback%20Desk&cu=INR&tn=suspend,phcnpe393@ybl,1,2.725,0.333,9,0,0.0,1,1
upi://pay?pa=support31@refund-upi&pn=Cashback%20Desk&cu=INR&tn=urgent,support31@refund-upi,0,2.948,0.222,9,0,0.0,1,1
upi://pay?pa=l3oxhk7w2vatun1v@axl&pn=Prize%20Center&cu=INR&am=3.67&tn=refund,l3oxhk7w2vatun1v@axl,1,3.875,0.25,16,1,3.67,1,1
upi://pay?pa=q2ygynkiv90h7jaj@ibl&pn=Prize%20Center&cu=INR&am=3.15&tn=urgent,q2ygynkiv90h7jaj@ibl,1,3.75,0.25,16,1,3.15,1,1
upi://pay?pa=8702239879@okhdfcbank&pn=Rahul%20Sharma&cu=INR&am=230.09,8702239879@okhdfcbank,1,2.522,1.0,10,1,230.09,0,0
upi://pay?pa=7580348261@okhdfcbank&pn=Verify%20Account&cu=INR&tn=winner,7580348261@okhdfcbank,1,3.122,1.0,10,0,0.0,1,1
upi://pay?pa=merchant.329@kotak&pn=Green%20Grocers&cu=INR,merchant.329@kotak,1,3.585,0.25,12,0,0.0,0,0
upi://pay?pa=6257247382@paytm&pn=City%20Cafe&cu=INR,6257247382@paytm,1,2.646,1.0,10,0,0.0,0,0
upi://pay?pa=merchant.3953@oksbi&pn=Om%20Traders&cu=INR&am=617.04,merchant.3953@oksbi,1,3.547,0.308,13,1,617.04,0,0
upi://pay?pa=phcnpe634@upi&pn=Prize%20Center&cu=INR&tn=blocked,phcnpe634@upi,1,2.948,0.333,9,0,0.0,1,1
upi://pay?pa=merchant.1649@okhdfcbank&pn=City%20Cafe&cu=INR,merchant.1649@okhdfcbank,1,3.7,0.308,13,0,0.0,0,0
upi://pay?pa=1658426178@kotak&pn=Cashback%20Desk&cu=INR&tn=cashback,1658426178@kotak,1,2.722,1.0,10,0,0.0,1,1
upi://pay?pa=refund87@kyc-update&pn=KYC%20Support&cu=INR&tn=blocked,refund87@kyc-update,0,3.0,0.25,8,0,0.0,1,1
upi://pay?pa=9063952358@okicici&pn=Sharma%20Kirana%20Store&cu=INR,9063952358@okicici,1,2.722,1.0,10,0,0.0,0,0
upi://pay?pa=phcnpe977@idfcbank&pn=Verify%20Account&cu=INR&tn=winner,phcnpe977@idfcbank,1,2.725,0.333,9,0,0.0,1,1
upi://pay?pa=fvo5y0qnv4f0te2@ybl&pn=KYC%20Support&cu=INR&am=4.37&tn=suspend,fvo5y0qnv4f0te2@ybl,1,3.507,0.333,15,1,4.37,1,1
upi://pay?pa=1vfo0guxl2f70@ybl&pn=Verify%20Account&cu=INR&am=3.84&tn=verify-now,1vfo0guxl2f70@ybl,1,3.393,0.385,13,1,3.84,1,1
upi://pay?pa=7719329399@okicici&pn=City%20Cafe&cu=INR,7719329399@okicici,1,2.122,1.0,10,0,0.0,0,0
upi://pay?pa=refund3@secure-pay&pn=KYC%20Support&cu=INR&am=4.97&tn=suspend,refund3@secure-pay,0,2.807,0.143,7,1,4.97,1,1
upi://pay?pa=cashback17@kyc-update&pn=Verify%20Account&cu=INR&am=2.79&tn=winner,cashback17@kyc-update,0,2.922,0.2,10,1,2.79,1,1
upi://pay?pa=support56@kyc-update&pn=Refund%20Team&cu=INR&am=3.56&tn=winner,support56@kyc-update,0,2.948,0.222,9,1,3.56,1,1
upi://pay?pa=support72@secure-pay&pn=Refund%20Team&cu=INR&tn=suspend,support72@secure-pay,0,2.948,0.222,9,0,0.0,1,1
upi://pay?pa=j6bsc8awrikhk@axl&pn=Refund%20Team&cu=INR&am=1.73&tn=urgent,j6bsc8awrikhk@axl,1,3.547,0.154,13,1,1.73,1,1
upi://pay?pa=trojwjurrk@axl&pn=KYC%20Support&cu=INR&am=3.34&tn=refund,trojwjurrk@axl,1,2.646,0.0,10,1,3.34,1,1
upi://pay?pa=5285471357@upi&pn=Verify%20Account&cu=INR&tn=suspend,5285471357@upi,1,2.646,1.0,10,0,0.0,1,1
upi://pay?pa=merchant.3291@paytm&pn=Green%20Grocers&cu=INR&am=4032.71,merchant.3291@paytm,1,3.7,0.308,13,1,4032.71,0,0
upi://pay?pa=vendor.shop@oksbi&pn=City%20Cafe&cu=INR,vendor.shop@oksbi,1,3.278,0.0,11,0,0.0,0,0
upi://pay?pa=merchant.7978@upi&pn=Sharma%20Kirana%20Store&cu=INR&am=1679.51,merchant.7978@upi,1,3.547,0.308,13,1,1679.51,0,0
upi://pay?pa=9927363182@jio&pn=Auto%20Rickshaw%20Stand&cu=INR&am=2084.28,9927363182@jio,1,2.722,1.0,10,1,2084.28,0,0
upi://pay?pa=merchant.6226@hdfcbank&pn=Priya%20Singh&cu=INR,merchant.6226@hdfcbank,1,3.393,0.308,13,0,0.0,0,0
upi://pay?pa=goog1e-pay197@upi&pn=Refund%20Team&cu=INR&am=4.32&tn=winner,goog1e-pay197@upi,1,3.239,0.308,13,1,4.32,1,1
upi://pay?pa=amit.kumar@okhdfcbank&pn=Rahul%20Sharma&cu=INR,amit.kumar@okhdfcbank,1,2.922,0.0,10,0,0.0,0,0
upi://pay?pa=kyc-team48@refund-upi&pn=KYC%20Support&cu=INR&am=4.29&tn=verify-now,kyc-team48@refund-upi,0,3.322,0.2,10,1,4.29,1,1
upi://pay?pa=goog1e-pay711@hdfcbank&pn=KYC%20Support&cu=INR&tn=reward,goog1e-pay711@hdfcbank,1,3.027,0.308,13,0,0.0,1,1
upi://pay?pa=merchant.9585@paytm&pn=Sharma%20Kirana%20Store&cu=INR,merchant.9585@paytm,1,3.547,0.308,13,0,0.0,0,0
upi://pay?pa=phcnpe479@ybl&pn=Verify%20Account&cu=INR,phcnpe479@ybl,1,2.948,0.333,9,0,0.0,0,1
upi://pay?pa=paytrn370@idfcbank&pn=Verify%20Account&cu=INR&tn=reward,paytrn370@idfcbank,1,3.17,0.333,9,0,0.0,1,1
upi://pay?pa=2658695906@kotak&pn=Prize%20Center&cu=INR,2658695906@kotak,1,2.446,1.0,10,0,0.0,0,1
upi://pay?pa=phcnpe148@okhdfcbank&pn=Verify%20Account&cu=INR&tn=winner,phcnpe148@okhdfcbank,1,2.948,0.333,9,0,0.0,1,1
upi://pay?pa=a8vi5wl0jd0i2v4@okaxis&pn=Verify%20Account&cu=INR&tn=suspend,a8vi5wl0jd0i2v4@okaxis,1,3.507,0.4,15,0,0.0,1,1
upi://pay?pa=cashback36@refund-upi&pn=KYC%20Support&cu=INR&tn=refund,cashback36@refund-upi,0,2.922,0.2,10,0,0.0,1,1
upi://pay?pa=rahul.sharma@idfcbank&pn=Sharma%20Kirana%20Store&cu=INR,rahul.sharma@idfcbank,1,2.855,0.0,12,0,0.0,0,0
upi://pay?pa=merchant.7604@ybl&pn=Rahul%20Sharma&cu=INR,merchant.7604@ybl,1,3.7,0.308,13,0,0.0,0,0
upi://pay?pa=merchant.4301@okhdfcbank&pn=Rahul%20Sharma&cu=INR,merchant.4301@okhdfcbank,1,3.7,0.308,13,0,0.0,0,0
upi://pay?pa=kyc-team52@secure-pay&pn=Verify%20Account&cu=INR&tn=kyc,kyc-team52@secure-pay,0,3.322,0.2,10,0,0.0,1,1
upi://pay?pa=cashback43@secure-pay&pn=Refund%20Team&cu=INR&tn=winner,cashback43@secure-pay,0,2.922,0.2,10,0,0.0,1,1
upi://pay?pa=fr8v3adq7geyv@axl&pn=Prize%20Center&cu=INR&tn=kyc,fr8v3adq7geyv@axl,1,3.547,0.231,13,0,0.0,1,1
upi://pay?pa=kyc-team50@secure-pay&pn=Verify%20Account&cu=INR&tn=kyc,kyc-team50@secure-pay,0,3.322,0.2,10,0,0.0,1,1
upi://pay?pa=6537710544@paytm&pn=Refund%20Team&cu=INR&tn=verify-now,6537710544@paytm,1,2.722,1.0,10,0,0.0,1,1
upi://pay?pa=kyc-team52@refund-upi&pn=Cashback%20Desk&cu=INR&tn=reward,kyc-team52@refund-upi,0,3.322,0.2,10,0,0.0,1,1
upi://pay?pa=8602111250@okhdfcbank&pn=City%20Cafe&cu=INR&am=1529.44,8602111250@okhdfcbank,1,2.446,1.0,10,1,1529.44,0,0
upi://pay?pa=rahul.sharma@apl&pn=Sharma%20Kirana%20Store&cu=INR,rahul.sharma@apl,1,2.855,0.0,12,0,0.0,0,0
upi://pay?pa=merchant.2695@kotak&pn=Om%20Traders&cu=INR,merchant.2695@kotak,1,3.7,0.308,13,0,0.0,0,0
upi://pay?pa=9187111112@kotak&pn=Green%20Grocers&cu=INR&am=153.96,9187111112@kotak,1,1.771,1.0,10,1,153.96,0,0
upi://pay?pa=kyc-team66@kyc-update&pn=KYC%20Support&cu=INR&am=4.3&tn=blocked,kyc-team66@kyc-update,0,3.122,0.2,10,1,4.3,1,1
upi://pay?pa=7504175844@okhdfcbank&pn=Auto%20Rickshaw%20Stand&cu=INR&am=3930.61,7504175844@okhdfcbank,1,2.446,1.0,10,1,3930.61,0,0
upi://pay?pa=rahul.sharma@idfcbank&pn=Om%20Traders&cu=INR&am=2206.03,rahul.sharma@idfcbank,1,2.855,0.0,12,1,2206.03,0,0
upi://pay?pa=kyc-team84@kyc-update&pn=Refund%20Team&cu=INR&tn=refund,kyc-team84@kyc-update,0,3.322,0.2,10,0,0.0,1,1
upi://pay?pa=merchant.898@ibl&pn=Auto%20Rickshaw%20Stand&cu=INR&am=1472.49,merchant.898@ibl,1,3.418,0.25,12,1,1472.49,0,0
upi://pay?pa=merchant.2689@upi&pn=Auto%20Rickshaw%20Stand&cu=INR&am=357.71,merchant.2689@upi,1,3.7,0.308,13,1,357.71,0,0
upi://pay?pa=mhunsi7docbi@apl&pn=Cashback%20Desk&cu=INR&am=1.29&tn=blocked,mhunsi7docbi@apl,1,3.418,0.083,12,1,1.29,1,1
upi://pay?pa=kyc-team2@secure-pay&pn=Prize%20Center&cu=INR&am=2.74,kyc-team2@secure-pay,0,3.17,0.111,9,1,2.74,0,1
upi://pay?pa=phcnpe134@okaxis&pn=Prize%20Center&cu=INR&tn=lottery,phcnpe134@okaxis,1,2.948,0.333,9,0,0.0,1,1
upi://pay?pa=7814461270@okhdfcbank&pn=Auto%20Rickshaw%20Stand&cu=INR,7814461270@okhdfcbank,1,2.722,1.0,10,0,0.0,0,0
upi://pay?pa=f6b3jtakkupbbbkv@axl&pn=Cashback%20Desk&cu=INR&tn=urgent,f6b3jtakkupbbbkv@axl,1,3.203,0.125,16,0,0.0,1,1
upi://pay?pa=merchant.4775@okhdfcbank&pn=City%20Cafe&cu=INR,merchant.4775@okhdfcbank,1,3.547,0.308,13,0,0.0,0,0
upi://pay?pa=9329446784@jio&pn=City%20Cafe&cu=INR,9329446784@jio,1,2.646,1.0,10,0,0.0,0,0
upi://pay?pa=paytrn583@paytm&pn=Verify%20Account&cu=INR&am=4.98&tn=winner,paytrn583@paytm,1,3.17,0.333,9,1,4.98,1,1
upi://pay?pa=8336478005@hdfcbank&pn=KYC%20Support&cu=INR&am=2.67&tn=lottery,8336478005@hdfcbank,1,2.722,1.0,10,1,2.67,1,1
upi://pay?pa=paytrn868@apl&pn=Verify%20Account&cu=INR&tn=cashback,paytrn868@apl,1,2.948,0.333,9,0,0.0,1,1
upi://pay?pa=phcnpe779@ibl&pn=Verify%20Account&cu=INR&am=2.42&tn=blocked,phcnpe779@ibl,1,2.725,0.333,9,1,2.42,1,1
upi://pay?pa=sunita.devi@okicici&pn=Sharma%20Kirana%20Store&cu=INR,sunita.devi@okicici,1,3.278,0.0,11,0,0.0,0,0
upi://pay?pa=refund40@secure-pay&pn=Verify%20Account&cu=INR&am=4.89&tn=reward,refund40@secure-pay,0,3.0,0.25,8,1,4.89,1,1
upi://pay?pa=cashback23@kyc-update&pn=Verify%20Account&cu=INR&am=1.7&tn=reward,cashback23@kyc-update,0,2.922,0.2,10,1,1.7,1,1
upi://pay?pa=r6ufcmvq9oat0l@oksbi&pn=Verify%20Account&cu=INR&tn=lottery,r6ufcmvq9oat0l@oksbi,1,3.807,0.214,14,0,0.0,1,1
upi://pay?pa=support53@pay-verify&pn=Verify%20Account&cu=INR&tn=lottery,support53@pay-verify,0,2.948,0.222,9,0,0.0,1,1
upi://pay?pa=9237131086@paytm&pn=Green%20Grocers&cu=INR,9237131086@paytm,1,2.922,1.0,10,0,0.0,0,0
upi://pay?pa=paytrn966@axl&pn=Prize%20Center&cu=INR&am=4.33&tn=cashback,paytrn966@axl,1,2.948,0.333,9,1,4.33,1,1
upi://pay?pa=z41mdc6yisws4w@apl&pn=Prize%20Center&cu=INR&tn=winner,z41mdc6yisws4w@apl,1,3.379,0.286,14,0,0.0,1,1
upi://pay?pa=jhrmbl4otpt3@kotak&pn=Refund%20Team&cu=INR&am=3.72&tn=winner,jhrmbl4otpt3@kotak,1,3.418,0.167,12,1,3.72,1,1
upi://pay?pa=sunita.devi@okicici&pn=Green%20Grocers&cu=INR,sunita.devi@okicici,1,3.278,0.0,11,0,0.0,0,0
upi://pay?pa=amit.kumar@jio&pn=Om%20Traders&cu=INR&am=424.75,amit.kumar@jio,1,2.922,0.0,10,1,424.75,0,0
upi://pay?pa=amit.kumar@okhdfcbank&pn=Sharma%20Kirana%20Store&cu=INR&am=163.53,amit.kumar@okhdfcbank,1,2.922,0.0,10,1,163.53,0,0
upi://pay?pa=7807170988@upi&pn=Rahul%20Sharma&cu=INR&am=2984.25,7807170988@upi,1,2.171,1.0,10,1,2984.25,0,0
upi://pay?pa=8049154876@kotak&pn=Rahul%20Sharma&cu=INR,8049154876@kotak,1,2.922,1.0,10,0,0.0,0,0
upi://pay?pa=7176662219@hdfcbank&pn=Sharma%20Kirana%20Store&cu=INR,7176662219@hdfcbank,1,2.246,1.0,10,0,0.0,0,0
upi://pay?pa=merchant.7942@okicici&pn=Priya%20Singh&cu=INR,merchant.7942@okicici,1,3.7,0.308,13,0,0.0,0,0
upi://pay?pa=refund24@refund-upi&pn=Verify%20Account&cu=INR&tn=suspend,refund24@refund-upi,0,3.0,0.25,8,0,0.0,1,1
upi://pay?pa=goog1e-pay57@ybl&pn=Cashback%20Desk&cu=INR&tn=winner,goog1e-pay57@ybl,1,3.252,0.25,12,0,0.0,1,1
upi://pay?pa=sunita.devi@ybl&pn=Priya%20Singh&cu=INR&am=986.2,sunita.devi@ybl,1,3.278,0.0,11,1,986.2,0,0
upi://pay?pa=merchant.5897@upi&pn=City%20Cafe&cu=INR,merchant.5897@upi,1,3.7,0.308,13,0,0.0,0,0
upi://pay?pa=kyc-team92@pay-verify&pn=KYC%20Support&cu=INR&am=1.59&tn=lottery,kyc-team92@pay-verify,0,3.322,0.2,10,1,1.59,1,1
upi://pay?pa=merchant.9646@okhdfcbank&pn=Priya%20Singh&cu=INR&am=3842.1,merchant.9646@okhdfcbank,1,3.547,0.308,13,1,3842.1,0,0
upi://pay?pa=kyc-team76@pay-verify&pn=Cashback%20Desk&cu=INR&am=1.82&tn=verify-now,kyc-team76@pay-verify,0,3.322,0.2,10,1,1.82,1,1
upi://pay?pa=sunita.devi@paytm&pn=Auto%20Rickshaw%20Stand&cu=INR,sunita.devi@paytm,1,3.278,0.0,11,0,0.0,0,0
upi://pay?pa=merchant.9572@ibl&pn=City%20Cafe&cu=INR,merchant.9572@ibl,1,3.7,0.308,13,0,0.0,0,0
upi://pay?pa=6923712273@jio&pn=City%20Cafe&cu=INR&am=2225.63,6923712273@jio,1,2.446,1.0,10,1,2225.63,0,0
upi://pay?pa=8798211967@apl&pn=Om%20Traders&cu=INR,8798211967@apl,1,2.522,1.0,10,0,0.0,0,0
upi://pay?pa=phcnpe278@idfcbank&pn=Verify%20Account&cu=INR&tn=cashback,phcnpe278@idfcbank,1,2.948,0.333,9,0,0.0,1,1
upi://pay?pa=goog1e-pay811@oksbi&pn=Verify%20Account&cu=INR&tn=reward,goog1e-pay811@oksbi,1,3.027,0.308,13,0,0.0,1,1
upi://pay?pa=amit.kumar@ibl&pn=Auto%20Rickshaw%20Stand&cu=INR,amit.kumar@ibl,1,2.922,0.0,10,0,0.0,0,0
upi://pay?pa=7782508879@kotak&pn=Sharma%20Kirana%20Store&cu=INR&am=2757.71,7782508879@kotak,1,2.371,1.0,10,1,2757.71,0,0
upi://pay?pa=kyc-team84@refund-upi&pn=Refund%20Team&cu=INR&am=1.55&tn=reward,kyc-team84@refund-upi,0,3.322,0.2,10,1,1.55,1,1
upi://pay?pa=merchant.2858@apl&pn=Auto%20Rickshaw%20Stand&cu=INR,merchant.2858@apl,1,3.547,0.308,13,0,0.0,0,0
upi://pay?pa=merchant.1177@idfcbank&pn=Auto%20Rickshaw%20Stand&cu=INR,merchant.1177@idfcbank,1,3.393,0.308,13,0,0.0,0,0
upi://pay?pa=merchant.4544@ibl&pn=Priya%20Singh&cu=INR,merchant.4544@ibl,1,3.335,0.308,13,0,0.0,0,0
upi://pay?pa=6699175664@axl&pn=City%20Cafe&cu=INR&am=4677.17,6699175664@axl,1,2.322,1.0,10,1,4677.17,0,0
upi://pay?pa=7310275883@okicici&pn=Om%20Traders&cu=INR,7310275883@okicici,1,2.722,1.0,10,0,0.0,0,0
upi://pay?pa=6y1yogq04qpqrw6t@oksbi&pn=KYC%20Support&cu=INR&tn=urgent,6y1yogq04qpqrw6t@oksbi,1,3.453,0.312,16,0,0.0,1,1
upi://pay?pa=merchant.2747@ybl&pn=Rahul%20Sharma&cu=INR&am=2220.34,merchant.2747@ybl,1,3.547,0.308,13,1,2220.34,0,0
upi://pay?pa=o73ku99elj@okicici&pn=Cashback%20Desk&cu=INR&am=1.21&tn=urgent,o73ku99elj@okicici,1,3.122,0.4,10,1,1.21,1,1
upi://pay?pa=goog1e-pay403@ibl&pn=Cashback%20Desk&cu=INR&am=1.84&tn=verify-now,goog1e-pay403@ibl,1,3.393,0.308,13,1,1.84,1,1
upi://pay?pa=merchant.3014@paytm&pn=Auto%20Rickshaw%20Stand&cu=INR&am=1957.6,merchant.3014@paytm,1,3.7,0.308,13,1,1957.6,0,0
upi://pay?pa=merchant.7788@okicici&pn=Auto%20Rickshaw%20Stand&cu=INR&am=2201.79,merchant.7788@okicici,1,3.393,0.308,13,1,2201.79,0,0
upi://pay?pa=kyc-team12@kyc-update&pn=Verify%20Account&cu=INR&am=3.29&tn=kyc,kyc-team12@kyc-update,0,3.322,0.2,10,1,3.29,1,1
upi://pay?pa=merchant.5694@kotak&pn=Auto%20Rickshaw%20Stand&cu=INR&am=4184.9,merchant.5694@kotak,1,3.7,0.308,13,1,4184.9,0,0
upi://pay?pa=8985904649@paytm&pn=Sharma%20Kirana%20Store&cu=INR&am=3814.64,8985904649@paytm,1,2.446,1.0,10,1,3814.64,0,0
upi://pay?pa=paytrn153@okicici&pn=Refund%20Team&cu=INR&tn=lottery,paytrn153@okicici,1,3.17,0.333,9,0,0.0,1,1
upi://pay?pa=1794880731@okhdfcbank&pn=Cashback%20Desk&cu=INR&am=3.83&tn=urgent,1794880731@okhdfcbank,1,2.722,1.0,10,1,3.83,1,1
upi://pay?pa=priya123@paytm&pn=Sharma%20Kirana%20Store&cu=INR&am=178.45,priya123@paytm,1,3.0,0.375,8,1,178.45,0,0
upi://pay?pa=merchant.5232@paytm&pn=Green%20Grocers&cu=INR&am=4675.7,merchant.5232@paytm,1,3.547,0.308,13,1,4675.7,0,0
upi://pay?pa=paytrn637@ibl&pn=Refund%20Team&cu=INR&tn=urgent,paytrn637@ibl,1,3.17,0.333,9,0,0.0,1,1
upi://pay?pa=cashback47@xn--upi&pn=Verify%20Account&cu=INR&am=2.89&tn=blocked,cashback47@xn--upi,0,2.922,0.2,10,1,2.89,1,1
upi://pay?pa=paytrn733@okicici&pn=Cashback%20Desk&cu=INR&am=4.03&tn=cashback,paytrn733@okicici,1,2.948,0.333,9,1,4.03,1,1
upi://pay?pa=phcnpe792@okhdfcbank&pn=KYC%20Support&cu=INR&am=4.41,phcnpe792@okhdfcbank,1,2.948,0.333,9,1,4.41,0,1
upi://pay?pa=priya123@oksbi&pn=Auto%20Rickshaw%20Stand&cu=INR&am=343.5,priya123@oksbi,1,3.0,0.375,8,1,343.5,0,0
upi://pay?pa=goog1e-pay222@axl&pn=Prize%20Center&cu=INR&am=1.05&tn=suspend,goog1e-pay222@axl,1,3.027,0.308,13,1,1.05,1,1
upi://pay?pa=8360791536@jio&pn=Sharma%20Kirana%20Store&cu=INR,8360791536@jio,1,2.922,1.0,10,0,0.0,0,0
upi://pay?pa=merchant.7230@ybl&pn=Green%20Grocers&cu=INR,merchant.7230@ybl,1,3.7,0.308,13,0,0.0,0,0
upi://pay?pa=support91@kyc-update&pn=KYC%20Support&cu=INR&tn=cashback,support91@kyc-update,0,2.948,0.222,9,0,0.0,1,1
upi://pay?pa=3048626606@okhdfcbank&pn=Refund%20Team&cu=INR&tn=cashback,3048626606@okhdfcbank,1,2.322,1.0,10,0,0.0,1,1
upi://pay?pa=paytrn170@axl&pn=Verify%20Account&cu=INR&tn=urgent,paytrn170@axl,1,3.17,0.333,9,0,0.0,1,1
upi://pay?pa=tz8rbj5yqwak59w@ibl&pn=Verify%20Account&cu=INR&tn=lottery,tz8rbj5yqwak59w@ibl,1,3.64,0.267,15,0,0.0,1,1
upi://pay?pa=amit.kumar@apl&pn=Sharma%20Kirana%20Store&cu=INR,amit.kumar@apl,1,2.922,0.0,10,0,0.0,0,0
upi://pay?pa=8878201524@ibl&pn=Sharma%20Kirana%20Store&cu=INR,8878201524@ibl,1,2.646,1.0,10,0,0.0,0,0
upi://pay?pa=ez5xtebi7t9p2j@ibl&pn=Verify%20Account&cu=INR&tn=cashback,ez5xtebi7t9p2j@ibl,1,3.522,0.286,14,0,0.0,1,1
upi://pay?pa=7640761061@jio&pn=Green%20Grocers&cu=INR,7640761061@jio,1,2.246,1.0,10,0,0.0,0,0
upi://pay?pa=merchant.1411@idfcbank&pn=City%20Cafe&cu=INR,merchant.1411@idfcbank,1,3.335,0.308,13,0,0.0,0,0
upi://pay?pa=178472351@jio&pn=KYC%20Support&cu=INR&tn=cashback,178472351@jio,1,2.725,1.0,9,0,0.0,1,1
upi://pay?pa=phcnpe834@ibl&pn=Verify%20Account&cu=INR&tn=blocked,phcnpe834@ibl,1,2.948,0.333,9,0,0.0,1,1
upi://pay?pa=218494972@upi&pn=Prize%20Center&cu=INR&am=2.57&tn=verify-now,218494972@upi,1,2.503,1.0,9,1,2.57,1,1
upi://pay?pa=otuqajelivw@axl&pn=KYC%20Support&cu=INR&tn=reward,otuqajelivw@axl,1,3.459,0.0,11,0,0.0,1,1
upi://pay?pa=3u4ooxa8rnmb@okaxis&pn=KYC%20Support&cu=INR&tn=winner,3u4ooxa8rnmb@okaxis,1,3.418,0.25,12,0,0.0,1,1
upi://pay?pa=merchant.7929@ybl&pn=Sharma%20Kirana%20Store&cu=INR&am=4854.91,merchant.7929@ybl,1,3.547,0.308,13,1,4854.91,0,0
upi://pay?pa=paytrn709@apl&pn=Prize%20Center&cu=INR&tn=winner,paytrn709@apl,1,3.17,0.333,9,0,0.0,1,1
upi://pay?pa=vendor.shop@jio&pn=City%20Cafe&cu=INR,vendor.shop@jio,1,3.278,0.0,11,0,0.0,0,0
upi://pay?pa=merchant.369@apl&pn=Rahul%20Sharma&cu=INR,merchant.369@apl,1,3.585,0.25,12,0,0.0,0,0
upi://pay?pa=priya123@ibl&pn=Om%20Traders&cu=INR,priya123@ibl,1,3.0,0.375,8,0,0.0,0,0
upi://pay?pa=1626412361@okaxis&pn=Refund%20Team&cu=INR&am=1.45&tn=verify-now,1626412361@okaxis,1,2.171,1.0,10,1,1.45,1,1
upi://pay?pa=7638338836@hdfcbank&pn=Om%20Traders&cu=INR,7638338836@hdfcbank,1,1.846,1.0,10,0,0.0,0,0
upi://pay?pa=7196228552@jio&pn=KYC%20Support&cu=INR&tn=verify-now,7196228552@jio,1,2.646,1.0,10,0,0.0,1,1
upi://pay?pa=merchant.3092@apl&pn=City%20Cafe&cu=INR,merchant.3092@apl,1,3.7,0.308,13,0,0.0,0,0
upi://pay?pa=993224849@okaxis&pn=Prize%20Center&cu=INR&tn=lottery,993224849@okaxis,1,2.197,1.0,9,0,0.0,1,1
upi://pay?pa=8079834001@upi&pn=City%20Cafe&cu=INR&am=253.51,8079834001@upi,1,2.646,1.0,10,1,253.51,0,0
upi://pay?pa=6027788467@hdfcbank&pn=KYC%20Support&cu=INR&tn=urgent,6027788467@hdfcbank,1,2.446,1.0,10,0,0.0,1,1
upi://pay?pa=8414876741@okaxis&pn=Priya%20Singh&cu=INR&am=1629.5,8414876741@okaxis,1,2.246,1.0,10,1,1629.5,0,0
upi://pay?pa=8940927197@ibl&pn=Green%20Grocers&cu=INR&am=466.18,8940927197@ibl,1,2.646,1.0,10,1,466.18,0,0
upi://pay?pa=goog1e-pay190@axl&pn=Verify%20Account&cu=INR&tn=refund,goog1e-pay190@axl,1,3.239,0.308,13,0,0.0,1,1
upi://pay?pa=merchant.5203@paytm&pn=City%20Cafe&cu=INR,merchant.5203@paytm,1,3.7,0.308,13,0,0.0,0,0
upi://pay?pa=merchant.6292@ibl&pn=Priya%20Singh&cu=INR&am=4631.89,merchant.6292@ibl,1,3.547,0.308,13,1,4631.89,0,0
upi://pay?pa=kyc-team12@secure-pay&pn=Prize%20Center&cu=INR&tn=verify-now,kyc-team12@secure-pay,0,3.322,0.2,10,0,0.0,1,1
upi://pay?pa=2ympyi46n05fl@idfcbank&pn=Refund%20Team&cu=INR&tn=reward,2ympyi46n05fl@idfcbank,1,3.547,0.385,13,0,0.0,1,1
upi://pay?pa=merchant.9486@axl&pn=Om%20Traders&cu=INR&am=1736.69,merchant.9486@axl,1,3.7,0.308,13,1,1736.69,0,0
upi://pay?pa=y8mlncgfqdps@jio&pn=Cashback%20Desk&cu=INR&tn=refund,y8mlncgfqdps@jio,1,3.585,0.083,12,0,0.0,1,1
upi://pay?pa=merchant.1834@apl&pn=Rahul%20Sharma&cu=INR,merchant.1834@apl,1,3.7,0.308,13,0,0.0,0,0
upi://pay?pa=priya123@okhdfcbank&pn=Auto%20Rickshaw%20Stand&cu=INR&am=818.49,priya123@okhdfcbank,1,3.0,0.375,8,1,818.49,0,0
upi://pay?pa=kyc-team35@xn--upi&pn=Verify%20Account&cu=INR&tn=cashback,kyc-team35@xn--upi,0,3.322,0.2,10,0,0.0,1,1
upi://pay?pa=goog1e-pay68@hdfcbank&pn=Verify%20Account&cu=INR&tn=verify-now,goog1e-pay68@hdfcbank,1,3.252,0.25,12,0,0.0,1,1
upi://pay?pa=6651858284@hdfcbank&pn=Priya%20Singh&cu=INR,6651858284@hdfcbank,1,2.446,1.0,10,0,0.0,0,0
upi://pay?pa=3616053827@kotak&pn=Verify%20Account&cu=INR&tn=kyc,3616053827@kotak,1,2.922,1.0,10,0,0.0,1,1
upi://pay?pa=6157263941@oksbi&pn=Auto%20Rickshaw%20Stand&cu=INR&am=78.26,6157263941@oksbi,1,2.922,1.0,10,1,78.26,0,0
upi://pay?pa=4172595414@jio&pn=KYC%20Support&cu=INR&am=1.23&tn=refund,4172595414@jio,1,2.446,1.0,10,1,1.23,1,1
upi://pay?pa=rahul.sharma@ybl&pn=Rahul%20Sharma&cu=INR&am=3735.16,rahul.sharma@ybl,1,2.855,0.0,12,1,3735.16,0,0
upi://pay?pa=merchant.4601@hdfcbank&pn=Om%20Traders&cu=INR&am=930.7,merchant.4601@hdfcbank,1,3.7,0.308,13,1,930.7,0,0
upi://pay?pa=6542153826@okaxis&pn=Sharma%20Kirana%20Store&cu=INR&am=1195.26,6542153826@okaxis,1,2.722,1.0,10,1,1195.26,0,0
upi://pay?pa=2683217986@jio&pn=Prize%20Center&cu=INR,2683217986@jio,1,2.722,1.0,10,0,0.0,0,1
upi://pay?pa=merchant.8729@ibl&pn=City%20Cafe&cu=INR&am=3345.4,merchant.8729@ibl,1,3.7,0.308,13,1,3345.4,0,0
upi://pay?pa=6381691393@hdfcbank&pn=Auto%20Rickshaw%20Stand&cu=INR&am=1771.99,6381691393@hdfcbank,1,2.246,1.0,10,1,1771.99,0,0
upi://pay?pa=84ayuf1tk83@upi&pn=Refund%20Team&cu=INR&am=4.06&tn=suspend,84ayuf1tk83@upi,1,3.278,0.455,11,1,4.06,1,1
upi://pay?pa=goog1e-pay935@okaxis&pn=Refund%20Team&cu=INR&tn=urgent,goog1e-pay935@okaxis,1,3.393,0.308,13,0,0.0,1,1
upi://pay?pa=2065224788@apl&pn=Prize%20Center&cu=INR&am=2.37,2065224788@apl,1,2.646,1.0,10,1,2.37,0,1
upi://pay?pa=kyc-team9@refund-upi&pn=Prize%20Center&cu=INR&tn=reward,kyc-team9@refund-upi,0,3.17,0.111,9,0,0.0,1,1
upi://pay?pa=8592473405@okaxis&pn=City%20Cafe&cu=INR,8592473405@okaxis,1,2.922,1.0,10,0,0.0,0,0
upi://pay?pa=refund55@pay-verify&pn=Verify%20Account&cu=INR&am=2.9&tn=reward,refund55@pay-verify,0,2.75,0.25,8,1,2.9,1,1
upi://pay?pa=7140651959@ibl&pn=Sharma%20Kirana%20Store&cu=INR,7140651959@ibl,1,2.722,1.0,10,0,0.0,0,0
upi://pay?pa=goog1e-pay107@oksbi&pn=KYC%20Support&cu=INR&tn=reward,goog1e-pay107@oksbi,1,3.239,0.308,13,0,0.0,1,1
upi://pay?pa=kyc-team1@secure-pay&pn=Verify%20Account&cu=INR&am=1.52&tn=urgent,kyc-team1@secure-pay,0,3.17,0.111,9,1,1.52,1,1
upi://pay?pa=kyc-team70@kyc-update&pn=KYC%20Support&cu=INR&am=1.56&tn=urgent,kyc-team70@kyc-update,0,3.322,0.2,10,1,1.56,1,1
upi://pay?pa=amit.kumar@oksbi&pn=Om%20Traders&cu=INR&am=426.91,amit.kumar@oksbi,1,2.922,0.0,10,1,426.91,0,0
upi://pay?pa=priya123@axl&pn=Rahul%20Sharma&cu=INR,priya123@axl,1,3.0,0.375,8,0,0.0,0,0
upi://pay?pa=6oomfjka4d9lv@paytm&pn=Refund%20Team&cu=INR&tn=suspend,6oomfjka4d9lv@paytm,1,3.547,0.231,13,0,0.0,1,1
upi://pay?pa=merchant.2289@ybl&pn=Om%20Traders&cu=INR,merchant.2289@ybl,1,3.547,0.308,13,0,0.0,0,0
upi://pay?pa=rahul.sharma@paytm&pn=Priya%20Singh&cu=INR&am=1963.12,rahul.sharma@paytm,1,2.855,0.0,12,1,1963.12,0,0
upi://pay?pa=kyc-team14@pay-verify&pn=KYC%20Support&cu=INR&tn=winner,kyc-team14@pay-verify,0,3.322,0.2,10,0,0.0,1,1
upi://pay?pa=5p2ur3fcr5v7@hdfcbank&pn=Cashback%20Desk&cu=INR&am=3.91&tn=verify-now,5p2ur3fcr5v7@hdfcbank,1,3.252,0.417,12,1,3.91,1,1
upi://pay?pa=support63@refund-upi&pn=KYC%20Support&cu=INR&tn=urgent,support63@refund-upi,0,2.948,0.222,9,0,0.0,1,1
upi://pay?pa=paytrn298@idfcbank&pn=Refund%20Team&cu=INR&tn=verify-now,paytrn298@idfcbank,1,3.17,0.333,9,0,0.0,1,1
upi://pay?pa=merchant.9302@axl&pn=Sharma%20Kirana%20Store&cu=INR,merchant.9302@axl,1,3.7,0.308,13,0,0.0,0,0
upi://pay?pa=paytrn712@upi&pn=KYC%20Support&cu=INR&tn=refund,paytrn712@upi,1,3.17,0.333,9,0,0.0,1,1
upi://pay?pa=support32@refund-upi&pn=Cashback%20Desk&cu=INR&tn=lottery,support32@refund-upi,0,2.948,0.222,9,0,0.0,1,1
upi://pay?pa=8709402800@axl&pn=Om%20Traders&cu=INR,8709402800@axl,1,2.322,1.0,10,0,0.0,0,0
upi://pay?pa=9187693149@ibl&pn=Priya%20Singh&cu=INR,9187693149@ibl,1,2.646,1.0,10,0,0.0,0,0
upi://pay?pa=8261368525@paytm&pn=Refund%20Team&cu=INR&tn=winner,8261368525@paytm,1,2.522,1.0,10,0,0.0,1,1
upi://pay?pa=4368312103@okicici&pn=Prize%20Center&cu=INR&tn=kyc,4368312103@okicici,1,2.646,1.0,10,0,0.0,1,1
upi://pay?pa=merchant.8597@paytm&pn=Om%20Traders&cu=INR,merchant.8597@paytm,1,3.7,0.308,13,0,0.0,0,0
upi://pay?pa=phcnpe327@kotak&pn=KYC%20Support&cu=INR&tn=verify-now,phcnpe327@kotak,1,2.948,0.333,9,0,0.0,1,1
upi://pay?pa=goog1e-pay20@ybl&pn=Cashback%20Desk&cu=INR&am=4.41,goog1e-pay20@ybl,1,3.252,0.25,12,1,4.41,0,1
upi://pay?pa=refund92@xn--upi&pn=Prize%20Center&cu=INR&am=3.03&tn=winner,refund92@xn--upi,0,3.0,0.25,8,1,3.03,1,1
upi://pay?pa=merchant.6394@okaxis&pn=Rahul%20Sharma&cu=INR&am=971.2,merchant.6394@okaxis,1,3.7,0.308,13,1,971.2,0,0
upi://pay?pa=merchant.4050@okicici&pn=Green%20Grocers&cu=INR&am=475.27,merchant.4050@okicici,1,3.547,0.308,13,1,475.27,0,0
upi://pay?pa=4114074178@apl&pn=Prize%20Center&cu=INR&am=4.61&tn=verify-now,4114074178@apl,1,2.171,1.0,10,1,4.61,1,1
upi://pay?pa=6509842017@ibl&pn=Om%20Traders&cu=INR,6509842017@ibl,1,3.122,1.0,10,0,0.0,0,0
upi://pay?pa=merchant.9856@apl&pn=Green%20Grocers&cu=INR&am=4427.06,merchant.9856@apl,1,3.7,0.308,13,1,4427.06,0,0
upi://pay?pa=merchant.8686@idfcbank&pn=City%20Cafe&cu=INR&am=4758.44,merchant.8686@idfcbank,1,3.393,0.308,13,1,4758.44,0,0
upi://pay?pa=1476194276@apl&pn=Cashback%20Desk&cu=INR&tn=verify-now,1476194276@apl,1,2.522,1.0,10,0,0.0,1,1
upi://pay?pa=merchant.1948@kotak&pn=Sharma%20Kirana%20Store&cu=INR,merchant.1948@kotak,1,3.7,0.308,13,0,0.0,0,0
upi://pay?pa=merchant.6687@axl&pn=Priya%20Singh&cu=INR&am=334.63,merchant.6687@axl,1,3.547,0.308,13,1,334.63,0,0
upi://pay?pa=8286644468@paytm&pn=Prize%20Center&cu=INR,8286644468@paytm,1,1.895,1.0,10,0,0.0,0,1
upi://pay?pa=support10@kyc-update&pn=KYC%20Support&cu=INR&tn=suspend,support10@kyc-update,0,2.948,0.222,9,0,0.0,1,1
upi://pay?pa=paytrn465@ybl&pn=KYC%20Support&cu=INR&tn=suspend,paytrn465@ybl,1,3.17,0.333,9,0,0.0,1,1
upi://pay?pa=phcnpe458@hdfcbank&pn=Cashback%20Desk&cu=INR&tn=winner,phcnpe458@hdfcbank,1,2.948,0.333,9,0,0.0,1,1
upi://pay?pa=vendor.shop@ibl&pn=Green%20Grocers&cu=INR,vendor.shop@ibl,1,3.278,0.0,11,0,0.0,0,0
upi://pay?pa=merchant.282@ibl&pn=Green%20Grocers&cu=INR,merchant.282@ibl,1,3.418,0.25,12,0,0.0,0,0
upi://pay?pa=7707109267@kotak&pn=Om%20Traders&cu=INR&am=2455.7,7707109267@kotak,1,2.322,1.0,10,1,2455.7,0,0
upi://pay?pa=vendor.shop@kotak&pn=Rahul%20Sharma&cu=INR&am=3741.42,vendor.shop@kotak,1,3.278,0.0,11,1,3741.42,0,0
upi://pay?pa=vendor.shop@ybl&pn=Green%20Grocers&cu=INR,vendor.shop@ybl,1,3.278,0.0,11,0,0.0,0,0
upi://pay?pa=7734720503@okaxis&pn=Refund%20Team&cu=INR&am=1.38&tn=lottery,7734720503@okaxis,1,2.446,1.0,10,1,1.38,1,1
upi://pay?pa=goog1e-pay160@ybl&pn=Cashback%20Desk&cu=INR&tn=urgent,goog1e-pay160@ybl,1,3.239,0.308,13,0,0.0,1,1
upi://pay?pa=paytrn574@okicici&pn=Refund%20Team&cu=INR,paytrn574@okicici,1,3.17,0.333,9,0,0.0,0,1
upi://pay?pa=priya123@ibl&pn=Priya%20Singh&cu=INR,priya123@ibl,1,3.0,0.375,8,0,0.0,0,0
upi://pay?pa=sunita.devi@apl&pn=Green%20Grocers&cu=INR,sunita.devi@apl,1,3.278,0.0,11,0,0.0,0,0
upi://pay?pa=merchant.4109@okicici&pn=Auto%20Rickshaw%20Stand&cu=INR,merchant.4109@okicici,1,3.7,0.308,13,0,0.0,0,0
upi://pay?pa=6707978579@paytm&pn=Auto%20Rickshaw%20Stand&cu=INR,6707978579@paytm,1,2.322,1.0,10,0,0.0,0,0
upi://pay?pa=vendor.shop@idfcbank&pn=Sharma%20Kirana%20Store&cu=INR&am=915.26,vendor.shop@idfcbank,1,3.278,0.0,11,1,915.26,0,0
upi://pay?pa=8424201005@paytm&pn=Priya%20Singh&cu=INR,8424201005@paytm,1,2.446,1.0,10,0,0.0,0,0
upi://pay?pa=rahul.sharma@upi&pn=Sharma%20Kirana%20Store&cu=INR&am=2865.41,rahul.sharma@upi,1,2.855,0.0,12,1,2865.41,0,0
upi://pay?pa=8687032455@hdfcbank&pn=Auto%20Rickshaw%20Stand&cu=INR,8687032455@hdfcbank,1,2.922,1.0,10,0,0.0,0,0
upi://pay?pa=6155970859@apl&pn=Verify%20Account&cu=INR&tn=verify-now,6155970859@apl,1,2.646,1.0,10,0,0.0,1,1
upi://pay?pa=8055275742@idfcbank&pn=Rahul%20Sharma&cu=INR,8055275742@idfcbank,1,2.446,1.0,10,0,0.0,0,0
upi://pay?pa=1gxskouzxnl@ybl&pn=Prize%20Center&cu=INR&tn=lottery,1gxskouzxnl@ybl,1,3.278,0.091,11,0,0.0,1,1
upi://pay?pa=1079933200@ibl&pn=Prize%20Center&cu=INR&am=2.93&tn=reward,1079933200@ibl,1,2.446,1.0,10,1,2.93,1,1
upi://pay?pa=merchant.8378@axl&pn=Sharma%20Kirana%20Store&cu=INR,merchant.8378@axl,1,3.547,0.308,13,0,0.0,0,0
upi://pay?pa=4407190526@apl&pn=Verify%20Account&cu=INR&am=3.22&tn=winner,4407190526@apl,1,2.922,1.0,10,1,3.22,1,1
upi://pay?pa=9518742907@ybl&pn=Prize%20Center&cu=INR&tn=verify-now,9518742907@ybl,1,2.922,1.0,10,0,0.0,1,1
upi://pay?pa=merchant.7185@paytm&pn=Om%20Traders&cu=INR,merchant.7185@paytm,1,3.7,0.308,13,0,0.0,0,0
upi://pay?pa=6494665880@ybl&pn=Om%20Traders&cu=INR,6494665880@ybl,1,2.446,1.0,10,0,0.0,0,0
upi://pay?pa=merchant.6587@axl&pn=Rahul%20Sharma&cu=INR,merchant.6587@axl,1,3.7,0.308,13,0,0.0,0,0
upi://pay?pa=9441626645@ibl&pn=Refund%20Team&cu=INR&am=1.62&tn=lottery,9441626645@ibl,1,2.371,1.0,10,1,1.62,1,1
upi://pay?pa=6194031677@oksbi&pn=Priya%20Singh&cu=INR&am=106.61,6194031677@oksbi,1,2.722,1.0,10,1,106.61,0,0
upi://pay?pa=vendor.shop@upi&pn=Sharma%20Kirana%20Store&cu=INR,vendor.shop@upi,1,3.278,0.0,11,0,0.0,0,0
upi://pay?pa=goog1e-pay837@idfcbank&pn=Prize%20Center&cu=INR&tn=urgent,goog1e-pay837@idfcbank,1,3.393,0.308,13,0,0.0,1,1
upi://pay?pa=rahul.sharma@ibl&pn=Priya%20Singh&cu=INR&am=3293.37,rahul.sharma@ibl,1,2.855,0.0,12,1,3293.37,0,0
upi://pay?pa=rahul.sharma@upi&pn=City%20Cafe&cu=INR&am=1612.01,rahul.sharma@upi,1,2.855,0.0,12,1,1612.01,0,0
upi://pay?pa=merchant.2580@idfcbank&pn=Om%20Traders&cu=INR,merchant.2580@idfcbank,1,3.7,0.308,13,0,0.0,0,0
upi://pay?pa=7159372487@oksbi&pn=Rahul%20Sharma&cu=INR&am=2606.16,7159372487@oksbi,1,2.846,1.0,10,1,2606.16,0,0
upi://pay?pa=goog1e-pay568@hdfcbank&pn=Prize%20Center&cu=INR&tn=blocked,goog1e-pay568@hdfcbank,1,3.393,0.308,13,0,0.0,1,1
upi://pay?pa=dn3jz3h8v16shqxm@apl&pn=KYC%20Support&cu=INR&tn=urgent,dn3jz3h8v16shqxm@apl,1,3.75,0.312,16,0,0.0,1,1
upi://pay?pa=4436298657@kotak&pn=KYC%20Support&cu=INR&tn=urgent,4436298657@kotak,1,2.922,1.0,10,0,0.0,1,1
upi://pay?pa=sunita.devi@okhdfcbank&pn=Priya%20Singh&cu=INR,sunita.devi@okhdfcbank,1,3.278,0.0,11,0,0.0,0,0
upi://pay?pa=merchant.1282@okaxis&pn=Rahul%20Sharma&cu=INR,merchant.1282@okaxis,1,3.547,0.308,13,0,0.0,0,0
upi://pay?pa=6333885945@hdfcbank&pn=Verify%20Account&cu=INR&tn=winner,6333885945@hdfcbank,1,2.446,1.0,10,0,0.0,1,1
upi://pay?pa=9o1xgjngvs@paytm&pn=KYC%20Support&cu=INR&am=2.01&tn=cashback,9o1xgjngvs@paytm,1,3.122,0.2,10,1,2.01,1,1
upi://pay?pa=phcnpe947@idfcbank&pn=KYC%20Support&cu=INR&tn=kyc,phcnpe947@idfcbank,1,2.948,0.333,9,0,0.0,1,1
upi://pay?pa=goog1e-pay447@oksbi&pn=Verify%20Account&cu=INR&tn=reward,goog1e-pay447@oksbi,1,3.239,0.308,13,0,0.0,1,1
upi://pay?pa=rjjp6e0ccg3@okaxis&pn=KYC%20Support&cu=INR&am=3.91&tn=urgent,rjjp6e0ccg3@okaxis,1,3.096,0.273,11,1,3.91,1,1
upi://pay?pa=support69@refund-upi&pn=Refund%20Team&cu=INR&am=4.07&tn=blocked,support69@refund-upi,0,2.948,0.222,9,1,4.07,1,1
upi://pay?pa=merchant.458@kotak&pn=Om%20Traders&cu=INR,merchant.458@kotak,1,3.585,0.25,12,0,0.0,0,0
upi://pay?pa=7808783215@ybl&pn=Priya%20Singh&cu=INR&am=3760.35,7808783215@ybl,1,2.646,1.0,10,1,3760.35,0,0
upi://pay?pa=888140957@ibl&pn=KYC%20Support&cu=INR&tn=blocked,888140957@ibl,1,2.642,1.0,9,0,0.0,1,1
upi://pay?pa=5084658075@okhdfcbank&pn=Verify%20Account&cu=INR&tn=lottery,5084658075@okhdfcbank,1,2.446,1.0,10,0,0.0,1,1
upi://pay?pa=55l23uum55ugpas@jio&pn=Cashback%20Desk&cu=INR&tn=lottery,55l23uum55ugpas@jio,1,3.057,0.4,15,0,0.0,1,1
upi://pay?pa=refund45@refund-upi&pn=Refund%20Team&cu=INR&tn=kyc,refund45@refund-upi,0,3.0,0.25,8,0,0.0,1,1
upi://pay?pa=2023673030@apl&pn=Verify%20Account&cu=INR&tn=cashback,2023673030@apl,1,2.171,1.0,10,0,0.0,1,1
upi://pay?pa=goog1e-pay742@jio&pn=Verify%20Account&cu=INR&am=3.84,goog1e-pay742@jio,1,3.393,0.308,13,1,3.84,0,1
upi://pay?pa=991735570@idfcbank&pn=Verify%20Account&cu=INR&am=2.07&tn=refund,991735570@idfcbank,1,2.503,1.0,9,1,2.07,1,1
upi://pay?pa=merchant.6723@axl&pn=Om%20Traders&cu=INR,merchant.6723@axl,1,3.7,0.308,13,0,0.0,0,0
upi://pay?pa=zirlyfhjfc@paytm&pn=Refund%20Team&cu=INR&tn=reward,zirlyfhjfc@paytm,1,3.122,0.0,10,0,0.0,1,1
upi://pay?pa=sunita.devi@axl&pn=City%20Cafe&cu=INR&am=2204.63,sunita.devi@axl,1,3.278,0.0,11,1,2204.63,0,0
upi://pay?pa=merchant.3047@idfcbank&pn=Auto%20Rickshaw%20Stand&cu=INR&am=2747.11,merchant.3047@idfcbank,1,3.7,0.308,13,1,2747.11,0,0
upi://pay?pa=njxtxixcdl9t@kotak&pn=KYC%20Support&cu=INR&tn=refund,njxtxixcdl9t@kotak,1,3.022,0.083,12,0,0.0,1,1
upi://pay?pa=d0j2ngelhncond@axl&pn=Refund%20Team&cu=INR&tn=refund,d0j2ngelhncond@axl,1,3.325,0.143,14,0,0.0,1,1
upi://pay?pa=9pun6en1kq1yj94@ybl&pn=KYC%20Support&cu=INR&tn=cashback,9pun6en1kq1yj94@ybl,1,3.507,0.4,15,0,0.0,1,1
upi://pay?pa=hohgn48ipbqmy3@axl&pn=Refund%20Team&cu=INR&tn=reward,hohgn48ipbqmy3@axl,1,3.664,0.214,14,0,0.0,1,1
upi://pay?pa=sunita.devi@apl&pn=City%20Cafe&cu=INR,sunita.devi@apl,1,3.278,0.0,11,0,0.0,0,0
upi://pay?pa=7610251710@axl&pn=City%20Cafe&cu=INR&am=1532.86,7610251710@axl,1,2.446,1.0,10,1,1532.86,0,0
upi://pay?pa=jx6enwhbr1@axl&pn=Verify%20Account&cu=INR&am=4.18&tn=cashback,jx6enwhbr1@axl,1,3.322,0.2,10,1,4.18,1,1
upi://pay?pa=phcnpe296@paytm&pn=Prize%20Center&cu=INR,phcnpe296@paytm,1,2.948,0.333,9,0,0.0,0,1
upi://pay?pa=merchant.5744@apl&pn=City%20Cafe&cu=INR&am=4392.24,merchant.5744@apl,1,3.547,0.308,13,1,4392.24,0,0
upi://pay?pa=6222090515@ibl&pn=Verify%20Account&cu=INR&am=4.23&tn=winner,6222090515@ibl,1,2.446,1.0,10,1,4.23,1,1
upi://pay?pa=merchant.5234@apl&pn=Priya%20Singh&cu=INR&am=4723.02,merchant.5234@apl,1,3.7,0.308,13,1,4723.02,0,0
upi://pay?pa=6190043366@okicici&pn=City%20Cafe&cu=INR,6190043366@okicici,1,2.446,1.0,10,0,0.0,0,0
upi://pay?pa=merchant.9979@jio&pn=Green%20Grocers&cu=INR&am=894.13,merchant.9979@jio,1,3.335,0.308,13,1,894.13,0,0
upi://pay?pa=merchant.2173@apl&pn=Auto%20Rickshaw%20Stand&cu=INR,merchant.2173@apl,1,3.7,0.308,13,0,0.0,0,0
upi://pay?pa=phcnpe436@oksbi&pn=Verify%20Account&cu=INR&am=3.57&tn=urgent,phcnpe436@oksbi,1,2.948,0.333,9,1,3.57,1,1
upi://pay?pa=merchant.8827@okhdfcbank&pn=Rahul%20Sharma&cu=INR,merchant.8827@okhdfcbank,1,3.547,0.308,13,0,0.0,0,0
upi://pay?pa=2nznx9gwhuon3qa@apl&pn=Verify%20Account&cu=INR&tn=urgent,2nznx9gwhuon3qa@apl,1,3.59,0.2,15,0,0.0,1,1
upi://pay?pa=refund51@xn--upi&pn=KYC%20Support&cu=INR&am=3.92&tn=blocked,refund51@xn--upi,0,3.0,0.25,8,1,3.92,1,1
upi://pay?pa=kyc-team35@xn--upi&pn=Verify%20Account&cu=INR&tn=blocked,kyc-team35@xn--upi,0,3.322,0.2,10,0,0.0,1,1
upi://pay?pa=goog1e-pay206@idfcbank&pn=KYC%20Support&cu=INR&tn=verify-now,goog1e-pay206@idfcbank,1,3.393,0.308,13,0,0.0,1,1
upi://pay?pa=phcnpe296@ybl&pn=Prize%20Center&cu=INR&tn=verify-now,phcnpe296@ybl,1,2.948,0.333,9,0,0.0,1,1
upi://pay?pa=amit.kumar@hdfcbank&pn=Priya%20Singh&cu=INR,amit.kumar@hdfcbank,1,2.922,0.0,10,0,0.0,0,0
upi://pay?pa=kyc-team51@secure-pay&pn=KYC%20Support&cu=INR&tn=kyc,kyc-team51@secure-pay,0,3.322,0.2,10,0,0.0,1,1
upi://pay?pa=4762669337@upi&pn=Prize%20Center&cu=INR&am=4.54&tn=suspend,4762669337@upi,1,2.446,1.0,10,1,4.54,1,1
upi://pay?pa=merchant.3641@axl&pn=Auto%20Rickshaw%20Stand&cu=INR,merchant.3641@axl,1,3.7,0.308,13,0,0.0,0,0
upi://pay?pa=merchant.960@okicici&pn=Sharma%20Kirana%20Store&cu=INR&am=2078.24,merchant.960@okicici,1,3.585,0.25,12,1,2078.24,0,0
upi://pay?pa=paytrn102@jio&pn=Refund%20Team&cu=INR&am=4.69,paytrn102@jio,1,3.17,0.333,9,1,4.69,0,1
upi://pay?pa=9996944007@idfcbank&pn=City%20Cafe&cu=INR,9996944007@idfcbank,1,2.122,1.0,10,0,0.0,0,0
upi://pay?pa=8373822279@hdfcbank&pn=Rahul%20Sharma&cu=INR&am=3031.21,8373822279@hdfcbank,1,2.246,1.0,10,1,3031.21,0,0
upi://pay?pa=amit.kumar@hdfcbank&pn=Rahul%20Sharma&cu=INR,amit.kumar@hdfcbank,1,2.922,0.0,10,0,0.0,0,0
upi://pay?pa=aig5k7fhxcby0@apl&pn=Verify%20Account&cu=INR&tn=kyc,aig5k7fhxcby0@apl,1,3.7,0.231,13,0,0.0,1,1
upi://pay?pa=phcnpe279@upi&pn=Prize%20Center&cu=INR&am=1.23&tn=lottery,phcnpe279@upi,1,2.948,0.333,9,1,1.23,1,1
upi://pay?pa=merchant.8209@jio&pn=Om%20Traders&cu=INR,merchant.8209@jio,1,3.7,0.308,13,0,0.0,0,0
upi://pay?pa=cashback48@pay-verify&pn=Refund%20Team&cu=INR,cashback48@pay-verify,0,2.922,0.2,10,0,0.0,0,1
upi://pay?pa=merchant.2349@ybl&pn=Sharma%20Kirana%20Store&cu=INR&am=3086.07,merchant.2349@ybl,1,3.7,0.308,13,1,3086.07,0,0
upi://pay?pa=vendor.shop@oksbi&pn=Green%20Grocers&cu=INR,vendor.shop@oksbi,1,3.278,0.0,11,0,0.0,0,0
upi://pay?pa=refund60@kyc-update&pn=Verify%20Account&cu=INR&am=3.93&tn=blocked,refund60@kyc-update,0,3.0,0.25,8,1,3.93,1,1
upi://pay?pa=9442829039@ibl&pn=Rahul%20Sharma&cu=INR&am=1577.28,9442829039@ibl,1,2.446,1.0,10,1,1577.28,0,0
upi://pay?pa=merchant.8975@okicici&pn=Om%20Traders&cu=INR,merchant.8975@okicici,1,3.7,0.308,13,0,0.0,0,0
upi://pay?pa=goog1e-pay430@ybl&pn=Cashback%20Desk&cu=INR&am=4.04&tn=suspend,goog1e-pay430@ybl,1,3.393,0.308,13,1,4.04,1,1
upi://pay?pa=merchant.1031@apl&pn=Om%20Traders&cu=INR,merchant.1031@apl,1,3.547,0.308,13,0,0.0,0,0
upi://pay?pa=merchant.4062@upi&pn=Green%20Grocers&cu=INR,merchant.4062@upi,1,3.7,0.308,13,0,0.0,0,0
upi://pay?pa=vendor.shop@paytm&pn=Priya%20Singh&cu=INR&am=4242.76,vendor.shop@paytm,1,3.278,0.0,11,1,4242.76,0,0
upi://pay?pa=goog1e-pay947@ybl&pn=Prize%20Center&cu=INR&am=2.55&tn=winner,goog1e-pay947@ybl,1,3.393,0.308,13,1,2.55,1,1
upi://pay?pa=goog1e-pay333@upi&pn=Refund%20Team&cu=INR&am=4.17&tn=reward,goog1e-pay333@upi,1,3.027,0.308,13,1,4.17,1,1
upi://pay?pa=goog1e-pay203@oksbi&pn=Verify%20Account&cu=INR&tn=kyc,goog1e-pay203@oksbi,1,3.393,0.308,13,0,0.0,1,1
upi://pay?pa=8b5yk7e315h9h4yn@kotak&pn=Verify%20Account&cu=INR&am=1.67&tn=suspend,8b5yk7e315h9h4yn@kotak,1,3.625,0.5,16,1,1.67,1,1
upi://pay?pa=3t862vl1tku0@hdfcbank&pn=Prize%20Center&cu=INR&tn=verify-now,3t862vl1tku0@hdfcbank,1,3.418,0.5,12,0,0.0,1,1
upi://pay?pa=paytrn278@ybl&pn=Prize%20Center&cu=INR&tn=winner,paytrn278@ybl,1,3.17,0.333,9,0,0.0,1,1
upi://pay?pa=kyc-team26@kyc-update&pn=Refund%20Team&cu=INR&tn=suspend,kyc-team26@kyc-update,0,3.322,0.2,10,0,0.0,1,1
upi://pay?pa=7476580977@ybl&pn=Refund%20Team&cu=INR&tn=blocked,7476580977@ybl,1,2.522,1.0,10,0,0.0,1,1
upi://pay?pa=merchant.1733@okhdfcbank&pn=Om%20Traders&cu=INR,merchant.1733@okhdfcbank,1,3.547,0.308,13,0,0.0,0,0
upi://pay?pa=5170241920@kotak&pn=Cashback%20Desk&cu=INR&tn=reward,5170241920@kotak,1,2.722,1.0,10,0,0.0,1,1
upi://pay?pa=8069832572@paytm&pn=Prize%20Center&cu=INR&tn=kyc,8069832572@paytm,1,2.922,1.0,10,0,0.0,1,1
upi://pay?pa=7905452099@apl&pn=Sharma%20Kirana%20Store&cu=INR,7905452099@apl,1,2.446,1.0,10,0,0.0,0,0
upi://pay?pa=refund86@kyc-update&pn=Cashback%20Desk&cu=INR&am=4.36&tn=cashback,refund86@kyc-update,0,3.0,0.25,8,1,4.36,1,1
upi://pay?pa=merchant.9252@oksbi&pn=Sharma%20Kirana%20Store&cu=INR,merchant.9252@oksbi,1,3.547,0.308,13,0,0.0,0,0
upi://pay?pa=365178878@upi&pn=KYC%20Support&cu=INR&tn=kyc,365178878@upi,1,2.419,1.0,9,0,0.0,1,1
upi://pay?pa=1820694196@okaxis&pn=KYC%20Support&cu=INR&tn=winner,1820694196@okaxis,1,2.722,1.0,10,0,0.0,1,1
upi://pay?pa=amit.kumar@okaxis&pn=Priya%20Singh&cu=INR&am=1449.64,amit.kumar@okaxis,1,2.922,0.0,10,1,1449.64,0,0
upi://pay?pa=merchant.5047@kotak&pn=Om%20Traders&cu=INR,merchant.5047@kotak,1,3.7,0.308,13,0,0.0,0,0
upi://pay?pa=amit.kumar@idfcbank&pn=City%20Cafe&cu=INR,amit.kumar@idfcbank,1,2.922,0.0,10,0,0.0,0,0
upi://pay?pa=rahul.sharma@axl&pn=Priya%20Singh&cu=INR,rahul.sharma@axl,1,2.855,0.0,12,0,0.0,0,0
upi://pay?pa=paytrn266@idfcbank&pn=Verify%20Account&cu=INR&tn=blocked,paytrn266@idfcbank,1,2.948,0.333,9,0,0.0,1,1
upi://pay?pa=kyc-team69@secure-pay&pn=KYC%20Support&cu=INR&tn=verify-now,kyc-team69@secure-pay,0,3.322,0.2,10,0,0.0,1,1
upi://pay?pa=paytrn337@okhdfcbank&pn=Refund%20Team&cu=INR&am=1.97&tn=cashback,paytrn337@okhdfcbank,1,2.948,0.333,9,1,1.97,1,1
upi://pay?pa=vendor.shop@okhdfcbank&pn=Rahul%20Sharma&cu=INR,vendor.shop@okhdfcbank,1,3.278,0.0,11,0,0.0,0,0
upi://pay?pa=vendor.shop@kotak&pn=City%20Cafe&cu=INR&am=361.68,vendor.shop@kotak,1,3.278,0.0,11,1,361.68,0,0
upi://pay?pa=rahul.sharma@paytm&pn=Priya%20Singh&cu=INR,rahul.sharma@paytm,1,2.855,0.0,12,0,0.0,0,0
upi://pay?pa=rahul.sharma@oksbi&pn=City%20Cafe&cu=INR&am=2623.1,rahul.sharma@oksbi,1,2.855,0.0,12,1,2623.1,0,0
upi://pay?pa=support31@xn--upi&pn=Refund%20Team&cu=INR&am=1.15&tn=blocked,support31@xn--upi,0,2.948,0.222,9,1,1.15,1,1
upi://pay?pa=0e8gmtexzwe0q@oksbi&pn=Cashback%20Desk&cu=INR&am=4.41&tn=kyc,0e8gmtexzwe0q@oksbi,1,3.181,0.231,13,1,4.41,1,1
upi://pay?pa=sunita.devi@okaxis&pn=Om%20Traders&cu=INR,sunita.devi@okaxis,1,3.278,0.0,11,0,0.0,0,0
upi://pay?pa=6674462136@axl&pn=Sharma%20Kirana%20Store&cu=INR,6674462136@axl,1,2.322,1.0,10,0,0.0,0,0
upi://pay?pa=merchant.9785@ibl&pn=Om%20Traders&cu=INR,merchant.9785@ibl,1,3.7,0.308,13,0,0.0,0,0
upi://pay?pa=vr081i1ccmn3@oksbi&pn=Prize%20Center&cu=INR&am=3.43&tn=cashback,vr081i1ccmn3@oksbi,1,3.252,0.417,12,1,3.43,1,1
upi://pay?pa=sunita.devi@oksbi&pn=Auto%20Rickshaw%20Stand&cu=INR,sunita.devi@oksbi,1,3.278,0.0,11,0,0.0,0,0
upi://pay?pa=merchant.8618@upi&pn=Green%20Grocers&cu=INR,merchant.8618@upi,1,3.547,0.308,13,0,0.0,0,0
upi://pay?pa=rahul.sharma@upi&pn=Priya%20Singh&cu=INR&am=2662.53,rahul.sharma@upi,1,2.855,0.0,12,1,2662.53,0,0
upi://pay?pa=5670630411@okhdfcbank&pn=Verify%20Account&cu=INR&tn=verify-now,5670630411@okhdfcbank,1,2.722,1.0,10,0,0.0,1,1
upi://pay?pa=7456360258@kotak&pn=Green%20Grocers&cu=INR,7456360258@kotak,1,2.922,1.0,10,0,0.0,0,0
upi://pay?pa=merchant.6893@okicici&pn=Priya%20Singh&cu=INR,merchant.6893@okicici,1,3.7,0.308,13,0,0.0,0,0
upi://pay?pa=support73@xn--upi&pn=Cashback%20Desk&cu=INR&am=3.94&tn=urgent,support73@xn--upi,0,2.948,0.222,9,1,3.94,1,1
upi://pay?pa=amit.kumar@apl&pn=Priya%20Singh&cu=INR&am=889.0,amit.kumar@apl,1,2.922,0.0,10,1,889.0,0,0
upi://pay?pa=support48@secure-pay&pn=Verify%20Account&cu=INR&tn=refund,support48@secure-pay,0,2.948,0.222,9,0,0.0,1,1
upi://pay?pa=goog1e-pay881@ybl&pn=Cashback%20Desk&cu=INR&tn=blocked,goog1e-pay881@ybl,1,3.085,0.308,13,0,0.0,1,1
upi://pay?pa=merchant.8733@okhdfcbank&pn=Priya%20Singh&cu=INR,merchant.8733@okhdfcbank,1,3.547,0.308,13,0,0.0,0,0
upi://pay?pa=mr5qsfrpk9vo8@axl&pn=Verify%20Account&cu=INR&am=2.33&tn=blocked,mr5qsfrpk9vo8@axl,1,3.547,0.231,13,1,2.33,1,1
upi://pay?pa=bfxpfw8xemltfu57@kotak&pn=Verify%20Account&cu=INR&am=4.46&tn=verify-now,bfxpfw8xemltfu57@kotak,1,3.578,0.188,16,1,4.46,1,1
upi://pay?pa=support20@xn--upi&pn=Verify%20Account&cu=INR&tn=urgent,support20@xn--upi,0,2.948,0.222,9,0,0.0,1,1
upi://pay?pa=355616670@axl&pn=KYC%20Support&cu=INR&am=2.41&tn=cashback,355616670@axl,1,2.419,1.0,9,1,2.41,1,1
upi://pay?pa=phcnpe383@hdfcbank&pn=Refund%20Team&cu=INR&tn=cashback,phcnpe383@hdfcbank,1,2.725,0.333,9,0,0.0,1,1
upi://pay?pa=kyc-team56@secure-pay&pn=Refund%20Team&cu=INR&am=3.57&tn=reward,kyc-team56@secure-pay,0,3.322,0.2,10,1,3.57,1,1
upi://pay?pa=phcnpe222@kotak&pn=Prize%20Center&cu=INR&am=1.08&tn=urgent,phcnpe222@kotak,1,2.419,0.333,9,1,1.08,1,1
upi://pay?pa=6676223835@ybl&pn=Prize%20Center&cu=INR&tn=urgent,6676223835@ybl,1,2.446,1.0,10,0,0.0,1,1
upi://pay?pa=8733389690@okicici&pn=Sharma%20Kirana%20Store&cu=INR,8733389690@okicici,1,2.446,1.0,10,0,0.0,0,0
upi://pay?pa=5566023191@jio&pn=Verify%20Account&cu=INR&tn=lottery,5566023191@jio,1,2.722,1.0,10,0,0.0,1,1
upi://pay?pa=cashback86@refund-upi&pn=Prize%20Center&cu=INR&tn=suspend,cashback86@refund-upi,0,2.922,0.2,10,0,0.0,1,1
upi://pay?pa=priya123@paytm&pn=Rahul%20Sharma&cu=INR,priya123@paytm,1,3.0,0.375,8,0,0.0,0,0
upi://pay?pa=kyc-team47@kyc-update&pn=Prize%20Center&cu=INR&tn=verify-now,kyc-team47@kyc-update,0,3.322,0.2,10,0,0.0,1,1
upi://pay?pa=phcnpe647@okaxis&pn=KYC%20Support&cu=INR&tn=cashback,phcnpe647@okaxis,1,2.948,0.333,9,0,0.0,1,1
upi://pay?pa=7990058467@ybl&pn=Auto%20Rickshaw%20Stand&cu=INR,7990058467@ybl,1,2.722,1.0,10,0,0.0,0,0
upi://pay?pa=164389521@paytm&pn=Verify%20Account&cu=INR&am=3.85&tn=lottery,164389521@paytm,1,2.948,1.0,9,1,3.85,1,1
upi://pay?pa=merchant.4809@jio&pn=Priya%20Singh&cu=INR&am=4954.64,merchant.4809@jio,1,3.7,0.308,13,1,4954.64,0,0
upi://pay?pa=6498733671@paytm&pn=Sharma%20Kirana%20Store&cu=INR&am=1189.3,6498733671@paytm,1,2.722,1.0,10,1,1189.3,0,0
upi://pay?pa=merchant.3502@okhdfcbank&pn=Priya%20Singh&cu=INR&am=4711.62,merchant.3502@okhdfcbank,1,3.7,0.308,13,1,4711.62,0,0
upi://pay?pa=8529705986@hdfcbank&pn=Green%20Grocers&cu=INR,8529705986@hdfcbank,1,2.722,1.0,10,0,0.0,0,0
upi://pay?pa=merchant.3423@jio&pn=Priya%20Singh&cu=INR,merchant.3423@jio,1,3.547,0.308,13,0,0.0,0,0
upi://pay?pa=refund24@kyc-update&pn=Refund%20Team&cu=INR&tn=verify-now,refund24@kyc-update,0,3.0,0.25,8,0,0.0,1,1
upi://pay?pa=cashback4@secure-pay&pn=KYC%20Support&cu=INR&tn=suspend,cashback4@secure-pay,0,2.725,0.111,9,0,0.0,1,1
upi://pay?pa=8375509447@oksbi&pn=Om%20Traders&cu=INR,8375509447@oksbi,1,2.722,1.0,10,0,0.0,0,0
upi://pay?pa=rahul.sharma@oksbi&pn=City%20Cafe&cu=INR,rahul.sharma@oksbi,1,2.855,0.0,12,0,0.0,0,0
upi://pay?pa=refund30@pay-verify&pn=Cashback%20Desk&cu=INR&am=3.33&tn=reward,refund30@pay-verify,0,3.0,0.25,8,1,3.33,1,1
upi://pay?pa=merchant.4636@paytm&pn=Sharma%20Kirana%20Store&cu=INR,merchant.4636@paytm,1,3.547,0.308,13,0,0.0,0,0
upi://pay?pa=priya123@paytm&pn=Sharma%20Kirana%20Store&cu=INR&am=974.31,priya123@paytm,1,3.0,0.375,8,1,974.31,0,0
upi://pay?pa=merchant.8171@jio&pn=Green%20Grocers&cu=INR&am=52.99,merchant.8171@jio,1,3.547,0.308,13,1,52.99,0,0
upi://pay?pa=support90@kyc-update&pn=Cashback%20Desk&cu=INR&am=2.96&tn=refund,support90@kyc-update,0,2.948,0.222,9,1,2.96,1,1
upi://pay?pa=7713394023@oksbi&pn=Rahul%20Sharma&cu=INR,7713394023@oksbi,1,2.646,1.0,10,0,0.0,0,0
upi://pay?pa=z0oc7vuwkxt0a@idfcbank&pn=KYC%20Support&cu=INR,z0oc7vuwkxt0a@idfcbank,1,3.547,0.231,13,0,0.0,0,1
upi://pay?pa=support99@pay-verify&pn=Refund%20Team&cu=INR&am=1.76&tn=blocked,support99@pay-verify,0,2.725,0.222,9,1,1.76,1,1
upi://pay?pa=vendor.shop@hdfcbank&pn=Om%20Traders&cu=INR&am=795.41,vendor.shop@hdfcbank,1,3.278,0.0,11,1,795.41,0,0
upi://pay?pa=yshgpz91kmgqa@upi&pn=Prize%20Center&cu=INR&am=4.38&tn=lottery,yshgpz91kmgqa@upi,1,3.547,0.154,13,1,4.38,1,1
upi://pay?pa=6835794188@kotak&pn=Cashback%20Desk&cu=INR&am=3.94&tn=cashback,6835794188@kotak,1,2.846,1.0,10,1,3.94,1,1
upi://pay?pa=5286779932@kotak&pn=KYC%20Support&cu=INR&tn=kyc,5286779932@kotak,1,2.722,1.0,10,0,0.0,1,1
upi://pay?pa=phcnpe814@upi&pn=KYC%20Support&cu=INR&tn=lottery,phcnpe814@upi,1,2.948,0.333,9,0,0.0,1,1
upi://pay?pa=6xljkfcqjukurk1@oksbi&pn=Verify%20Account&cu=INR&tn=reward,6xljkfcqjukurk1@oksbi,1,3.323,0.133,15,0,0.0,1,1
upi://pay?pa=h944fb69bx32ix@paytm&pn=Prize%20Center&cu=INR,h944fb69bx32ix@paytm,1,3.236,0.5,14,0,0.0,0,1
upi://pay?pa=kyc-team65@refund-upi&pn=Cashback%20Desk&cu=INR,kyc-team65@refund-upi,0,3.322,0.2,10,0,0.0,0,1
upi://pay?pa=9130050371@jio&pn=Cashback%20Desk&cu=INR&tn=reward,9130050371@jio,1,2.446,1.0,10,0,0.0,1,1
upi://pay?pa=goog1e-pay695@ibl&pn=KYC%20Support&cu=INR&tn=lottery,goog1e-pay695@ibl,1,3.393,0.308,13,0,0.0,1,1
upi://pay?pa=9s902a0nw60j@apl&pn=Refund%20Team&cu=INR&tn=urgent,9s902a0nw60j@apl,1,3.022,0.583,12,0,0.0,1,1
upi://pay?pa=a2koyrbzpieoa3a@upi&pn=Cashback%20Desk&cu=INR&tn=winner,a2koyrbzpieoa3a@upi,1,3.457,0.133,15,0,0.0,1,1
upi://pay?pa=goog1e-pay440@apl&pn=Verify%20Account&cu=INR&tn=winner,goog1e-pay440@apl,1,3.239,0.308,13,0,0.0,1,1
upi://pay?pa=merchant.6327@jio&pn=Sharma%20Kirana%20Store&cu=INR,merchant.6327@jio,1,3.7,0.308,13,0,0.0,0,0
upi://pay?pa=7622169099@axl&pn=Cashback%20Desk&cu=INR&tn=blocked,7622169099@axl,1,2.446,1.0,10,0,0.0,1,1
upi://pay?pa=amit.kumar@okaxis&pn=City%20Cafe&cu=INR,amit.kumar@okaxis,1,2.922,0.0,10,0,0.0,0,0
upi://pay?pa=merchant.5967@jio&pn=City%20Cafe&cu=INR,merchant.5967@jio,1,3.7,0.308,13,0,0.0,0,0
upi://pay?pa=cpttcrdevcj@idfcbank&pn=Cashback%20Desk&cu=INR&am=1.25&tn=winner,cpttcrdevcj@idfcbank,1,2.845,0.0,11,1,1.25,1,1
upi://pay?pa=9354034129@oksbi&pn=Priya%20Singh&cu=INR&am=3548.47,9354034129@oksbi,1,2.722,1.0,10,1,3548.47,0,0
upi://pay?pa=merchant.7178@okaxis&pn=Rahul%20Sharma&cu=INR,merchant.7178@okaxis,1,3.547,0.308,13,0,0.0,0,0
upi://pay?pa=lq6pmzdpgah3pew@ybl&pn=Verify%20Account&cu=INR&tn=lottery,lq6pmzdpgah3pew@ybl,1,3.59,0.133,15,0,0.0,1,1
upi://pay?pa=8236353823@ybl&pn=Rahul%20Sharma&cu=INR,8236353823@ybl,1,2.122,1.0,10,0,0.0,0,0
upi://pay?pa=merchant.379@paytm&pn=Priya%20Singh&cu=INR,merchant.379@paytm,1,3.585,0.25,12,0,0.0,0,0
upi://pay?pa=phcnpe634@ybl&pn=Verify%20Account&cu=INR&tn=refund,phcnpe634@ybl,1,2.948,0.333,9,0,0.0,1,1
upi://pay?pa=support88@secure-pay&pn=Prize%20Center&cu=INR&tn=verify-now,support88@secure-pay,0,2.725,0.222,9,0,0.0,1,1
upi://pay?pa=refund1@kyc-update&pn=Cashback%20Desk&cu=INR&tn=reward,refund1@kyc-update,0,2.807,0.143,7,0,0.0,1,1
upi://pay?pa=refund4@kyc-update&pn=Cashback%20Desk&cu=INR&am=3.0&tn=blocked,refund4@kyc-update,0,2.807,0.143,7,1,3.0,1,1
upi://pay?pa=amit.kumar@oksbi&pn=Rahul%20Sharma&cu=INR,amit.kumar@oksbi,1,2.922,0.0,10,0,0.0,0,0
upi://pay?pa=7331361358@ibl&pn=Priya%20Singh&cu=INR&am=345.22,7331361358@ibl,1,2.322,1.0,10,1,345.22,0,0
upi://pay?pa=merchant.8021@idfcbank&pn=Auto%20Rickshaw%20Stand&cu=INR,merchant.8021@idfcbank,1,3.7,0.308,13,0,0.0,0,0
upi://pay?pa=support22@secure-pay&pn=Refund%20Team&cu=INR&tn=suspend,support22@secure-pay,0,2.725,0.222,9,0,0.0,1,1
upi://pay?pa=sunita.devi@ybl&pn=City%20Cafe&cu=INR&am=3849.48,sunita.devi@ybl,1,3.278,0.0,11,1,3849.48,0,0
upi://pay?pa=kyc-team96@kyc-update&pn=Refund%20Team&cu=INR&am=2.81&tn=reward,kyc-team96@kyc-update,0,3.322,0.2,10,1,2.81,1,1
upi://pay?pa=6084386899@okaxis&pn=Rahul%20Sharma&cu=INR&am=3282.41,6084386899@okaxis,1,2.446,1.0,10,1,3282.41,0,0
upi://pay?pa=goog1e-pay96@kotak&pn=Prize%20Center&cu=INR&am=3.23&tn=reward,goog1e-pay96@kotak,1,3.252,0.25,12,1,3.23,1,1
upi://pay?pa=8368737981@okaxis&pn=Cashback%20Desk&cu=INR&tn=winner,8368737981@okaxis,1,2.446,1.0,10,0,0.0,1,1
upi://pay?pa=refund72@xn--upi&pn=Cashback%20Desk&cu=INR&tn=reward,refund72@xn--upi,0,3.0,0.25,8,0,0.0,1,1
upi://pay?pa=amit.kumar@okicici&pn=City%20Cafe&cu=INR,amit.kumar@okicici,1,2.922,0.0,10,0,0.0,0,0
upi://pay?pa=ufvhp7srk58h@oksbi&pn=KYC%20Support&cu=INR&tn=verify-now,ufvhp7srk58h@oksbi,1,3.418,0.25,12,0,0.0,1,1
upi://pay?pa=8883496913@okicici&pn=KYC%20Support&cu=INR&am=1.68&tn=blocked,8883496913@okicici,1,2.446,1.0,10,1,1.68,1,1
upi://pay?pa=support27@secure-pay&pn=Refund%20Team&cu=INR&tn=reward,support27@secure-pay,0,2.948,0.222,9,0,0.0,1,1
upi://pay?pa=paytrn515@oksbi&pn=Verify%20Account&cu=INR&tn=kyc,paytrn515@oksbi,1,2.948,0.333,9,0,0.0,1,1
upi://pay?pa=paytrn479@ybl&pn=Refund%20Team&cu=INR&tn=lottery,paytrn479@ybl,1,3.17,0.333,9,0,0.0,1,1
upi://pay?pa=merchant.2430@apl&pn=Om%20Traders&cu=INR,merchant.2430@apl,1,3.7,0.308,13,0,0.0,0,0
upi://pay?pa=refund76@kyc-update&pn=Cashback%20Desk&cu=INR&tn=kyc,refund76@kyc-update,0,3.0,0.25,8,0,0.0,1,1
upi://pay?pa=v2r2a95c434@oksbi&pn=Verify%20Account&cu=INR&tn=suspend,v2r2a95c434@oksbi,1,3.096,0.636,11,0,0.0,1,1
upi://pay?pa=merchant.1375@jio&pn=Green%20Grocers&cu=INR,merchant.1375@jio,1,3.7,0.308,13,0,0.0,0,0
upi://pay?pa=kyc-team48@secure-pay&pn=Prize%20Center&cu=INR&am=3.7,kyc-team48@secure-pay,0,3.322,0.2,10,1,3.7,0,1
upi://pay?pa=merchant.2536@jio&pn=City%20Cafe&cu=INR,merchant.2536@jio,1,3.7,0.308,13,0,0.0,0,0
upi://pay?pa=7926216462@ibl&pn=Rahul%20Sharma&cu=INR,7926216462@ibl,1,2.371,1.0,10,0,0.0,0,0
upi://pay?pa=4783813479@okhdfcbank&pn=KYC%20Support&cu=INR&tn=refund,4783813479@okhdfcbank,1,2.522,1.0,10,0,0.0,1,1
upi://pay?pa=merchant.4476@idfcbank&pn=City%20Cafe&cu=INR,merchant.4476@idfcbank,1,3.547,0.308,13,0,0.0,0,0
upi://pay?pa=6020053819@axl&pn=Sharma%20Kirana%20Store&cu=INR&am=2678.24,6020053819@axl,1,2.846,1.0,10,1,2678.24,0,0
upi://pay?pa=vendor.shop@okhdfcbank&pn=Auto%20Rickshaw%20Stand&cu=INR&am=4606.77,vendor.shop@okhdfcbank,1,3.278,0.0,11,1,4606.77,0,0
upi://pay?pa=support64@secure-pay&pn=Prize%20Center&cu=INR,support64@secure-pay,0,2.948,0.222,9,0,0.0,0,1
upi://pay?pa=merchant.3864@okaxis&pn=City%20Cafe&cu=INR&am=4508.34,merchant.3864@okaxis,1,3.7,0.308,13,1,4508.34,0,0
upi://pay?pa=merchant.8261@kotak&pn=Green%20Grocers&cu=INR,merchant.8261@kotak,1,3.7,0.308,13,0,0.0,0,0
upi://pay?pa=6679282378@axl&pn=Om%20Traders&cu=INR&am=36.16,6679282378@axl,1,2.522,1.0,10,1,36.16,0,0
upi://pay?pa=merchant.4207@okhdfcbank&pn=Sharma%20Kirana%20Store&cu=INR,merchant.4207@okhdfcbank,1,3.7,0.308,13,0,0.0,0,0
upi://pay?pa=merchant.7855@axl&pn=Sharma%20Kirana%20Store&cu=INR&am=2484.05,merchant.7855@axl,1,3.547,0.308,13,1,2484.05,0,0
upi://pay?pa=merchant.9552@hdfcbank&pn=Sharma%20Kirana%20Store&cu=INR,merchant.9552@hdfcbank,1,3.547,0.308,13,0,0.0,0,0
upi://pay?pa=7342633559@kotak&pn=Refund%20Team&cu=INR&tn=refund,7342633559@kotak,1,2.646,1.0,10,0,0.0,1,1
upi://pay?pa=cashback5@refund-upi&pn=Cashback%20Desk&cu=INR&tn=refund,cashback5@refund-upi,0,2.725,0.111,9,0,0.0,1,1
upi://pay?pa=merchant.878@hdfcbank&pn=Green%20Grocers&cu=INR&am=1853.85,merchant.878@hdfcbank,1,3.418,0.25,12,1,1853.85,0,0
upi://pay?pa=goog1e-pay877@hdfcbank&pn=Cashback%20Desk&cu=INR&tn=blocked,goog1e-pay877@hdfcbank,1,3.239,0.308,13,0,0.0,1,1
upi://pay?pa=merchant.3990@okhdfcbank&pn=Auto%20Rickshaw%20Stand&cu=INR,merchant.3990@okhdfcbank,1,3.547,0.308,13,0,0.0,0,0
upi://pay?pa=lyc920hu7bqra4y@upi&pn=Refund%20Team&cu=INR&tn=lottery,lyc920hu7bqra4y@upi,1,3.774,0.333,15,0,0.0,1,1
upi://pay?pa=577715183@okaxis&pn=KYC%20Support&cu=INR&tn=reward,577715183@okaxis,1,2.197,1.0,9,0,0.0,1,1
upi://pay?pa=priya123@idfcbank&pn=City%20Cafe&cu=INR&am=4041.23,priya123@idfcbank,1,3.0,0.375,8,1,4041.23,0,0
upi://pay?pa=goog1e-pay183@oksbi&pn=Prize%20Center&cu=INR&tn=refund,goog1e-pay183@oksbi,1,3.239,0.308,13,0,0.0,1,1
upi://pay?pa=paytrn995@jio&pn=Refund%20Team&cu=INR&am=4.9&tn=reward,paytrn995@jio,1,2.948,0.333,9,1,4.9,1,1
upi://pay?pa=7547546972@ybl&pn=Green%20Grocers&cu=INR,7547546972@ybl,1,2.446,1.0,10,0,0.0,0,0
upi://pay?pa=cashback24@xn--upi&pn=Refund%20Team&cu=INR&tn=blocked,cashback24@xn--upi,0,2.922,0.2,10,0,0.0,1,1
upi://pay?pa=merchant.2621@paytm&pn=Priya%20Singh&cu=INR,merchant.2621@paytm,1,3.547,0.308,13,0,0.0,0,0
upi://pay?pa=merchant.5947@upi&pn=Sharma%20Kirana%20Store&cu=INR&am=1912.01,merchant.5947@upi,1,3.7,0.308,13,1,1912.01,0,0
upi://pay?pa=goog1e-pay52@oksbi&pn=Verify%20Account&cu=INR&tn=winner,goog1e-pay52@oksbi,1,3.252,0.25,12,0,0.0,1,1
upi://pay?pa=kyc-team93@refund-upi&pn=Verify%20Account&cu=INR,kyc-team93@refund-upi,0,3.322,0.2,10,0,0.0,0,1
upi://pay?pa=8947419154@paytm&pn=Refund%20Team&cu=INR&tn=urgent,8947419154@paytm,1,2.446,1.0,10,0,0.0,1,1
upi://pay?pa=sunita.devi@upi&pn=Sharma%20Kirana%20Store&cu=INR,sunita.devi@upi,1,3.278,0.0,11,0,0.0,0,0
upi://pay?pa=paytrn135@okicici&pn=KYC%20Support&cu=INR&tn=verify-now,paytrn135@okicici,1,3.17,0.333,9,0,0.0,1,1
upi://pay?pa=merchant.4116@apl&pn=City%20Cafe&cu=INR,merchant.4116@apl,1,3.547,0.308,13,0,0.0,0,0
upi://pay?pa=refund66@pay-verify&pn=Prize%20Center&cu=INR,refund66@pay-verify,0,2.75,0.25,8,0,0.0,0,1
upi://pay?pa=paytrn250@okhdfcbank&pn=Prize%20Center&cu=INR&tn=urgent,paytrn250@okhdfcbank,1,3.17,0.333,9,0,0.0,1,1
upi://pay?pa=merchant.7959@ibl&pn=Green%20Grocers&cu=INR,merchant.7959@ibl,1,3.547,0.308,13,0,0.0,0,0
upi://pay?pa=7987261847@paytm&pn=Green%20Grocers&cu=INR,7987261847@paytm,1,2.646,1.0,10,0,0.0,0,0
upi://pay?pa=kyc-team2@kyc-update&pn=KYC%20Support&cu=INR&tn=refund,kyc-team2@kyc-update,0,3.17,0.111,9,0,0.0,1,1
upi://pay?pa=8079842771@axl&pn=Om%20Traders&cu=INR&am=1036.03,8079842771@axl,1,2.646,1.0,10,1,1036.03,0,0
upi://pay?pa=phcnpe469@paytm&pn=Prize%20Center&cu=INR&tn=urgent,phcnpe469@paytm,1,2.948,0.333,9,0,0.0,1,1
upi://pay?pa=8836730724@paytm&pn=Sharma%20Kirana%20Store&cu=INR,8836730724@paytm,1,2.722,1.0,10,0,0.0,0,0
upi://pay?pa=goog1e-pay232@okaxis&pn=KYC%20Support&cu=INR&am=1.5&tn=urgent,goog1e-pay232@okaxis,1,3.239,0.308,13,1,1.5,1,1
upi://pay?pa=phcnpe293@idfcbank&pn=Verify%20Account&cu=INR&am=3.77&tn=cashback,phcnpe293@idfcbank,1,2.948,0.333,9,1,3.77,1,1
upi://pay?pa=paytrn469@kotak&pn=Verify%20Account&cu=INR&am=1.15&tn=blocked,paytrn469@kotak,1,3.17,0.333,9,1,1.15,1,1
upi://pay?pa=kyc-team89@xn--upi&pn=Refund%20Team&cu=INR&tn=urgent,kyc-team89@xn--upi,0,3.322,0.2,10,0,0.0,1,1
upi://pay?pa=5627114157@kotak&pn=Cashback%20Desk&cu=INR&am=3.02,5627114157@kotak,1,2.446,1.0,10,1,3.02,0,1
upi://pay?pa=amit.kumar@apl&pn=City%20Cafe&cu=INR,amit.kumar@apl,1,2.922,0.0,10,0,0.0,0,0
upi://pay?pa=6999219424@oksbi&pn=City%20Cafe&cu=INR,6999219424@oksbi,1,2.122,1.0,10,0,0.0,0,0
upi://pay?pa=7583349418@okaxis&pn=Green%20Grocers&cu=INR,7583349418@okaxis,1,2.722,1.0,10,0,0.0,0,0
upi://pay?pa=refund37@refund-upi&pn=Cashback%20Desk&cu=INR&am=3.44&tn=urgent,refund37@refund-upi,0,3.0,0.25,8,1,3.44,1,1
upi://pay?pa=8360727663@paytm&pn=Cashback%20Desk&cu=INR&am=1.16&tn=winner,8360727663@paytm,1,2.446,1.0,10,1,1.16,1,1
upi://pay?pa=vendor.shop@ibl&pn=Sharma%20Kirana%20Store&cu=INR&am=4113.26,vendor.shop@ibl,1,3.278,0.0,11,1,4113.26,0,0
upi://pay?pa=phcnpe191@okhdfcbank&pn=Verify%20Account&cu=INR&am=1.11&tn=winner,phcnpe191@okhdfcbank,1,2.725,0.333,9,1,1.11,1,1
upi://pay?pa=rahul.sharma@okhdfcbank&pn=Priya%20Singh&cu=INR,rahul.sharma@okhdfcbank,1,2.855,0.0,12,0,0.0,0,0
upi://pay?pa=refund44@secure-pay&pn=Verify%20Account&cu=INR&tn=reward,refund44@secure-pay,0,2.75,0.25,8,0,0.0,1,1
upi://pay?pa=6748179082@okhdfcbank&pn=Refund%20Team&cu=INR&tn=blocked,6748179082@okhdfcbank,1,2.922,1.0,10,0,0.0,1,1
upi://pay?pa=merchant.7705@okicici&pn=Priya%20Singh&cu=INR,merchant.7705@okicici,1,3.547,0.308,13,0,0.0,0,0
upi://pay?pa=paytrn918@ybl&pn=Cashback%20Desk&cu=INR&tn=refund,paytrn918@ybl,1,3.17,0.333,9,0,0.0,1,1
upi://pay?pa=rahul.sharma@upi&pn=Sharma%20Kirana%20Store&cu=INR,rahul.sharma@upi,1,2.855,0.0,12,0,0.0,0,0
upi://pay?pa=vendor.shop@jio&pn=Priya%20Singh&cu=INR,vendor.shop@jio,1,3.278,0.0,11,0,0.0,0,0
upi://pay?pa=5cjb3gex0sut@okaxis&pn=KYC%20Support&cu=INR,5cjb3gex0sut@okaxis,1,3.585,0.25,12,0,0.0,0,1
upi://pay?pa=cashback87@refund-upi&pn=KYC%20Support&cu=INR&tn=refund,cashback87@refund-upi,0,2.922,0.2,10,0,0.0,1,1
upi://pay?pa=9459113221@okicici&pn=Rahul%20Sharma&cu=INR&am=4945.22,9459113221@okicici,1,2.446,1.0,10,1,4945.22,0,0
upi://pay?pa=goog1e-pay19@jio&pn=Prize%20Center&cu=INR&tn=urgent,goog1e-pay19@jio,1,3.085,0.25,12,0,0.0,1,1
upi://pay?pa=paytrn535@jio&pn=Verify%20Account&cu=INR&tn=reward,paytrn535@jio,1,2.948,0.333,9,0,0.0,1,1
upi://pay?pa=7280140768@apl&pn=KYC%20Support&cu=INR&tn=reward,7280140768@apl,1,2.722,1.0,10,0,0.0,1,1
upi://pay?pa=9316718964@okicici&pn=Refund%20Team&cu=INR&tn=winner,9316718964@okicici,1,2.722,1.0,10,0,0.0,1,1
upi://pay?pa=merchant.3893@paytm&pn=Rahul%20Sharma&cu=INR,merchant.3893@paytm,1,3.547,0.308,13,0,0.0,0,0
upi://pay?pa=rpn892k3m50d3m74@okhdfcbank&pn=Verify%20Account&cu=INR&am=2.29&tn=suspend,rpn892k3m50d3m74@okhdfcbank,1,3.75,0.562,16,1,2.29,1,1
upi://pay?pa=9y8y0awrhq@apl&pn=Cashback%20Desk&cu=INR&tn=suspend,9y8y0awrhq@apl,1,3.122,0.3,10,0,0.0,1,1
upi://pay?pa=aft81o7x33ei@oksbi&pn=Prize%20Center&cu=INR&tn=verify-now,aft81o7x33ei@oksbi,1,3.418,0.417,12,0,0.0,1,1
upi://pay?pa=amit.kumar@okaxis&pn=Priya%20Singh&cu=INR,amit.kumar@okaxis,1,2.922,0.0,10,0,0.0,0,0
upi://pay?pa=rahul.sharma@apl&pn=Auto%20Rickshaw%20Stand&cu=INR,rahul.sharma@apl,1,2.855,0.0,12,0,0.0,0,0
upi://pay?pa=merchant.2317@hdfcbank&pn=City%20Cafe&cu=INR,merchant.2317@hdfcbank,1,3.7,0.308,13,0,0.0,0,0
upi://pay?pa=merchant.2836@ybl&pn=Sharma%20Kirana%20Store&cu=INR,merchant.2836@ybl,1,3.7,0.308,13,0,0.0,0,0
upi://pay?pa=merchant.7067@okhdfcbank&pn=City%20Cafe&cu=INR&am=4467.73,merchant.7067@okhdfcbank,1,3.547,0.308,13,1,4467.73,0,0
upi://pay?pa=merchant.1096@okicici&pn=Rahul%20Sharma&cu=INR,merchant.1096@okicici,1,3.7,0.308,13,0,0.0,0,0
upi://pay?pa=phcnpe542@kotak&pn=KYC%20Support&cu=INR&am=2.18&tn=blocked,phcnpe542@kotak,1,2.948,0.333,9,1,2.18,1,1
upi://pay?pa=priya123@jio&pn=Priya%20Singh&cu=INR&am=3443.0,priya123@jio,1,3.0,0.375,8,1,3443.0,0,0
upi://pay?pa=priya123@hdfcbank&pn=Om%20Traders&cu=INR,priya123@hdfcbank,1,3.0,0.375,8,0,0.0,0,0
upi://pay?pa=4088544448@oksbi&pn=Prize%20Center&cu=INR&tn=winner,4088544448@oksbi,1,1.685,1.0,10,0,0.0,1,1
upi://pay?pa=292769421@ibl&pn=KYC%20Support&cu=INR&tn=blocked,292769421@ibl,1,2.419,1.0,9,0,0.0,1,1
upi://pay?pa=5759536119@axl&pn=Prize%20Center&cu=INR&am=4.84&tn=kyc,5759536119@axl,1,2.446,1.0,10,1,4.84,1,1
upi://pay?pa=merchant.615@hdfcbank&pn=Sharma%20Kirana%20Store&cu=INR,merchant.615@hdfcbank,1,3.585,0.25,12,0,0.0,0,0
upi://pay?pa=sunita.devi@paytm&pn=City%20Cafe&cu=INR,sunita.devi@paytm,1,3.278,0.0,11,0,0.0,0,0
upi://pay?pa=6589424206@axl&pn=Om%20Traders&cu=INR&am=1013.3,6589424206@axl,1,2.722,1.0,10,1,1013.3,0,0
upi://pay?pa=vendor.shop@kotak&pn=Priya%20Singh&cu=INR,vendor.shop@kotak,1,3.278,0.0,11,0,0.0,0,0
upi://pay?pa=paytrn408@kotak&pn=Refund%20Team&cu=INR&am=2.93&tn=reward,paytrn408@kotak,1,3.17,0.333,9,1,2.93,1,1
upi://pay?pa=7752584195@jio&pn=Verify%20Account&cu=INR&tn=verify-now,7752584195@jio,1,2.646,1.0,10,0,0.0,1,1
upi://pay?pa=priya123@jio&pn=Auto%20Rickshaw%20Stand&cu=INR,priya123@jio,1,3.0,0.375,8,0,0.0,0,0
upi://pay?pa=phcnpe692@okhdfcbank&pn=Prize%20Center&cu=INR&am=2.04&tn=kyc,phcnpe692@okhdfcbank,1,2.948,0.333,9,1,2.04,1,1
upi://pay?pa=84ve41w4s6fuyc@axl&pn=Refund%20Team&cu=INR&tn=refund,84ve41w4s6fuyc@axl,1,3.468,0.429,14,0,0.0,1,1
upi://pay?pa=9465891974@axl&pn=City%20Cafe&cu=INR,9465891974@axl,1,2.646,1.0,10,0,0.0,0,0
upi://pay?pa=1350345420@jio&pn=Prize%20Center&cu=INR&tn=urgent,1350345420@jio,1,2.522,1.0,10,0,0.0,1,1
upi://pay?pa=merchant.496@idfcbank&pn=Priya%20Singh&cu=INR,merchant.496@idfcbank,1,3.585,0.25,12,0,0.0,0,0
upi://pay?pa=phcnpe357@jio&pn=Prize%20Center&cu=INR&tn=suspend,phcnpe357@jio,1,2.948,0.333,9,0,0.0,1,1
upi://pay?pa=merchant.2142@hdfcbank&pn=Sharma%20Kirana%20Store&cu=INR&am=4846.83,merchant.2142@hdfcbank,1,3.547,0.308,13,1,4846.83,0,0
upi://pay?pa=8711778437@paytm&pn=Auto%20Rickshaw%20Stand&cu=INR&am=3985.72,8711778437@paytm,1,2.122,1.0,10,1,3985.72,0,0
upi://pay?pa=8325591443@apl&pn=Rahul%20Sharma&cu=INR&am=2031.41,8325591443@apl,1,2.722,1.0,10,1,2031.41,0,0
upi://pay?pa=merchant.9350@upi&pn=Green%20Grocers&cu=INR,merchant.9350@upi,1,3.7,0.308,13,0,0.0,0,0
upi://pay?pa=phcnpe744@oksbi&pn=Verify%20Account&cu=INR&tn=cashback,phcnpe744@oksbi,1,2.725,0.333,9,0,0.0,1,1
upi://pay?pa=rh4k4jken2cqx@paytm&pn=Prize%20Center&cu=INR&am=3.11&tn=reward,rh4k4jken2cqx@paytm,1,3.393,0.231,13,1,3.11,1,1
upi://pay?pa=phcnpe925@upi&pn=Cashback%20Desk&cu=INR&am=3.93&tn=urgent,phcnpe925@upi,1,2.948,0.333,9,1,3.93,1,1
upi://pay?pa=rahul.sharma@okicici&pn=Rahul%20Sharma&cu=INR,rahul.sharma@okicici,1,2.855,0.0,12,0,0.0,0,0
upi://pay?pa=3727554354@kotak&pn=Refund%20Team&cu=INR&tn=blocked,3727554354@kotak,1,2.246,1.0,10,0,0.0,1,1
upi://pay?pa=8921322839@oksbi&pn=Green%20Grocers&cu=INR,8921322839@oksbi,1,2.246,1.0,10,0,0.0,0,0
upi://pay?pa=f28nwnl2urqn3bz@axl&pn=Refund%20Team&cu=INR&am=1.89&tn=kyc,f28nwnl2urqn3bz@axl,1,3.457,0.267,15,1,1.89,1,1
upi://pay?pa=goog1e-pay371@okicici&pn=Refund%20Team&cu=INR&am=2.0&tn=verify-now,goog1e-pay371@okicici,1,3.239,0.308,13,1,2.0,1,1
upi://pay?pa=merchant.2324@axl&pn=Sharma%20Kirana%20Store&cu=INR,merchant.2324@axl,1,3.547,0.308,13,0,0.0,0,0
upi://pay?pa=7251996942@apl&pn=Om%20Traders&cu=INR,7251996942@apl,1,2.646,1.0,10,0,0.0,0,0
upi://pay?pa=2330236552@upi&pn=KYC%20Support&cu=INR&tn=lottery,2330236552@upi,1,2.171,1.0,10,0,0.0,1,1
upi://pay?pa=paytrn195@ibl&pn=Cashback%20Desk&cu=INR&tn=kyc,paytrn195@ibl,1,3.17,0.333,9,0,0.0,1,1
upi://pay?pa=8306112431@oksbi&pn=Priya%20Singh&cu=INR&am=274.39,8306112431@oksbi,1,2.646,1.0,10,1,274.39,0,0
upi://pay?pa=merchant.4094@upi&pn=Sharma%20Kirana%20Store&cu=INR,merchant.4094@upi,1,3.547,0.308,13,0,0.0,0,0
upi://pay?pa=merchant.4899@okaxis&pn=Priya%20Singh&cu=INR&am=2004.02,merchant.4899@okaxis,1,3.547,0.308,13,1,2004.02,0,0
upi://pay?pa=bksrpams126i93@oksbi&pn=KYC%20Support&cu=INR&tn=verify-now,bksrpams126i93@oksbi,1,3.664,0.357,14,0,0.0,1,1
upi://pay?pa=amit.kumar@okicici&pn=Sharma%20Kirana%20Store&cu=INR,amit.kumar@okicici,1,2.922,0.0,10,0,0.0,0,0
upi://pay?pa=merchant.7022@ybl&pn=Om%20Traders&cu=INR&am=131.47,merchant.7022@ybl,1,3.547,0.308,13,1,131.47,0,0
upi://pay?pa=kyc-team17@xn--upi&pn=KYC%20Support&cu=INR&tn=refund,kyc-team17@xn--upi,0,3.322,0.2,10,0,0.0,1,1
upi://pay?pa=df5jj002jz2kb6@kotak&pn=Prize%20Center&cu=INR&tn=cashback,df5jj002jz2kb6@kotak,1,3.182,0.429,14,0,0.0,1,1
upi://pay?pa=vendor.shop@axl&pn=City%20Cafe&cu=INR,vendor.shop@axl,1,3.278,0.0,11,0,0.0,0,0
upi://pay?pa=merchant.1380@apl&pn=Priya%20Singh&cu=INR,merchant.1380@apl,1,3.7,0.308,13,0,0.0,0,0
upi://pay?pa=merchant.8437@okhdfcbank&pn=Auto%20Rickshaw%20Stand&cu=INR,merchant.8437@okhdfcbank,1,3.7,0.308,13,0,0.0,0,0
upi://pay?pa=o9aythhddog2ue@kotak&pn=KYC%20Support&cu=INR&tn=verify-now,o9aythhddog2ue@kotak,1,3.379,0.143,14,0,0.0,1,1
upi://pay?pa=8856083314@okaxis&pn=Prize%20Center&cu=INR&tn=verify-now,8856083314@okaxis,1,2.646,1.0,10,0,0.0,1,1
upi://pay?pa=merchant.4748@upi&pn=Om%20Traders&cu=INR,merchant.4748@upi,1,3.547,0.308,13,0,0.0,0,0
upi://pay?pa=6524404817@apl&pn=Om%20Traders&cu=INR,6524404817@apl,1,2.846,1.0,10,0,0.0,0,0
upi://pay?pa=merchant.2956@idfcbank&pn=Om%20Traders&cu=INR,merchant.2956@idfcbank,1,3.7,0.308,13,0,0.0,0,0
upi://pay?pa=9m9w44xzpr6h2u8v@upi&pn=Cashback%20Desk&cu=INR&tn=blocked,9m9w44xzpr6h2u8v@upi,1,3.75,0.438,16,0,0.0,1,1
upi://pay?pa=6009596257@okicici&pn=Rahul%20Sharma&cu=INR,6009596257@okicici,1,2.522,1.0,10,0,0.0,0,0
upi://pay?pa=iegd572i2f8rpjx@idfcbank&pn=KYC%20Support&cu=INR&am=3.47&tn=winner,iegd572i2f8rpjx@idfcbank,1,3.64,0.333,15,1,3.47,1,1
upi://pay?pa=merchant.2215@paytm&pn=City%20Cafe&cu=INR&am=1013.43,merchant.2215@paytm,1,3.547,0.308,13,1,1013.43,0,0
upi://pay?pa=6272026241@okaxis&pn=Auto%20Rickshaw%20Stand&cu=INR,6272026241@okaxis,1,2.322,1.0,10,0,0.0,0,0
upi://pay?pa=amit.kumar@oksbi&pn=Rahul%20Sharma&cu=INR,amit.kumar@oksbi,1,2.922,0.0,10,0,0.0,0,0
upi://pay?pa=rahul.sharma@kotak&pn=Green%20Grocers&cu=INR,rahul.sharma@kotak,1,2.855,0.0,12,0,0.0,0,0
upi://pay?pa=support47@secure-pay&pn=Verify%20Account&cu=INR&am=2.33&tn=urgent,support47@secure-pay,0,2.948,0.222,9,1,2.33,1,1
upi://pay?pa=9291234510@okhdfcbank&pn=Green%20Grocers&cu=INR&am=4901.29,9291234510@okhdfcbank,1,2.722,1.0,10,1,4901.29,0,0
upi://pay?pa=9845639506@idfcbank&pn=Priya%20Singh&cu=INR&am=1647.85,9845639506@idfcbank,1,2.722,1.0,10,1,1647.85,0,0
upi://pay?pa=amit.kumar@oksbi&pn=City%20Cafe&cu=INR,amit.kumar@oksbi,1,2.922,0.0,10,0,0.0,0,0
upi://pay?pa=2242358109@idfcbank&pn=Refund%20Team&cu=INR&tn=verify-now,2242358109@idfcbank,1,2.846,1.0,10,0,0.0,1,1
upi://pay?pa=7346879464@jio&pn=KYC%20Support&cu=INR&am=4.76&tn=winner,7346879464@jio,1,2.446,1.0,10,1,4.76,1,1
upi://pay?pa=vendor.shop@apl&pn=Priya%20Singh&cu=INR,vendor.shop@apl,1,3.278,0.0,11,0,0.0,0,0
upi://pay?pa=paytrn743@okaxis&pn=Prize%20Center&cu=INR&am=4.24,paytrn743@okaxis,1,3.17,0.333,9,1,4.24,0,1
upi://pay?pa=phcnpe170@apl&pn=Prize%20Center&cu=INR&tn=urgent,phcnpe170@apl,1,2.948,0.333,9,0,0.0,1,1
upi://pay?pa=8590741692@upi&pn=Verify%20Account&cu=INR&tn=refund,8590741692@upi,1,3.122,1.0,10,0,0.0,1,1
upi://pay?pa=goog1e-pay219@jio&pn=Prize%20Center&cu=INR&tn=kyc,goog1e-pay219@jio,1,3.239,0.308,13,0,0.0,1,1
upi://pay?pa=goog1e-pay882@hdfcbank&pn=Refund%20Team&cu=INR&tn=verify-now,goog1e-pay882@hdfcbank,1,3.239,0.308,13,0,0.0,1,1
upi://pay?pa=merchant.3662@upi&pn=Om%20Traders&cu=INR&am=3528.79,merchant.3662@upi,1,3.547,0.308,13,1,3528.79,0,0
upi://pay?pa=amit.kumar@okhdfcbank&pn=Om%20Traders&cu=INR,amit.kumar@okhdfcbank,1,2.922,0.0,10,0,0.0,0,0
upi://pay?pa=sunita.devi@okhdfcbank&pn=Green%20Grocers&cu=INR,sunita.devi@okhdfcbank,1,3.278,0.0,11,0,0.0,0,0
upi://pay?pa=9471810472@idfcbank&pn=Green%20Grocers&cu=INR,9471810472@idfcbank,1,2.722,1.0,10,0,0.0,0,0
upi://pay?pa=merchant.6620@okhdfcbank&pn=Green%20Grocers&cu=INR,merchant.6620@okhdfcbank,1,3.547,0.308,13,0,0.0,0,0
upi://pay?pa=sunita.devi@hdfcbank&pn=City%20Cafe&cu=INR&am=1225.28,sunita.devi@hdfcbank,1,3.278,0.0,11,1,1225.28,0,0
upi://pay?pa=4zwqt0yjyj32@kotak&pn=Prize%20Center&cu=INR&tn=suspend,4zwqt0yjyj32@kotak,1,3.252,0.333,12,0,0.0,1,1
upi://pay?pa=merchant.4484@ybl&pn=Rahul%20Sharma&cu=INR,merchant.4484@ybl,1,3.335,0.308,13,0,0.0,0,0
upi://pay?pa=mjluupgnifpvdey@okaxis&pn=Verify%20Account&cu=INR&am=2.49&tn=refund,mjluupgnifpvdey@okaxis,1,3.64,0.0,15,1,2.49,1,1
upi://pay?pa=rahul.sharma@kotak&pn=Priya%20Singh&cu=INR&am=395.55,rahul.sharma@kotak,1,2.855,0.0,12,1,395.55,0,0
upi://pay?pa=amit.kumar@kotak&pn=Green%20Grocers&cu=INR,amit.kumar@kotak,1,2.922,0.0,10,0,0.0,0,0
upi://pay?pa=6690482582@okaxis&pn=KYC%20Support&cu=INR&am=1.28&tn=winner,6690482582@okaxis,1,2.722,1.0,10,1,1.28,1,1
upi://pay?pa=7777315761@okicici&pn=Auto%20Rickshaw%20Stand&cu=INR,7777315761@okicici,1,1.961,1.0,10,0,0.0,0,0
upi://pay?pa=2519480019@upi&pn=Cashback%20Desk&cu=INR&tn=refund,2519480019@upi,1,2.722,1.0,10,0,0.0,1,1
upi://pay?pa=6339273625@okhdfcbank&pn=City%20Cafe&cu=INR&am=403.79,6339273625@okhdfcbank,1,2.446,1.0,10,1,403.79,0,0
upi://pay?pa=2843594000@okicici&pn=Refund%20Team&cu=INR&am=2.76&tn=verify-now,2843594000@okicici,1,2.646,1.0,10,1,2.76,1,1
upi://pay?pa=hdgqnxskyz86iosa@idfcbank&pn=Verify%20Account&cu=INR&tn=blocked,hdgqnxskyz86iosa@idfcbank,1,3.875,0.125,16,0,0.0,1,1
upi://pay?pa=rahul.sharma@ybl&pn=City%20Cafe&cu=INR,rahul.sharma@ybl,1,2.855,0.0,12,0,0.0,0,0
upi://pay?pa=vendor.shop@okhdfcbank&pn=Green%20Grocers&cu=INR,vendor.shop@okhdfcbank,1,3.278,0.0,11,0,0.0,0,0
upi://pay?pa=9675782650@okhdfcbank&pn=KYC%20Support&cu=INR&tn=blocked,9675782650@okhdfcbank,1,2.722,1.0,10,0,0.0,1,1
upi://pay?pa=phcnpe606@kotak&pn=Verify%20Account&cu=INR&tn=kyc,phcnpe606@kotak,1,2.725,0.333,9,0,0.0,1,1
upi://pay?pa=7371450817@ibl&pn=Om%20Traders&cu=INR&am=2130.68,7371450817@ibl,1,2.646,1.0,10,1,2130.68,0,0
upi://pay?pa=6112637846@paytm&pn=Cashback%20Desk&cu=INR&tn=urgent,6112637846@paytm,1,2.646,1.0,10,0,0.0,1,1
upi://pay?pa=8842412897@okicici&pn=Om%20Traders&cu=INR&am=1562.93,8842412897@okicici,1,2.446,1.0,10,1,1562.93,0,0
upi://pay?pa=phcnpe187@oksbi&pn=KYC%20Support&cu=INR&tn=urgent,phcnpe187@oksbi,1,2.948,0.333,9,0,0.0,1,1
upi://pay?pa=sunita.devi@ybl&pn=City%20Cafe&cu=INR,sunita.devi@ybl,1,3.278,0.0,11,0,0.0,0,0
upi://pay?pa=priya123@ibl&pn=City%20Cafe&cu=INR&am=792.85,priya123@ibl,1,3.0,0.375,8,1,792.85,0,0
upi://pay?pa=vendor.shop@kotak&pn=Sharma%20Kirana%20Store&cu=INR,vendor.shop@kotak,1,3.278,0.0,11,0,0.0,0,0
upi://pay?pa=cashback82@secure-pay&pn=Refund%20Team&cu=INR&tn=kyc,cashback82@secure-pay,0,2.922,0.2,10,0,0.0,1,1
upi://pay?pa=refund39@xn--upi&pn=Refund%20Team&cu=INR&tn=cashback,refund39@xn--upi,0,3.0,0.25,8,0,0.0,1,1
upi://pay?pa=vendor.shop@ybl&pn=City%20Cafe&cu=INR&am=631.29,vendor.shop@ybl,1,3.278,0.0,11,1,631.29,0,0
upi://pay?pa=9953233832@oksbi&pn=Sharma%20Kirana%20Store&cu=INR,9953233832@oksbi,1,2.122,1.0,10,0,0.0,0,0
upi://pay?pa=kyc-team42@refund-upi&pn=Verify%20Account&cu=INR,kyc-team42@refund-upi,0,3.322,0.2,10,0,0.0,0,1
upi://pay?pa=priya123@idfcbank&pn=Om%20Traders&cu=INR,priya123@idfcbank,1,3.0,0.375,8,0,0.0,0,0
upi://pay?pa=priya123@kotak&pn=Rahul%20Sharma&cu=INR,priya123@kotak,1,3.0,0.375,8,0,0.0,0,0
upi://pay?pa=pnrrvxjvxgl@kotak&pn=Prize%20Center&cu=INR&tn=lottery,pnrrvxjvxgl@kotak,1,2.914,0.0,11,0,0.0,1,1
upi://pay?pa=merchant.7011@idfcbank&pn=Green%20Grocers&cu=INR&am=2897.82,merchant.7011@idfcbank,1,3.547,0.308,13,1,2897.82,0,0
upi://pay?pa=merchant.3116@okicici&pn=Auto%20Rickshaw%20Stand&cu=INR,merchant.3116@okicici,1,3.547,0.308,13,0,0.0,0,0
upi://pay?pa=rahul.sharma@okaxis&pn=Rahul%20Sharma&cu=INR,rahul.sharma@okaxis,1,2.855,0.0,12,0,0.0,0,0
upi://pay?pa=8301778419@oksbi&pn=Auto%20Rickshaw%20Stand&cu=INR,8301778419@oksbi,1,2.722,1.0,10,0,0.0,0,0
upi://pay?pa=goog1e-pay749@okaxis&pn=Cashback%20Desk&cu=INR&tn=reward,goog1e-pay749@okaxis,1,3.393,0.308,13,0,0.0,1,1
upi://pay?pa=rahul.sharma@axl&pn=Om%20Traders&cu=INR,rahul.sharma@axl,1,2.855,0.0,12,0,0.0,0,0
upi://pay?pa=cashback26@pay-verify&pn=Cashback%20Desk&cu=INR&am=3.26&tn=refund,cashback26@pay-verify,0,2.922,0.2,10,1,3.26,1,1
upi://pay?pa=7734129966@kotak&pn=Prize%20Center&cu=INR&am=1.41&tn=winner,7734129966@kotak,1,2.722,1.0,10,1,1.41,1,1
upi://pay?pa=phcnpe519@ibl&pn=Verify%20Account&cu=INR&tn=reward,phcnpe519@ibl,1,2.948,0.333,9,0,0.0,1,1
upi://pay?pa=6900822844@axl&pn=Auto%20Rickshaw%20Stand&cu=INR&am=3982.35,6900822844@axl,1,2.522,1.0,10,1,3982.35,0,0
upi://pay?pa=merchant.2726@okaxis&pn=Auto%20Rickshaw%20Stand&cu=INR,merchant.2726@okaxis,1,3.547,0.308,13,0,0.0,0,0
upi://pay?pa=ekfqnkmb5oq@ibl&pn=Cashback%20Desk&cu=INR&am=2.9&tn=urgent,ekfqnkmb5oq@ibl,1,3.096,0.091,11,1,2.9,1,1
upi://pay?pa=priya123@okicici&pn=Auto%20Rickshaw%20Stand&cu=INR,priya123@okicici,1,3.0,0.375,8,0,0.0,0,0
upi://pay?pa=6651420194@okicici&pn=Om%20Traders&cu=INR,6651420194@okicici,1,2.722,1.0,10,0,0.0,0,0
upi://pay?pa=vendor.shop@okhdfcbank&pn=City%20Cafe&cu=INR,vendor.shop@okhdfcbank,1,3.278,0.0,11,0,0.0,0,0
upi://pay?pa=8467779677@oksbi&pn=Sharma%20Kirana%20Store&cu=INR&am=3266.23,8467779677@oksbi,1,1.961,1.0,10,1,3266.23,0,0
upi://pay?pa=sunita.devi@jio&pn=Om%20Traders&cu=INR&am=3952.15,sunita.devi@jio,1,3.278,0.0,11,1,3952.15,0,0
upi://pay?pa=9914158014@okaxis&pn=Green%20Grocers&cu=INR,9914158014@okaxis,1,2.446,1.0,10,0,0.0,0,0
upi://pay?pa=9546505759@okicici&pn=Auto%20Rickshaw%20Stand&cu=INR,9546505759@okicici,1,2.322,1.0,10,0,0.0,0,0
upi://pay?pa=4241932225@paytm&pn=KYC%20Support&cu=INR&tn=winner,4241932225@paytm,1,2.322,1.0,10,0,0.0,1,1
upi://pay?pa=paytrn60@okicici&pn=KYC%20Support&cu=INR&am=1.25&tn=cashback,paytrn60@okicici,1,3.0,0.25,8,1,1.25,1,1
upi://pay?pa=5158095032@kotak&pn=Cashback%20Desk&cu=INR&tn=lottery,5158095032@kotak,1,2.646,1.0,10,0,0.0,1,1
upi://pay?pa=z2b0fmkov2y9@kotak&pn=Prize%20Center&cu=INR,z2b0fmkov2y9@kotak,1,3.418,0.333,12,0,0.0,0,1
upi://pay?pa=kyc-team75@kyc-update&pn=Prize%20Center&cu=INR&am=4.86&tn=urgent,kyc-team75@kyc-update,0,3.322,0.2,10,1,4.86,1,1
upi://pay?pa=8360783034@upi&pn=Priya%20Singh&cu=INR,8360783034@upi,1,2.446,1.0,10,0,0.0,0,0
upi://pay?pa=6116699374@okhdfcbank&pn=Rahul%20Sharma&cu=INR,6116699374@okhdfcbank,1,2.446,1.0,10,0,0.0,0,0
upi://pay?pa=phcnpe600@oksbi&pn=KYC%20Support&cu=INR&tn=verify-now,phcnpe600@oksbi,1,2.725,0.333,9,0,0.0,1,1
upi://pay?pa=8201871277@paytm&pn=Om%20Traders&cu=INR,8201871277@paytm,1,2.246,1.0,10,0,0.0,0,0
upi://pay?pa=cashback50@xn--upi&pn=Verify%20Account&cu=INR&tn=kyc,cashback50@xn--upi,0,2.922,0.2,10,0,0.0,1,1
upi://pay?pa=5801788550@hdfcbank&pn=KYC%20Support&cu=INR&am=3.77&tn=urgent,5801788550@hdfcbank,1,2.171,1.0,10,1,3.77,1,1
upi://pay?pa=vendor.shop@jio&pn=Om%20Traders&cu=INR&am=716.53,vendor.shop@jio,1,3.278,0.0,11,1,716.53,0,0
upi://pay?pa=cashback72@secure-pay&pn=Cashback%20Desk&cu=INR,cashback72@secure-pay,0,2.922,0.2,10,0,0.0,0,1
upi://pay?pa=fdmr6soh7q@ibl&pn=KYC%20Support&cu=INR&tn=kyc,fdmr6soh7q@ibl,1,3.322,0.2,10,0,0.0,1,1
upi://pay?pa=paytrn272@axl&pn=Cashback%20Desk&cu=INR&am=3.21&tn=winner,paytrn272@axl,1,2.948,0.333,9,1,3.21,1,1
upi://pay?pa=3717308233@ibl&pn=Verify%20Account&cu=INR&tn=winner,3717308233@ibl,1,2.322,1.0,10,0,0.0,1,1
upi://pay?pa=9751679013@paytm&pn=Rahul%20Sharma&cu=INR,9751679013@paytm,1,2.722,1.0,10,0,0.0,0,0
upi://pay?pa=cashback60@secure-pay&pn=KYC%20Support&cu=INR,cashback60@secure-pay,0,2.922,0.2,10,0,0.0,0,1
upi://pay?pa=nmzso6axuwr@okicici&pn=Cashback%20Desk&cu=INR&tn=verify-now,nmzso6axuwr@okicici,1,3.459,0.091,11,0,0.0,1,1
upi://pay?pa=merchant.7277@okaxis&pn=Om%20Traders&cu=INR&am=1846.04,merchant.7277@okaxis,1,3.335,0.308,13,1,1846.04,0,0
upi://pay?pa=7302474724@okicici&pn=Verify%20Account&cu=INR&am=2.03&tn=verify-now,7302474724@okicici,1,2.171,1.0,10,1,2.03,1,1
upi://pay?pa=kyc-team74@pay-verify&pn=KYC%20Support&cu=INR&am=3.04&tn=cashback,kyc-team74@pay-verify,0,3.322,0.2,10,1,3.04,1,1
upi://pay?pa=support60@secure-pay&pn=Verify%20Account&cu=INR&am=3.38&tn=suspend,support60@secure-pay,0,2.948,0.222,9,1,3.38,1,1
upi://pay?pa=merchant.793@upi&pn=Green%20Grocers&cu=INR,merchant.793@upi,1,3.585,0.25,12,0,0.0,0,0
upi://pay?pa=7978209240@okhdfcbank&pn=Sharma%20Kirana%20Store&cu=INR,7978209240@okhdfcbank,1,2.522,1.0,10,0,0.0,0,0
upi://pay?pa=phcnpe418@jio&pn=Refund%20Team&cu=INR&tn=winner,phcnpe418@jio,1,2.948,0.333,9,0,0.0,1,1
upi://pay?pa=9912890256@oksbi&pn=Auto%20Rickshaw%20Stand&cu=INR&am=4580.72,9912890256@oksbi,1,2.646,1.0,10,1,4580.72,0,0
upi://pay?pa=support56@xn--upi&pn=Verify%20Account&cu=INR&tn=refund,support56@xn--upi,0,2.948,0.222,9,0,0.0,1,1
upi://pay?pa=amit.kumar@upi&pn=Auto%20Rickshaw%20Stand&cu=INR,amit.kumar@upi,1,2.922,0.0,10,0,0.0,0,0
upi://pay?pa=merchant.4107@apl&pn=Om%20Traders&cu=INR,merchant.4107@apl,1,3.7,0.308,13,0,0.0,0,0
upi://pay?pa=phcnpe81@okicici&pn=Cashback%20Desk&cu=INR&tn=cashback,phcnpe81@okicici,1,2.75,0.25,8,0,0.0,1,1
upi://pay?pa=refund10@refund-upi&pn=Cashback%20Desk&cu=INR&tn=refund,refund10@refund-upi,0,3.0,0.25,8,0,0.0,1,1
upi://pay?pa=cashback76@pay-verify&pn=Cashback%20Desk&cu=INR&am=1.59&tn=kyc,cashback76@pay-verify,0,2.922,0.2,10,1,1.59,1,1
upi://pay?pa=8496177821@ybl&pn=Om%20Traders&cu=INR&am=3197.77,8496177821@ybl,1,2.722,1.0,10,1,3197.77,0,0
upi://pay?pa=kyc-team10@kyc-update&pn=Prize%20Center&cu=INR&tn=refund,kyc-team10@kyc-update,0,3.322,0.2,10,0,0.0,1,1
upi://pay?pa=amit.kumar@apl&pn=Om%20Traders&cu=INR,amit.kumar@apl,1,2.922,0.0,10,0,0.0,0,0
upi://pay?pa=goog1e-pay476@okhdfcbank&pn=Refund%20Team&cu=INR&tn=suspend,goog1e-pay476@okhdfcbank,1,3.393,0.308,13,0,0.0,1,1
upi://pay?pa=paytrn896@oksbi&pn=Refund%20Team&cu=INR&tn=cashback,paytrn896@oksbi,1,3.17,0.333,9,0,0.0,1,1
upi://pay?pa=8050177248@okaxis&pn=City%20Cafe&cu=INR,8050177248@okaxis,1,2.722,1.0,10,0,0.0,0,0
upi://pay?pa=phcnpe605@hdfcbank&pn=Prize%20Center&cu=INR,phcnpe605@hdfcbank,1,2.948,0.333,9,0,0.0,0,1
upi://pay?pa=phcnpe746@jio&pn=Refund%20Team&cu=INR&am=1.99&tn=refund,phcnpe746@jio,1,2.948,0.333,9,1,1.99,1,1
upi://pay?pa=4048527159@upi&pn=Verify%20Account&cu=INR&tn=verify-now,4048527159@upi,1,2.922,1.0,10,0,0.0,1,1
upi://pay?pa=6979149244@ibl&pn=Om%20Traders&cu=INR&am=1741.68,6979149244@ibl,1,2.371,1.0,10,1,1741.68,0,0
upi://pay?pa=support70@secure-pay&pn=KYC%20Support&cu=INR&tn=suspend,support70@secure-pay,0,2.948,0.222,9,0,0.0,1,1
upi://pay?pa=support23@kyc-update&pn=Refund%20Team&cu=INR&tn=suspend,support23@kyc-update,0,2.948,0.222,9,0,0.0,1,1
upi://pay?pa=8090232661@okhdfcbank&pn=Rahul%20Sharma&cu=INR&am=2696.15,8090232661@okhdfcbank,1,2.722,1.0,10,1,2696.15,0,0
upi://pay?pa=support33@refund-upi&pn=Cashback%20Desk&cu=INR&tn=reward,support33@refund-upi,0,2.725,0.222,9,0,0.0,1,1
upi://pay?pa=7210482937@okicici&pn=Green%20Grocers&cu=INR,7210482937@okicici,1,2.922,1.0,10,0,0.0,0,0
upi://pay?pa=refund59@refund-upi&pn=Cashback%20Desk&cu=INR&tn=blocked,refund59@refund-upi,0,3.0,0.25,8,0,0.0,1,1
upi://pay?pa=cashback37@kyc-update&pn=KYC%20Support&cu=INR&tn=suspend,cashback37@kyc-update,0,2.922,0.2,10,0,0.0,1,1
upi://pay?pa=7242627930@upi&pn=City%20Cafe&cu=INR,7242627930@upi,1,2.646,1.0,10,0,0.0,0,0
upi://pay?pa=1043560823@okicici&pn=Refund%20Team&cu=INR&am=1.89&tn=kyc,1043560823@okicici,1,2.922,1.0,10,1,1.89,1,1
upi://pay?pa=merchant.4371@apl&pn=Green%20Grocers&cu=INR,merchant.4371@apl,1,3.7,0.308,13,0,0.0,0,0
upi://pay?pa=lvvagy1e6wwi@jio&pn=Refund%20Team&cu=INR&am=1.1&tn=blocked,lvvagy1e6wwi@jio,1,3.252,0.167,12,1,1.1,1,1
upi://pay?pa=amit.kumar@ybl&pn=Rahul%20Sharma&cu=INR&am=3434.6,amit.kumar@ybl,1,2.922,0.0,10,1,3434.6,0,0
upi://pay?pa=6145520719@kotak&pn=Auto%20Rickshaw%20Stand&cu=INR,6145520719@kotak,1,2.922,1.0,10,0,0.0,0,0
upi://pay?pa=120562930@jio&pn=Cashback%20Desk&cu=INR,120562930@jio,1,2.725,1.0,9,0,0.0,0,1
upi://pay?pa=2778622546@idfcbank&pn=Prize%20Center&cu=INR&am=2.46&tn=winner,2778622546@idfcbank,1,2.446,1.0,10,1,2.46,1,1
upi://pay?pa=6310893065@okhdfcbank&pn=Cashback%20Desk&cu=INR&tn=refund,6310893065@okhdfcbank,1,2.722,1.0,10,0,0.0,1,1
upi://pay?pa=690cwbke4hs0l@apl&pn=Cashback%20Desk&cu=INR&tn=cashback,690cwbke4hs0l@apl,1,3.547,0.385,13,0,0.0,1,1
upi://pay?pa=merchant.6319@ybl&pn=City%20Cafe&cu=INR,merchant.6319@ybl,1,3.7,0.308,13,0,0.0,0,0
upi://pay?pa=vendor.shop@apl&pn=Auto%20Rickshaw%20Stand&cu=INR,vendor.shop@apl,1,3.278,0.0,11,0,0.0,0,0
upi://pay?pa=6830987273@ibl&pn=Auto%20Rickshaw%20Stand&cu=INR,6830987273@ibl,1,2.722,1.0,10,0,0.0,0,0
upi://pay?pa=amit.kumar@oksbi&pn=Priya%20Singh&cu=INR,amit.kumar@oksbi,1,2.922,0.0,10,0,0.0,0,0
upi://pay?pa=goog1e-pay336@hdfcbank&pn=Prize%20Center&cu=INR&am=2.19,goog1e-pay336@hdfcbank,1,3.239,0.308,13,1,2.19,0,1
upi://pay?pa=vendor.shop@okaxis&pn=Om%20Traders&cu=INR&am=1700.3,vendor.shop@okaxis,1,3.278,0.0,11,1,1700.3,0,0
upi://pay?pa=9829020002@ybl&pn=Rahul%20Sharma&cu=INR,9829020002@ybl,1,1.846,1.0,10,0,0.0,0,0
upi://pay?pa=inmyxdhz0ey8lqdw@okaxis&pn=KYC%20Support&cu=INR&tn=suspend,inmyxdhz0ey8lqdw@okaxis,1,3.75,0.125,16,0,0.0,1,1
upi://pay?pa=0xdkuugo2n5mu@jio&pn=Verify%20Account&cu=INR&am=1.89&tn=urgent,0xdkuugo2n5mu@jio,1,3.335,0.231,13,1,1.89,1,1
upi://pay?pa=rahul.sharma@ibl&pn=Sharma%20Kirana%20Store&cu=INR,rahul.sharma@ibl,1,2.855,0.0,12,0,0.0,0,0
upi://pay?pa=sunita.devi@upi&pn=Rahul%20Sharma&cu=INR,sunita.devi@upi,1,3.278,0.0,11,0,0.0,0,0
upi://pay?pa=9895849088@hdfcbank&pn=Sharma%20Kirana%20Store&cu=INR,9895849088@hdfcbank,1,2.046,1.0,10,0,0.0,0,0
upi://pay?pa=2813237093@ibl&pn=KYC%20Support&cu=INR,2813237093@ibl,1,2.646,1.0,10,0,0.0,0,1
upi://pay?pa=refund57@secure-pay&pn=KYC%20Support&cu=INR&am=4.73,refund57@secure-pay,0,3.0,0.25,8,1,4.73,0,1
upi://pay?pa=merchant.9221@jio&pn=Sharma%20Kirana%20Store&cu=INR&am=3052.79,merchant.9221@jio,1,3.547,0.308,13,1,3052.79,0,0
upi://pay?pa=kyc-team85@refund-upi&pn=Cashback%20Desk&cu=INR&am=1.25&tn=blocked,kyc-team85@refund-upi,0,3.322,0.2,10,1,1.25,1,1
upi://pay?pa=merchant.7549@ibl&pn=Rahul%20Sharma&cu=INR,merchant.7549@ibl,1,3.7,0.308,13,0,0.0,0,0
upi://pay?pa=6722363389@apl&pn=Priya%20Singh&cu=INR,6722363389@apl,1,2.446,1.0,10,0,0.0,0,0
upi://pay?pa=cashback5@refund-upi&pn=Verify%20Account&cu=INR&tn=blocked,cashback5@refund-upi,0,2.725,0.111,9,0,0.0,1,1
upi://pay?pa=dyw8wr4iji93@hdfcbank&pn=Verify%20Account&cu=INR&tn=verify-now,dyw8wr4iji93@hdfcbank,1,3.252,0.333,12,0,0.0,1,1
upi://pay?pa=ug35i080380cb@paytm&pn=KYC%20Support&cu=INR&am=1.1&tn=reward,ug35i080380cb@paytm,1,3.027,0.615,13,1,1.1,1,1
upi://pay?pa=merchant.8792@okicici&pn=Sharma%20Kirana%20Store&cu=INR&am=3281.11,merchant.8792@okicici,1,3.7,0.308,13,1,3281.11,0,0
upi://pay?pa=8963727447@okaxis&pn=City%20Cafe&cu=INR,8963727447@okaxis,1,2.646,1.0,10,0,0.0,0,0
upi://pay?pa=5361787508@axl&pn=Cashback%20Desk&cu=INR&tn=blocked,5361787508@axl,1,2.722,1.0,10,0,0.0,1,1
upi://pay?pa=5019327190@jio&pn=Prize%20Center&cu=INR&tn=blocked,5019327190@jio,1,2.722,1.0,10,0,0.0,1,1
upi://pay?pa=4473931355@paytm&pn=Prize%20Center&cu=INR&tn=urgent,4473931355@paytm,1,2.446,1.0,10,0,0.0,1,1
upi://pay?pa=priya123@oksbi&pn=Auto%20Rickshaw%20Stand&cu=INR,priya123@oksbi,1,3.0,0.375,8,0,0.0,0,0
upi://pay?pa=yy5l57szoqea@ibl&pn=Refund%20Team&cu=INR&tn=refund,yy5l57szoqea@ibl,1,3.252,0.25,12,0,0.0,1,1
upi://pay?pa=2090882099@okaxis&pn=Verify%20Account&cu=INR&tn=lottery,2090882099@okaxis,1,1.971,1.0,10,0,0.0,1,1
upi://pay?pa=phcnpe203@kotak&pn=Refund%20Team&cu=INR&tn=refund,phcnpe203@kotak,1,2.948,0.333,9,0,0.0,1,1
upi://pay?pa=6046116636@okaxis&pn=Auto%20Rickshaw%20Stand&cu=INR,6046116636@okaxis,1,1.961,1.0,10,0,0.0,0,0
upi://pay?pa=vendor.shop@paytm&pn=Auto%20Rickshaw%20Stand&cu=INR,vendor.shop@paytm,1,3.278,0.0,11,0,0.0,0,0
upi://pay?pa=vendor.shop@okaxis&pn=Auto%20Rickshaw%20Stand&cu=INR&am=3262.63,vendor.shop@okaxis,1,3.278,0.0,11,1,3262.63,0,0
upi://pay?pa=sunita.devi@okicici&pn=Priya%20Singh&cu=INR&am=418.18,sunita.devi@okicici,1,3.278,0.0,11,1,418.18,0,0
upi://pay?pa=rahul.sharma@ibl&pn=City%20Cafe&cu=INR,rahul.sharma@ibl,1,2.855,0.0,12,0,0.0,0,0
upi://pay?pa=cashback99@xn--upi&pn=Refund%20Team&cu=INR&am=3.98&tn=winner,cashback99@xn--upi,0,2.722,0.2,10,1,3.98,1,1
upi://pay?pa=vendor.shop@kotak&pn=Green%20Grocers&cu=INR,vendor.shop@kotak,1,3.278,0.0,11,0,0.0,0,0
upi://pay?pa=vendor.shop@upi&pn=Green%20Grocers&cu=INR&am=529.83,vendor.shop@upi,1,3.278,0.0,11,1,529.83,0,0
upi://pay?pa=yk2lalxrku@axl&pn=KYC%20Support&cu=INR&am=3.06&tn=reward,yk2lalxrku@axl,1,2.922,0.1,10,1,3.06,1,1
upi://pay?pa=merchant.8199@axl&pn=Om%20Traders&cu=INR&am=1235.04,merchant.8199@axl,1,3.547,0.308,13,1,1235.04,0,0
upi://pay?pa=priya123@jio&pn=Auto%20Rickshaw%20Stand&cu=INR,priya123@jio,1,3.0,0.375,8,0,0.0,0,0
upi://pay?pa=lha8oqigmt@paytm&pn=Cashback%20Desk&cu=INR&tn=reward,lha8oqigmt@paytm,1,3.322,0.1,10,0,0.0,1,1
upi://pay?pa=7589365925@okhdfcbank&pn=Auto%20Rickshaw%20Stand&cu=INR&am=3613.55,7589365925@okhdfcbank,1,2.646,1.0,10,1,3613.55,0,0
upi://pay?pa=merchant.1538@paytm&pn=Priya%20Singh&cu=INR,merchant.1538@paytm,1,3.7,0.308,13,0,0.0,0,0
upi://pay?pa=paytrn510@kotak&pn=Prize%20Center&cu=INR&tn=verify-now,paytrn510@kotak,1,3.17,0.333,9,0,0.0,1,1
upi://pay?pa=pzl90k3rf76pk@okicici&pn=Cashback%20Desk&cu=INR&tn=verify-now,pzl90k3rf76pk@okicici,1,3.393,0.385,13,0,0.0,1,1
upi://pay?pa=merchant.3023@axl&pn=Rahul%20Sharma&cu=INR,merchant.3023@axl,1,3.547,0.308,13,0,0.0,0,0
upi://pay?pa=cashback21@pay-verify&pn=Cashback%20Desk&cu=INR&tn=urgent,cashback21@pay-verify,0,2.922,0.2,10,0,0.0,1,1
upi://pay?pa=8509168100@kotak&pn=Prize%20Center&cu=INR,8509168100@kotak,1,2.446,1.0,10,0,0.0,0,1
upi://pay?pa=8917926165@jio&pn=Verify%20Account&cu=INR&am=4.39&tn=lottery,8917926165@jio,1,2.722,1.0,10,1,4.39,1,1
upi://pay?pa=7938266771@upi&pn=Refund%20Team&cu=INR&tn=lottery,7938266771@upi,1,2.646,1.0,10,0,0.0,1,1
upi://pay?pa=kyc-team64@secure-pay&pn=Verify%20Account&cu=INR,kyc-team64@secure-pay,0,3.322,0.2,10,0,0.0,0,1
upi://pay?pa=merchant.1651@okicici&pn=Om%20Traders&cu=INR,merchant.1651@okicici,1,3.547,0.308,13,0,0.0,0,0
upi://pay?pa=7582032973@paytm&pn=Refund%20Team&cu=INR&am=1.51&tn=suspend,7582032973@paytm,1,2.722,1.0,10,1,1.51,1,1
upi://pay?pa=9281402873@paytm&pn=Sharma%20Kirana%20Store&cu=INR,9281402873@paytm,1,2.922,1.0,10,0,0.0,0,0
upi://pay?pa=priya123@okaxis&pn=Om%20Traders&cu=INR,priya123@okaxis,1,3.0,0.375,8,0,0.0,0,0
upi://pay?pa=vendor.shop@ybl&pn=City%20Cafe&cu=INR,vendor.shop@ybl,1,3.278,0.0,11,0,0.0,0,0
upi://pay?pa=6041242314@upi&pn=Green%20Grocers&cu=INR,6041242314@upi,1,2.446,1.0,10,0,0.0,0,0
upi://pay?pa=8uuj2g430lr3oozi@apl&pn=Verify%20Account&cu=INR,8uuj2g430lr3oozi@apl,1,3.625,0.375,16,0,0.0,0,1
upi://pay?pa=gacepl2u5cfp37c@oksbi&pn=Cashback%20Desk&cu=INR&am=1.86&tn=reward,gacepl2u5cfp37c@oksbi,1,3.457,0.267,15,1,1.86,1,1
upi://pay?pa=1700439732@ybl&pn=KYC%20Support&cu=INR&tn=urgent,1700439732@ybl,1,2.722,1.0,10,0,0.0,1,1
upi://pay?pa=phcnpe928@okaxis&pn=KYC%20Support&cu=INR,phcnpe928@okaxis,1,2.948,0.333,9,0,0.0,0,1
upi://pay?pa=phcnpe886@okaxis&pn=Verify%20Account&cu=INR&tn=lottery,phcnpe886@okaxis,1,2.725,0.333,9,0,0.0,1,1
upi://pay?pa=ewabhb7zhezr4e5@okicici&pn=Cashback%20Desk&cu=INR&tn=reward,ewabhb7zhezr4e5@okicici,1,3.19,0.2,15,0,0.0,1,1
upi://pay?pa=goog1e-pay831@apl&pn=Verify%20Account&cu=INR&am=2.73&tn=refund,goog1e-pay831@apl,1,3.239,0.308,13,1,2.73,1,1
upi://pay?pa=8215950189@paytm&pn=Verify%20Account&cu=INR&tn=lottery,8215950189@paytm,1,2.522,1.0,10,0,0.0,1,1
upi://pay?pa=7702129805@axl&pn=Priya%20Singh&cu=INR,7702129805@axl,1,2.722,1.0,10,0,0.0,0,0
upi://pay?pa=9997823785@kotak&pn=Om%20Traders&cu=INR&am=4015.13,9997823785@kotak,1,2.446,1.0,10,1,4015.13,0,0
upi://pay?pa=kyc-team33@kyc-update&pn=Verify%20Account&cu=INR&tn=kyc,kyc-team33@kyc-update,0,3.122,0.2,10,0,0.0,1,1
upi://pay?pa=9715936602@jio&pn=Auto%20Rickshaw%20Stand&cu=INR&am=3931.88,9715936602@jio,1,2.922,1.0,10,1,3931.88,0,0
upi://pay?pa=merchant.8268@ibl&pn=Green%20Grocers&cu=INR,merchant.8268@ibl,1,3.547,0.308,13,0,0.0,0,0
upi://pay?pa=4z1wmjzefz@ibl&pn=Verify%20Account&cu=INR&tn=cashback,4z1wmjzefz@ibl,1,2.846,0.2,10,0,0.0,1,1
upi://pay?pa=6617880122@hdfcbank&pn=Cashback%20Desk&cu=INR&tn=kyc,6617880122@hdfcbank,1,2.522,1.0,10,0,0.0,1,1
upi://pay?pa=kyc-team42@pay-verify&pn=KYC%20Support&cu=INR&tn=kyc,kyc-team42@pay-verify,0,3.322,0.2,10,0,0.0,1,1
upi://pay?pa=8599140414@jio&pn=Auto%20Rickshaw%20Stand&cu=INR&am=1636.32,8599140414@jio,1,2.446,1.0,10,1,1636.32,0,0
upi://pay?pa=4868138991@apl&pn=Verify%20Account&cu=INR&tn=cashback,4868138991@apl,1,2.446,1.0,10,0,0.0,1,1
upi://pay?pa=amit.kumar@hdfcbank&pn=Auto%20Rickshaw%20Stand&cu=INR&am=1226.4,amit.kumar@hdfcbank,1,2.922,0.0,10,1,1226.4,0,0
upi://pay?pa=amit.kumar@oksbi&pn=Rahul%20Sharma&cu=INR,amit.kumar@oksbi,1,2.922,0.0,10,0,0.0,0,0
upi://pay?pa=merchant.5015@jio&pn=Om%20Traders&cu=INR,merchant.5015@jio,1,3.547,0.308,13,0,0.0,0,0
upi://pay?pa=support70@secure-pay&pn=Refund%20Team&cu=INR&am=1.35&tn=urgent,support70@secure-pay,0,2.948,0.222,9,1,1.35,1,1
upi://pay?pa=paytrn913@apl&pn=KYC%20Support&cu=INR&tn=reward,paytrn913@apl,1,3.17,0.333,9,0,0.0,1,1
upi://pay?pa=priya123@okhdfcbank&pn=Sharma%20Kirana%20Store&cu=INR,priya123@okhdfcbank,1,3.0,0.375,8,0,0.0,0,0
upi://pay?pa=phcnpe60@hdfcbank&pn=Prize%20Center&cu=INR&am=2.82&tn=reward,phcnpe60@hdfcbank,1,2.75,0.25,8,1,2.82,1,1
upi://pay?pa=priya123@axl&pn=Auto%20Rickshaw%20Stand&cu=INR&am=4866.15,priya123@axl,1,3.0,0.375,8,1,4866.15,0,0
upi://pay?pa=merchant.8853@upi&pn=Priya%20Singh&cu=INR,merchant.8853@upi,1,3.547,0.308,13,0,0.0,0,0
upi://pay?pa=9351139334@axl&pn=Sharma%20Kirana%20Store&cu=INR,9351139334@axl,1,2.122,1.0,10,0,0.0,0,0
upi://pay?pa=merchant.389@apl&pn=Priya%20Singh&cu=INR,merchant.389@apl,1,3.585,0.25,12,0,0.0,0,0
upi://pay?pa=rahul.sharma@paytm&pn=Priya%20Singh&cu=INR,rahul.sharma@paytm,1,2.855,0.0,12,0,0.0,0,0
upi://pay?pa=7268006448@idfcbank&pn=Sharma%20Kirana%20Store&cu=INR&am=4890.16,7268006448@idfcbank,1,2.522,1.0,10,1,4890.16,0,0
upi://pay?pa=priya123@hdfcbank&pn=Green%20Grocers&cu=INR,priya123@hdfcbank,1,3.0,0.375,8,0,0.0,0,0
upi://pay?pa=rahul.sharma@oksbi&pn=Auto%20Rickshaw%20Stand&cu=INR,rahul.sharma@oksbi,1,2.855,0.0,12,0,0.0,0,0
upi://pay?pa=9801768898@hdfcbank&pn=Cashback%20Desk&cu=INR&tn=blocked,9801768898@hdfcbank,1,2.322,1.0,10,0,0.0,1,1
upi://pay?pa=8663827410@axl&pn=Verify%20Account&cu=INR&tn=suspend,8663827410@axl,1,2.922,1.0,10,0,0.0,1,1
upi://pay?pa=exf32xpmu6nngnjy@ybl&pn=Refund%20Team&cu=INR&tn=verify-now,exf32xpmu6nngnjy@ybl,1,3.578,0.188,16,0,0.0,1,1
upi://pay?pa=zo547gfpqeqqr7@oksbi&pn=Cashback%20Desk&cu=INR&tn=urgent,zo547gfpqeqqr7@oksbi,1,3.325,0.286,14,0,0.0,1,1
upi://pay?pa=merchant.558@okicici&pn=Priya%20Singh&cu=INR,merchant.558@okicici,1,3.418,0.25,12,0,0.0,0,0
upi://pay?pa=9062372901@kotak&pn=KYC%20Support&cu=INR&tn=verify-now,9062372901@kotak,1,2.722,1.0,10,0,0.0,1,1
upi://pay?pa=7300636690@jio&pn=Om%20Traders&cu=INR&am=294.87,7300636690@jio,1,2.171,1.0,10,1,294.87,0,0
upi://pay?pa=8490057858@upi&pn=Auto%20Rickshaw%20Stand&cu=INR&am=2106.95,8490057858@upi,1,2.446,1.0,10,1,2106.95,0,0
upi://pay?pa=merchant.9695@jio&pn=City%20Cafe&cu=INR,merchant.9695@jio,1,3.547,0.308,13,0,0.0,0,0
upi://pay?pa=kyc-team66@pay-verify&pn=Prize%20Center&cu=INR&am=1.84&tn=urgent,kyc-team66@pay-verify,0,3.122,0.2,10,1,1.84,1,1
upi://pay?pa=eeq0cx5j1iip@ibl&pn=Prize%20Center&cu=INR&tn=blocked,eeq0cx5j1iip@ibl,1,3.252,0.25,12,0,0.0,1,1
upi://pay?pa=refund39@pay-verify&pn=Verify%20Account&cu=INR&am=1.02&tn=blocked,refund39@pay-verify,0,3.0,0.25,8,1,1.02,1,1
upi://pay?pa=support86@refund-upi&pn=KYC%20Support&cu=INR&am=2.28&tn=cashback,support86@refund-upi,0,2.948,0.222,9,1,2.28,1,1
upi://pay?pa=goog1e-pay82@idfcbank&pn=Refund%20Team&cu=INR&am=3.93&tn=kyc,goog1e-pay82@idfcbank,1,3.252,0.25,12,1,3.93,1,1
upi://pay?pa=phcnpe726@kotak&pn=Refund%20Team&cu=INR&tn=blocked,phcnpe726@kotak,1,2.948,0.333,9,0,0.0,1,1
upi://pay?pa=paytrn619@hdfcbank&pn=Prize%20Center&cu=INR&tn=winner,paytrn619@hdfcbank,1,3.17,0.333,9,0,0.0,1,1
upi://pay?pa=mhv1f070vk3@kotak&pn=Prize%20Center&cu=INR&tn=verify-now,mhv1f070vk3@kotak,1,3.096,0.455,11,0,0.0,1,1
upi://pay?pa=amit.kumar@axl&pn=City%20Cafe&cu=INR&am=4352.36,amit.kumar@axl,1,2.922,0.0,10,1,4352.36,0,0
upi://pay?pa=1aatn209qvw@okaxis&pn=Verify%20Account&cu=INR&am=3.08&tn=refund,1aatn209qvw@okaxis,1,3.278,0.364,11,1,3.08,1,1
upi://pay?pa=6488185700@hdfcbank&pn=Sharma%20Kirana%20Store&cu=INR,6488185700@hdfcbank,1,2.646,1.0,10,0,0.0,0,0
upi://pay?pa=merchant.6579@jio&pn=Auto%20Rickshaw%20Stand&cu=INR,merchant.6579@jio,1,3.7,0.308,13,0,0.0,0,0
upi://pay?pa=b1sxaqi0p47@oksbi&pn=KYC%20Support&cu=INR&tn=kyc,b1sxaqi0p47@oksbi,1,3.459,0.364,11,0,0.0,1,1
upi://pay?pa=paytrn969@oksbi&pn=Cashback%20Desk&cu=INR,paytrn969@oksbi,1,2.948,0.333,9,0,0.0,0,1
upi://pay?pa=support10@kyc-update&pn=Verify%20Account&cu=INR&tn=kyc,support10@kyc-update,0,2.948,0.222,9,0,0.0,1,1
upi://pay?pa=priya123@upi&pn=City%20Cafe&cu=INR,priya123@upi,1,3.0,0.375,8,0,0.0,0,0
upi://pay?pa=kyc-team30@kyc-update&pn=Prize%20Center&cu=INR&tn=verify-now,kyc-team30@kyc-update,0,3.322,0.2,10,0,0.0,1,1
upi://pay?pa=vendor.shop@idfcbank&pn=Green%20Grocers&cu=INR,vendor.shop@idfcbank,1,3.278,0.0,11,0,0.0,0,0
upi://pay?pa=7382317167@okaxis&pn=Om%20Traders&cu=INR,7382317167@okaxis,1,2.446,1.0,10,0,0.0,0,0
upi://pay?pa=merchant.9485@oksbi&pn=Auto%20Rickshaw%20Stand&cu=INR,merchant.9485@oksbi,1,3.7,0.308,13,0,0.0,0,0
upi://pay?pa=vendor.shop@okicici&pn=Om%20Traders&cu=INR,vendor.shop@okicici,1,3.278,0.0,11,0,0.0,0,0
upi://pay?pa=merchant.7454@upi&pn=Om%20Traders&cu=INR&am=2564.91,merchant.7454@upi,1,3.547,0.308,13,1,2564.91,0,0
upi://pay?pa=7461727680@okicici&pn=Verify%20Account&cu=INR&tn=suspend,7461727680@okicici,1,2.646,1.0,10,0,0.0,1,1
upi://pay?pa=merchant.8557@idfcbank&pn=Priya%20Singh&cu=INR,merchant.8557@idfcbank,1,3.547,0.308,13,0,0.0,0,0
upi://pay?pa=8132042931@oksbi&pn=Rahul%20Sharma&cu=INR&am=3763.6,8132042931@oksbi,1,2.722,1.0,10,1,3763.6,0,0
upi://pay?pa=merchant.660@hdfcbank&pn=Rahul%20Sharma&cu=INR,merchant.660@hdfcbank,1,3.418,0.25,12,0,0.0,0,0
upi://pay?pa=9010260516@oksbi&pn=Refund%20Team&cu=INR&am=3.23&tn=reward,9010260516@oksbi,1,2.446,1.0,10,1,3.23,1,1
upi://pay?pa=8097702609@paytm&pn=KYC%20Support&cu=INR&tn=refund,8097702609@paytm,1,2.446,1.0,10,0,0.0,1,1
upi://pay?pa=merchant.1983@okicici&pn=Priya%20Singh&cu=INR&am=2586.2,merchant.1983@okicici,1,3.7,0.308,13,1,2586.2,0,0
upi://pay?pa=7934350873@kotak&pn=Rahul%20Sharma&cu=INR,7934350873@kotak,1,2.646,1.0,10,0,0.0,0,0
upi://pay?pa=sunita.devi@oksbi&pn=Priya%20Singh&cu=INR,sunita.devi@oksbi,1,3.278,0.0,11,0,0.0,0,0
upi://pay?pa=priya123@ybl&pn=City%20Cafe&cu=INR&am=4091.15,priya123@ybl,1,3.0,0.375,8,1,4091.15,0,0
upi://pay?pa=1061756872@okhdfcbank&pn=Cashback%20Desk&cu=INR&tn=kyc,1061756872@okhdfcbank,1,2.722,1.0,10,0,0.0,1,1
upi://pay?pa=2487926631@okhdfcbank&pn=KYC%20Support&cu=INR&tn=cashback,2487926631@okhdfcbank,1,2.922,1.0,10,0,0.0,1,1
upi://pay?pa=16lks2dvgoni9hil@idfcbank&pn=Cashback%20Desk&cu=INR&tn=blocked,16lks2dvgoni9hil@idfcbank,1,3.75,0.25,16,0,0.0,1,1
upi://pay?pa=merchant.3797@upi&pn=Priya%20Singh&cu=INR,merchant.3797@upi,1,3.547,0.308,13,0,0.0,0,0
upi://pay?pa=vendor.shop@kotak&pn=Green%20Grocers&cu=INR&am=3194.94,vendor.shop@kotak,1,3.278,0.0,11,1,3194.94,0,0
upi://pay?pa=kyc-team36@secure-pay&pn=Refund%20Team&cu=INR&am=2.65&tn=refund,kyc-team36@secure-pay,0,3.322,0.2,10,1,2.65,1,1
upi://pay?pa=1740851907@jio&pn=Refund%20Team&cu=INR&tn=urgent,1740851907@jio,1,2.722,1.0,10,0,0.0,1,1
upi://pay?pa=7035490517@okhdfcbank&pn=KYC%20Support&cu=INR&tn=winner,7035490517@okhdfcbank,1,2.722,1.0,10,0,0.0,1,1
upi://pay?pa=merchant.2248@paytm&pn=Auto%20Rickshaw%20Stand&cu=INR,merchant.2248@paytm,1,3.547,0.308,13,0,0.0,0,0
upi://pay?pa=7779114409@kotak&pn=Refund%20Team&cu=INR&tn=reward,7779114409@kotak,1,2.246,1.0,10,0,0.0,1,1
upi://pay?pa=9237083706@ibl&pn=Auto%20Rickshaw%20Stand&cu=INR&am=2013.71,9237083706@ibl,1,2.722,1.0,10,1,2013.71,0,0
upi://pay?pa=8859938167@okhdfcbank&pn=Cashback%20Desk&cu=INR&tn=reward,8859938167@okhdfcbank,1,2.646,1.0,10,0,0.0,1,1
upi://pay?pa=6775275976@axl&pn=Om%20Traders&cu=INR&am=139.8,6775275976@axl,1,2.122,1.0,10,1,139.8,0,0
upi://pay?pa=rahul.sharma@idfcbank&pn=Priya%20Singh&cu=INR&am=704.38,rahul.sharma@idfcbank,1,2.855,0.0,12,1,704.38,0,0
upi://pay?pa=9229857594@ybl&pn=Priya%20Singh&cu=INR,9229857594@ybl,1,2.446,1.0,10,0,0.0,0,0
upi://pay?pa=8163575681@okhdfcbank&pn=Om%20Traders&cu=INR,8163575681@okhdfcbank,1,2.522,1.0,10,0,0.0,0,0
upi://pay?pa=kyc-team46@secure-pay&pn=Refund%20Team&cu=INR&tn=cashback,kyc-team46@secure-pay,0,3.322,0.2,10,0,0.0,1,1
upi://pay?pa=ixhhkffn16db0ic@kotak&pn=Cashback%20Desk&cu=INR&am=4.48&tn=reward,ixhhkffn16db0ic@kotak,1,3.507,0.2,15,1,4.48,1,1
upi://pay?pa=paytrn370@axl&pn=Verify%20Account&cu=INR&tn=winner,paytrn370@axl,1,3.17,0.333,9,0,0.0,1,1
upi://pay?pa=amit.kumar@okicici&pn=Auto%20Rickshaw%20Stand&cu=INR&am=805.58,amit.kumar@okicici,1,2.922,0.0,10,1,805.58,0,0
upi://pay?pa=support98@secure-pay&pn=Refund%20Team&cu=INR&tn=verify-now,support98@secure-pay,0,2.948,0.222,9,0,0.0,1,1
upi://pay?pa=tshcujlc1l8b7k@idfcbank&pn=Cashback%20Desk&cu=INR&am=2.51&tn=cashback,tshcujlc1l8b7k@idfcbank,1,3.522,0.214,14,1,2.51,1,1
upi://pay?pa=merchant.9880@oksbi&pn=Green%20Grocers&cu=INR,merchant.9880@oksbi,1,3.547,0.308,13,0,0.0,0,0
upi://pay?pa=rahul.sharma@idfcbank&pn=Sharma%20Kirana%20Store&cu=INR,rahul.sharma@idfcbank,1,2.855,0.0,12,0,0.0,0,0
upi://pay?pa=6sv8flocvs9@axl&pn=Refund%20Team&cu=INR&tn=lottery,6sv8flocvs9@axl,1,3.096,0.273,11,0,0.0,1,1
upi://pay?pa=vendor.shop@okicici&pn=Auto%20Rickshaw%20Stand&cu=INR,vendor.shop@okicici,1,3.278,0.0,11,0,0.0,0,0
upi://pay?pa=bz95zn6dtyn4b@axl&pn=Verify%20Account&cu=INR&am=1.51&tn=reward,bz95zn6dtyn4b@axl,1,3.239,0.308,13,1,1.51,1,1
upi://pay?pa=8325587714@axl&pn=City%20Cafe&cu=INR,8325587714@axl,1,2.722,1.0,10,0,0.0,0,0
upi://pay?pa=priya123@hdfcbank&pn=City%20Cafe&cu=INR,priya123@hdfcbank,1,3.0,0.375,8,0,0.0,0,0
upi://pay?pa=vendor.shop@jio&pn=Sharma%20Kirana%20Store&cu=INR,vendor.shop@jio,1,3.278,0.0,11,0,0.0,0,0
upi://pay?pa=paytrn242@paytm&pn=Prize%20Center&cu=INR,paytrn242@paytm,1,2.948,0.333,9,0,0.0,0,1
upi://pay?pa=fnwpnheher@oksbi&pn=Prize%20Center&cu=INR&tn=lottery,fnwpnheher@oksbi,1,2.722,0.0,10,0,0.0,1,1
upi://pay?pa=2259740568@axl&pn=Verify%20Account&cu=INR&am=1.64&tn=winner,2259740568@axl,1,2.922,1.0,10,1,1.64,1,1
upi://pay?pa=8998937576@oksbi&pn=Green%20Grocers&cu=INR&am=2311.15,8998937576@oksbi,1,2.446,1.0,10,1,2311.15,0,0
upi://pay?pa=3681378164@jio&pn=Refund%20Team&cu=INR&am=1.76&tn=kyc,3681378164@jio,1,2.522,1.0,10,1,1.76,1,1
upi://pay?pa=merchant.9367@hdfcbank&pn=Om%20Traders&cu=INR&am=3041.01,merchant.9367@hdfcbank,1,3.7,0.308,13,1,3041.01,0,0
upi://pay?pa=6746109986@idfcbank&pn=Om%20Traders&cu=INR&am=4522.77,6746109986@idfcbank,1,2.646,1.0,10,1,4522.77,0,0
upi://pay?pa=xp6s26ibhrbp@ybl&pn=KYC%20Support&cu=INR&tn=cashback,xp6s26ibhrbp@ybl,1,3.085,0.25,12,0,0.0,1,1
upi://pay?pa=priya123@apl&pn=Auto%20Rickshaw%20Stand&cu=INR,priya123@apl,1,3.0,0.375,8,0,0.0,0,0
upi://pay?pa=9435050715@oksbi&pn=Auto%20Rickshaw%20Stand&cu=INR,9435050715@oksbi,1,2.646,1.0,10,0,0.0,0,0
upi://pay?pa=3085475751@okhdfcbank&pn=Refund%20Team&cu=INR&tn=reward,3085475751@okhdfcbank,1,2.646,1.0,10,0,0.0,1,1
upi://pay?pa=qs7jp1ilri@axl&pn=Verify%20Account&cu=INR&am=1.93,qs7jp1ilri@axl,1,3.122,0.2,10,1,1.93,0,1
upi://pay?pa=rhdvuspqya@apl&pn=Cashback%20Desk&cu=INR&tn=urgent,rhdvuspqya@apl,1,3.322,0.0,10,0,0.0,1,1
upi://pay?pa=942916569@axl&pn=Refund%20Team&cu=INR&am=2.02&tn=kyc,942916569@axl,1,2.419,1.0,9,1,2.02,1,1
upi://pay?pa=merchant.9901@kotak&pn=Rahul%20Sharma&cu=INR,merchant.9901@kotak,1,3.547,0.308,13,0,0.0,0,0
upi://pay?pa=phcnpe530@idfcbank&pn=Refund%20Team&cu=INR&am=3.21,phcnpe530@idfcbank,1,2.948,0.333,9,1,3.21,0,1
upi://pay?pa=sunita.devi@apl&pn=Om%20Traders&cu=INR,sunita.devi@apl,1,3.278,0.0,11,0,0.0,0,0
upi://pay?pa=paytrn504@upi&pn=Refund%20Team&cu=INR&tn=verify-now,paytrn504@upi,1,3.17,0.333,9,0,0.0,1,1
upi://pay?pa=9249624765@oksbi&pn=City%20Cafe&cu=INR,9249624765@oksbi,1,2.522,1.0,10,0,0.0,0,0
upi://pay?pa=amit.kumar@okaxis&pn=Priya%20Singh&cu=INR,amit.kumar@okaxis,1,2.922,0.0,10,0,0.0,0,0
upi://pay?pa=sunita.devi@ibl&pn=Priya%20Singh&cu=INR,sunita.devi@ibl,1,3.278,0.0,11,0,0.0,0,0
upi://pay?pa=9281411135@oksbi&pn=Refund%20Team&cu=INR&am=2.5&tn=kyc,9281411135@oksbi,1,2.522,1.0,10,1,2.5,1,1
upi://pay?pa=amit.kumar@axl&pn=Green%20Grocers&cu=INR,amit.kumar@axl,1,2.922,0.0,10,0,0.0,0,0
upi://pay?pa=w63tfms12w@okaxis&pn=Verify%20Account&cu=INR&tn=refund,w63tfms12w@okaxis,1,3.122,0.4,10,0,0.0,1,1
upi://pay?pa=7834405080@okaxis&pn=Rahul%20Sharma&cu=INR,7834405080@okaxis,1,2.446,1.0,10,0,0.0,0,0
upi://pay?pa=7408434291@apl&pn=Sharma%20Kirana%20Store&cu=INR,7408434291@apl,1,2.846,1.0,10,0,0.0,0,0
upi://pay?pa=paytrn861@ybl&pn=Cashback%20Desk&cu=INR&am=4.96&tn=lottery,paytrn861@ybl,1,3.17,0.333,9,1,4.96,1,1
upi://pay?pa=merchant.1563@ibl&pn=City%20Cafe&cu=INR&am=1789.31,merchant.1563@ibl,1,3.7,0.308,13,1,1789.31,0,0
upi://pay?pa=rahul.sharma@idfcbank&pn=City%20Cafe&cu=INR,rahul.sharma@idfcbank,1,2.855,0.0,12,0,0.0,0,0
upi://pay?pa=9699466215@kotak&pn=Priya%20Singh&cu=INR,9699466215@kotak,1,2.371,1.0,10,0,0.0,0,0
upi://pay?pa=goog1e-pay222@okaxis&pn=Cashback%20Desk&cu=INR&am=3.57&tn=reward,goog1e-pay222@okaxis,1,3.027,0.308,13,1,3.57,1,1
upi://pay?pa=9590907564@upi&pn=Priya%20Singh&cu=INR,9590907564@upi,1,2.446,1.0,10,0,0.0,0,0
upi://pay?pa=merchant.8954@upi&pn=Rahul%20Sharma&cu=INR&am=4818.26,merchant.8954@upi,1,3.7,0.308,13,1,4818.26,0,0
upi://pay?pa=d4eoxiri47c9@upi&pn=Cashback%20Desk&cu=INR&am=1.68&tn=winner,d4eoxiri47c9@upi,1,3.252,0.333,12,1,1.68,1,1
upi://pay?pa=sunita.devi@axl&pn=Green%20Grocers&cu=INR,sunita.devi@axl,1,3.278,0.0,11,0,0.0,0,0
upi://pay?pa=9292127183@kotak&pn=Auto%20Rickshaw%20Stand&cu=INR,9292127183@kotak,1,2.446,1.0,10,0,0.0,0,0
upi://pay?pa=merchant.9135@paytm&pn=City%20Cafe&cu=INR,merchant.9135@paytm,1,3.7,0.308,13,0,0.0,0,0
upi://pay?pa=merchant.3187@okicici&pn=Priya%20Singh&cu=INR&am=4487.34,merchant.3187@okicici,1,3.7,0.308,13,1,4487.34,0,0
upi://pay?pa=amit.kumar@idfcbank&pn=Priya%20Singh&cu=INR&am=1489.22,amit.kumar@idfcbank,1,2.922,0.0,10,1,1489.22,0,0
upi://pay?pa=sunita.devi@upi&pn=Rahul%20Sharma&cu=INR,sunita.devi@upi,1,3.278,0.0,11,0,0.0,0,0
upi://pay?pa=95ohs7auigjd3@jio&pn=KYC%20Support&cu=INR&am=4.43&tn=refund,95ohs7auigjd3@jio,1,3.7,0.308,13,1,4.43,1,1
upi://pay?pa=7395951607@okaxis&pn=Green%20Grocers&cu=INR&am=1264.7,7395951607@okaxis,1,2.722,1.0,10,1,1264.7,0,0
upi://pay?pa=6441280475@upi&pn=Sharma%20Kirana%20Store&cu=INR,6441280475@upi,1,2.846,1.0,10,0,0.0,0,0
upi://pay?pa=o2poz4xv87ugt4@upi&pn=Verify%20Account&cu=INR&tn=winner,o2poz4xv87ugt4@upi,1,3.522,0.357,14,0,0.0,1,1
upi://pay?pa=3989595006@okaxis&pn=Cashback%20Desk&cu=INR&am=3.45&tn=cashback,3989595006@okaxis,1,2.446,1.0,10,1,3.45,1,1
upi://pay?pa=merchant.1681@paytm&pn=Rahul%20Sharma&cu=INR&am=4283.95,merchant.1681@paytm,1,3.547,0.308,13,1,4283.95,0,0
upi://pay?pa=2is069x8plwq1q@upi&pn=Prize%20Center&cu=INR&tn=lottery,2is069x8plwq1q@upi,1,3.664,0.429,14,0,0.0,1,1
upi://pay?pa=o4rk5gorloqv@oksbi&pn=Prize%20Center&cu=INR&am=2.01&tn=kyc,o4rk5gorloqv@oksbi,1,3.022,0.167,12,1,2.01,1,1
upi://pay?pa=priya123@okhdfcbank&pn=Auto%20Rickshaw%20Stand&cu=INR&am=2510.0,priya123@okhdfcbank,1,3.0,0.375,8,1,2510.0,0,0
upi://pay?pa=uddva3pqpyh5h2o5@ibl&pn=KYC%20Support&cu=INR&tn=urgent,uddva3pqpyh5h2o5@ibl,1,3.5,0.25,16,0,0.0,1,1
upi://pay?pa=3528894700@okicici&pn=Prize%20Center&cu=INR&am=3.32&tn=suspend,3528894700@okicici,1,2.922,1.0,10,1,3.32,1,1
upi://pay?pa=support50@kyc-update&pn=KYC%20Support&cu=INR&tn=cashback,support50@kyc-update,0,2.948,0.222,9,0,0.0,1,1
upi://pay?pa=merchant.5586@okicici&pn=Priya%20Singh&cu=INR,merchant.5586@okicici,1,3.547,0.308,13,0,0.0,0,0
upi://pay?pa=xk15ux5w3s@jio&pn=KYC%20Support&cu=INR&tn=suspend,xk15ux5w3s@jio,1,2.922,0.4,10,0,0.0,1,1
upi://pay?pa=8553614335@paytm&pn=Prize%20Center&cu=INR&tn=urgent,8553614335@paytm,1,2.371,1.0,10,0,0.0,1,1
upi://pay?pa=priya123@idfcbank&pn=Auto%20Rickshaw%20Stand&cu=INR&am=2763.18,priya123@idfcbank,1,3.0,0.375,8,1,2763.18,0,0
upi://pay?pa=8555406287@paytm&pn=Verify%20Account&cu=INR&tn=winner,8555406287@paytm,1,2.646,1.0,10,0,0.0,1,1
upi://pay?pa=merchant.7615@ibl&pn=Rahul%20Sharma&cu=INR,merchant.7615@ibl,1,3.7,0.308,13,0,0.0,0,0
upi://pay?pa=phcnpe468@okicici&pn=KYC%20Support&cu=INR&tn=suspend,phcnpe468@okicici,1,2.948,0.333,9,0,0.0,1,1
upi://pay?pa=merchant.340@paytm&pn=Sharma%20Kirana%20Store&cu=INR,merchant.340@paytm,1,3.585,0.25,12,0,0.0,0,0
upi://pay?pa=u3om8lhpwf5xk@kotak&pn=Verify%20Account&cu=INR&tn=reward,u3om8lhpwf5xk@kotak,1,3.7,0.231,13,0,0.0,1,1
upi://pay?pa=merchant.4214@paytm&pn=Priya%20Singh&cu=INR&am=272.98,merchant.4214@paytm,1,3.547,0.308,13,1,272.98,0,0
upi://pay?pa=kyc-team39@secure-pay&pn=Refund%20Team&cu=INR&am=1.35&tn=refund,kyc-team39@secure-pay,0,3.322,0.2,10,1,1.35,1,1
upi://pay?pa=cashback11@secure-pay&pn=Prize%20Center&cu=INR&tn=urgent,cashback11@secure-pay,0,2.722,0.2,10,0,0.0,1,1
upi://pay?pa=6733258760@oksbi&pn=Rahul%20Sharma&cu=INR,6733258760@oksbi,1,2.722,1.0,10,0,0.0,0,0
upi://pay?pa=goog1e-pay543@jio&pn=Prize%20Center&cu=INR,goog1e-pay543@jio,1,3.393,0.308,13,0,0.0,0,1
upi://pay?pa=9698585895@paytm&pn=Refund%20Team&cu=INR&am=1.98&tn=verify-now,9698585895@paytm,1,1.895,1.0,10,1,1.98,1,1
upi://pay?pa=sunita.devi@okhdfcbank&pn=Sharma%20Kirana%20Store&cu=INR&am=502.42,sunita.devi@okhdfcbank,1,3.278,0.0,11,1,502.42,0,0
upi://pay?pa=2215682391@ibl&pn=KYC%20Support&cu=INR&tn=suspend,2215682391@ibl,1,2.646,1.0,10,0,0.0,1,1
upi://pay?pa=paytrn44@idfcbank&pn=Refund%20Team&cu=INR&tn=verify-now,paytrn44@idfcbank,1,2.75,0.25,8,0,0.0,1,1
upi://pay?pa=tlvvba0ypnc@hdfcbank&pn=Prize%20Center&cu=INR&tn=urgent,tlvvba0ypnc@hdfcbank,1,3.278,0.091,11,0,0.0,1,1
upi://pay?pa=vendor.shop@hdfcbank&pn=Om%20Traders&cu=INR,vendor.shop@hdfcbank,1,3.278,0.0,11,0,0.0,0,0
upi://pay?pa=refund95@pay-verify&pn=Verify%20Account&cu=INR&tn=kyc,refund95@pay-verify,0,3.0,0.25,8,0,0.0,1,1
upi://pay?pa=sunita.devi@okaxis&pn=Priya%20Singh&cu=INR,sunita.devi@okaxis,1,3.278,0.0,11,0,0.0,0,0
upi://pay?pa=merchant.7166@okaxis&pn=Rahul%20Sharma&cu=INR,merchant.7166@okaxis,1,3.547,0.308,13,0,0.0,0,0
upi://pay?pa=3235253435@oksbi&pn=Cashback%20Desk&cu=INR&am=1.71&tn=winner,3235253435@oksbi,1,1.846,1.0,10,1,1.71,1,1
upi://pay?pa=sunita.devi@okhdfcbank&pn=Priya%20Singh&cu=INR&am=3991.47,sunita.devi@okhdfcbank,1,3.278,0.0,11,1,3991.47,0,0
upi://pay?pa=6515080041@axl&pn=Cashback%20Desk&cu=INR&am=4.83,6515080041@axl,1,2.446,1.0,10,1,4.83,0,1
upi://pay?pa=support55@secure-pay&pn=Refund%20Team&cu=INR&tn=winner,support55@secure-pay,0,2.725,0.222,9,0,0.0,1,1
upi://pay?pa=merchant.9145@jio&pn=Rahul%20Sharma&cu=INR&am=2946.6,merchant.9145@jio,1,3.7,0.308,13,1,2946.6,0,0
upi://pay?pa=priya123@ibl&pn=Om%20Traders&cu=INR&am=4542.97,priya123@ibl,1,3.0,0.375,8,1,4542.97,0,0
upi://pay?pa=merchant.1975@axl&pn=City%20Cafe&cu=INR,merchant.1975@axl,1,3.7,0.308,13,0,0.0,0,0
upi://pay?pa=paytrn244@jio&pn=Refund%20Team&cu=INR&am=2.09&tn=cashback,paytrn244@jio,1,2.948,0.333,9,1,2.09,1,1
upi://pay?pa=support43@pay-verify&pn=Verify%20Account&cu=INR&tn=kyc,support43@pay-verify,0,2.948,0.222,9,0,0.0,1,1
upi://pay?pa=merchant.4250@oksbi&pn=Om%20Traders&cu=INR,merchant.4250@oksbi,1,3.7,0.308,13,0,0.0,0,0
upi://pay?pa=6215960003@oksbi&pn=Refund%20Team&cu=INR&am=3.9&tn=verify-now,6215960003@oksbi,1,2.646,1.0,10,1,3.9,1,1
upi://pay?pa=6379743832@ibl&pn=Green%20Grocers&cu=INR,6379743832@ibl,1,2.646,1.0,10,0,0.0,0,0
upi://pay?pa=support37@refund-upi&pn=Refund%20Team&cu=INR&tn=lottery,support37@refund-upi,0,2.948,0.222,9,0,0.0,1,1
upi://pay?pa=cashback8@refund-upi&pn=Prize%20Center&cu=INR&tn=winner,cashback8@refund-upi,0,2.725,0.111,9,0,0.0,1,1
upi://pay?pa=phcnpe472@apl&pn=Verify%20Account&cu=INR&am=2.66&tn=cashback,phcnpe472@apl,1,2.948,0.333,9,1,2.66,1,1
upi://pay?pa=g95k0gh1ix2ajgz3@okaxis&pn=Cashback%20Desk&cu=INR&am=3.87&tn=reward,g95k0gh1ix2ajgz3@okaxis,1,3.703,0.375,16,1,3.87,1,1
upi://pay?pa=merchant.2619@jio&pn=Sharma%20Kirana%20Store&cu=INR,merchant.2619@jio,1,3.7,0.308,13,0,0.0,0,0
upi://pay?pa=merchant.6424@idfcbank&pn=Priya%20Singh&cu=INR&am=3118.05,merchant.6424@idfcbank,1,3.547,0.308,13,1,3118.05,0,0
upi://pay?pa=cashback44@refund-upi&pn=KYC%20Support&cu=INR&tn=kyc,cashback44@refund-upi,0,2.722,0.2,10,0,0.0,1,1
upi://pay?pa=3872290774@apl&pn=Verify%20Account&cu=INR&tn=blocked,3872290774@apl,1,2.646,1.0,10,0,0.0,1,1
upi://pay?pa=9039780365@apl&pn=Rahul%20Sharma&cu=INR,9039780365@apl,1,2.722,1.0,10,0,0.0,0,0
upi://pay?pa=merchant.9054@hdfcbank&pn=Om%20Traders&cu=INR&am=101.39,merchant.9054@hdfcbank,1,3.7,0.308,13,1,101.39,0,0
upi://pay?pa=rhq1fnttuys@okicici&pn=Refund%20Team&cu=INR&am=2.83&tn=blocked,rhq1fnttuys@okicici,1,3.278,0.091,11,1,2.83,1,1
upi://pay?pa=support82@refund-upi&pn=Cashback%20Desk&cu=INR&tn=urgent,support82@refund-upi,0,2.948,0.222,9,0,0.0,1,1
upi://pay?pa=vendor.shop@axl&pn=City%20Cafe&cu=INR,vendor.shop@axl,1,3.278,0.0,11,0,0.0,0,0
upi://pay?pa=7816803306@ybl&pn=Rahul%20Sharma&cu=INR&am=4787.44,7816803306@ybl,1,2.522,1.0,10,1,4787.44,0,0
upi://pay?pa=refund80@refund-upi&pn=KYC%20Support&cu=INR,refund80@refund-upi,0,3.0,0.25,8,0,0.0,0,1
upi://pay?pa=7272316134@kotak&pn=Rahul%20Sharma&cu=INR&am=432.32,7272316134@kotak,1,2.522,1.0,10,1,432.32,0,0
upi://pay?pa=sunita.devi@paytm&pn=Om%20Traders&cu=INR,sunita.devi@paytm,1,3.278,0.0,11,0,0.0,0,0
upi://pay?pa=refund3@secure-pay&pn=Verify%20Account&cu=INR&tn=reward,refund3@secure-pay,0,2.807,0.143,7,0,0.0,1,1
upi://pay?pa=merchant.8156@axl&pn=Sharma%20Kirana%20Store&cu=INR,merchant.8156@axl,1,3.7,0.308,13,0,0.0,0,0
upi://pay?pa=kyc-team6@secure-pay&pn=Verify%20Account&cu=INR&tn=reward,kyc-team6@secure-pay,0,3.17,0.111,9,0,0.0,1,1
upi://pay?pa=908687745@kotak&pn=Refund%20Team&cu=INR&am=4.32&tn=cashback,908687745@kotak,1,2.725,1.0,9,1,4.32,1,1
upi://pay?pa=ahrx0d9y9b1yp@hdfcbank&pn=Refund%20Team&cu=INR&am=4.82&tn=verify-now,ahrx0d9y9b1yp@hdfcbank,1,3.393,0.308,13,1,4.82,1,1
upi://pay?pa=amit.kumar@jio&pn=Sharma%20Kirana%20Store&cu=INR&am=859.2,amit.kumar@jio,1,2.922,0.0,10,1,859.2,0,0
upi://pay?pa=sunita.devi@ibl&pn=Green%20Grocers&cu=INR,sunita.devi@ibl,1,3.278,0.0,11,0,0.0,0,0
upi://pay?pa=merchant.135@okicici&pn=Auto%20Rickshaw%20Stand&cu=INR&am=1788.59,merchant.135@okicici,1,3.585,0.25,12,1,1788.59,0,0
upi://pay?pa=931zvw07tt4lhbal@okicici&pn=KYC%20Support&cu=INR&tn=kyc,931zvw07tt4lhbal@okicici,1,3.75,0.375,16,0,0.0,1,1
upi://pay?pa=7973065509@okhdfcbank&pn=City%20Cafe&cu=INR,7973065509@okhdfcbank,1,2.522,1.0,10,0,0.0,0,0
upi://pay?pa=merchant.7308@jio&pn=Sharma%20Kirana%20Store&cu=INR,merchant.7308@jio,1,3.7,0.308,13,0,0.0,0,0
upi://pay?pa=kyc-team99@pay-verify&pn=Verify%20Account&cu=INR,kyc-team99@pay-verify,0,3.122,0.2,10,0,0.0,0,1
upi://pay?pa=lyvro5x1d3pydro@okhdfcbank&pn=Verify%20Account&cu=INR&tn=urgent,lyvro5x1d3pydro@okhdfcbank,1,3.374,0.2,15,0,0.0,1,1
upi://pay?pa=1506477875@okhdfcbank&pn=Prize%20Center&cu=INR&tn=cashback,1506477875@okhdfcbank,1,2.646,1.0,10,0,0.0,1,1
upi://pay?pa=phcnpe953@hdfcbank&pn=Refund%20Team&cu=INR&tn=suspend,phcnpe953@hdfcbank,1,2.948,0.333,9,0,0.0,1,1
upi://pay?pa=vendor.shop@apl&pn=Sharma%20Kirana%20Store&cu=INR,vendor.shop@apl,1,3.278,0.0,11,0,0.0,0,0
upi://pay?pa=6184688982@apl&pn=Priya%20Singh&cu=INR,6184688982@apl,1,2.322,1.0,10,0,0.0,0,0
upi://pay?pa=phcnpe468@idfcbank&pn=Prize%20Center&cu=INR&am=4.23&tn=urgent,phcnpe468@idfcbank,1,2.948,0.333,9,1,4.23,1,1
upi://pay?pa=merchant.9648@oksbi&pn=Om%20Traders&cu=INR,merchant.9648@oksbi,1,3.7,0.308,13,0,0.0,0,0
upi://pay?pa=8872066436@oksbi&pn=Green%20Grocers&cu=INR,8872066436@oksbi,1,2.646,1.0,10,0,0.0,0,0
upi://pay?pa=merchant.5150@oksbi&pn=Rahul%20Sharma&cu=INR&am=4291.94,merchant.5150@oksbi,1,3.547,0.308,13,1,4291.94,0,0
upi://pay?pa=6151693971@idfcbank&pn=Green%20Grocers&cu=INR&am=3546.18,6151693971@idfcbank,1,2.446,1.0,10,1,3546.18,0,0
upi://pay?pa=priya123@ibl&pn=Green%20Grocers&cu=INR,priya123@ibl,1,3.0,0.375,8,0,0.0,0,0
upi://pay?pa=8853978147@idfcbank&pn=Sharma%20Kirana%20Store&cu=INR,8853978147@idfcbank,1,2.646,1.0,10,0,0.0,0,0
upi://pay?pa=paytrn137@hdfcbank&pn=Prize%20Center&cu=INR&tn=lottery,paytrn137@hdfcbank,1,3.17,0.333,9,0,0.0,1,1
upi://pay?pa=vendor.shop@kotak&pn=Green%20Grocers&cu=INR,vendor.shop@kotak,1,3.278,0.0,11,0,0.0,0,0
upi://pay?pa=8698511953@okicici&pn=Auto%20Rickshaw%20Stand&cu=INR,8698511953@okicici,1,2.522,1.0,10,0,0.0,0,0
upi://pay?pa=lqdz1gglcr5p8aa@oksbi&pn=Verify%20Account&cu=INR&am=2.06&tn=cashback,lqdz1gglcr5p8aa@oksbi,1,3.507,0.2,15,1,2.06,1,1
upi://pay?pa=priya123@okhdfcbank&pn=Green%20Grocers&cu=INR&am=1245.94,priya123@okhdfcbank,1,3.0,0.375,8,1,1245.94,0,0
upi://pay?pa=6336923353@ybl&pn=City%20Cafe&cu=INR&am=4562.01,6336923353@ybl,1,1.961,1.0,10,1,4562.01,0,0
upi://pay?pa=6153x7s445y4ts63@okaxis&pn=Refund%20Team&cu=INR&tn=reward,6153x7s445y4ts63@okaxis,1,3.203,0.688,16,0,0.0,1,1
upi://pay?pa=merchant.2152@hdfcbank&pn=Green%20Grocers&cu=INR,merchant.2152@hdfcbank,1,3.547,0.308,13,0,0.0,0,0
upi://pay?pa=amit.kumar@ibl&pn=City%20Cafe&cu=INR,amit.kumar@ibl,1,2.922,0.0,10,0,0.0,0,0
upi://pay?pa=2023344082@hdfcbank&pn=Refund%20Team&cu=INR&tn=kyc,2023344082@hdfcbank,1,2.246,1.0,10,0,0.0,1,1
upi://pay?pa=8550399650@idfcbank&pn=Om%20Traders&cu=INR,8550399650@idfcbank,1,2.446,1.0,10,0,0.0,0,0
upi://pay?pa=sunita.devi@jio&pn=Om%20Traders&cu=INR&am=2933.19,sunita.devi@jio,1,3.278,0.0,11,1,2933.19,0,0
upi://pay?pa=9863329536@hdfcbank&pn=Sharma%20Kirana%20Store&cu=INR,9863329536@hdfcbank,1,2.446,1.0,10,0,0.0,0,0
upi://pay?pa=refund6@pay-verify&pn=Cashback%20Desk&cu=INR&tn=winner,refund6@pay-verify,0,2.807,0.143,7,0,0.0,1,1
upi://pay?pa=i36n4a0mcq5hc@okicici&pn=Refund%20Team&cu=INR&am=3.55&tn=blocked,i36n4a0mcq5hc@okicici,1,3.547,0.385,13,1,3.55,1,1
upi://pay?pa=4273403517@okhdfcbank&pn=Verify%20Account&cu=INR&tn=lottery,4273403517@okhdfcbank,1,2.722,1.0,10,0,0.0,1,1
upi://pay?pa=650018534@upi&pn=Cashback%20Desk&cu=INR&tn=lottery,650018534@upi,1,2.725,1.0,9,0,0.0,1,1
upi://pay?pa=9433502706@ybl&pn=Prize%20Center&cu=INR,9433502706@ybl,1,2.922,1.0,10,0,0.0,0,1
upi://pay?pa=det4kerz1v8r@apl&pn=Cashback%20Desk&cu=INR&tn=urgent,det4kerz1v8r@apl,1,3.252,0.25,12,0,0.0,1,1
upi://pay?pa=amit.kumar@paytm&pn=City%20Cafe&cu=INR,amit.kumar@paytm,1,2.922,0.0,10,0,0.0,0,0
upi://pay?pa=paytrn281@jio&pn=Refund%20Team&cu=INR&tn=cashback,paytrn281@jio,1,3.17,0.333,9,0,0.0,1,1
upi://pay?pa=8173085046@oksbi&pn=Rahul%20Sharma&cu=INR,8173085046@oksbi,1,2.922,1.0,10,0,0.0,0,0
upi://pay?pa=refund28@xn--upi&pn=KYC%20Support&cu=INR&tn=cashback,refund28@xn--upi,0,3.0,0.25,8,0,0.0,1,1
upi://pay?pa=merchant.1572@okaxis&pn=Green%20Grocers&cu=INR,merchant.1572@okaxis,1,3.7,0.308,13,0,0.0,0,0
upi://pay?pa=xhmk0ufucguw0v@idfcbank&pn=KYC%20Support&cu=INR&tn=cashback,xhmk0ufucguw0v@idfcbank,1,3.325,0.143,14,0,0.0,1,1
upi://pay?pa=8505131607@oksbi&pn=Prize%20Center&cu=INR&am=2.19&tn=winner,8505131607@oksbi,1,2.722,1.0,10,1,2.19,1,1
upi://pay?pa=6226576901@okaxis&pn=Prize%20Center&cu=INR&tn=suspend,6226576901@okaxis,1,2.646,1.0,10,0,0.0,1,1
upi://pay?pa=7696342525@apl&pn=Green%20Grocers&cu=INR,7696342525@apl,1,2.722,1.0,10,0,0.0,0,0
upi://pay?pa=support84@refund-upi&pn=Cashback%20Desk&cu=INR&am=2.0&tn=blocked,support84@refund-upi,0,2.948,0.222,9,1,2.0,1,1
upi://pay?pa=zrhttqayiiy2s53@idfcbank&pn=Refund%20Team&cu=INR&tn=verify-now,zrhttqayiiy2s53@idfcbank,1,3.507,0.2,15,0,0.0,1,1
upi://pay?pa=7937034431@hdfcbank&pn=Green%20Grocers&cu=INR,7937034431@hdfcbank,1,2.446,1.0,10,0,0.0,0,0
upi://pay?pa=paytrn493@okicici&pn=Cashback%20Desk&cu=INR&tn=kyc,paytrn493@okicici,1,3.17,0.333,9,0,0.0,1,1
upi://pay?pa=8984820893@idfcbank&pn=Rahul%20Sharma&cu=INR&am=2465.22,8984820893@idfcbank,1,2.322,1.0,10,1,2465.22,0,0
upi://pay?pa=ejam4rcersw2@upi&pn=Verify%20Account&cu=INR&tn=urgent,ejam4rcersw2@upi,1,3.252,0.167,12,0,0.0,1,1
upi://pay?pa=cashback2@xn--upi&pn=Cashback%20Desk&cu=INR&tn=suspend,cashback2@xn--upi,0,2.725,0.111,9,0,0.0,1,1
upi://pay?pa=7156581143@oksbi&pn=Sharma%20Kirana%20Store&cu=INR&am=1605.32,7156581143@oksbi,1,2.646,1.0,10,1,1605.32,0,0
upi://pay?pa=priya123@oksbi&pn=Priya%20Singh&cu=INR,priya123@oksbi,1,3.0,0.375,8,0,0.0,0,0
upi://pay?pa=7878640690@apl&pn=Cashback%20Desk&cu=INR&am=2.28&tn=reward,7878640690@apl,1,2.522,1.0,10,1,2.28,1,1
upi://pay?pa=merchant.970@ibl&pn=Om%20Traders&cu=INR,merchant.970@ibl,1,3.585,0.25,12,0,0.0,0,0
upi://pay?pa=y6beg22418i3w@apl&pn=Cashback%20Desk&cu=INR&am=1.76&tn=blocked,y6beg22418i3w@apl,1,3.547,0.538,13,1,1.76,1,1
upi://pay?pa=cashback12@refund-upi&pn=KYC%20Support&cu=INR&tn=cashback,cashback12@refund-upi,0,2.922,0.2,10,0,0.0,1,1
upi://pay?pa=rahul.sharma@hdfcbank&pn=Priya%20Singh&cu=INR,rahul.sharma@hdfcbank,1,2.855,0.0,12,0,0.0,0,0
upi://pay?pa=goog1e-pay109@ibl&pn=Verify%20Account&cu=INR&tn=refund,goog1e-pay109@ibl,1,3.239,0.308,13,0,0.0,1,1
upi://pay?pa=7843934986@kotak&pn=Auto%20Rickshaw%20Stand&cu=INR,7843934986@kotak,1,2.522,1.0,10,0,0.0,0,0
upi://pay?pa=support22@kyc-update&pn=Refund%20Team&cu=INR&am=1.09&tn=reward,support22@kyc-update,0,2.725,0.222,9,1,1.09,1,1
upi://pay?pa=8241150197@idfcbank&pn=Verify%20Account&cu=INR&tn=verify-now,8241150197@idfcbank,1,2.846,1.0,10,0,0.0,1,1
upi://pay?pa=amit.kumar@okicici&pn=City%20Cafe&cu=INR,amit.kumar@okicici,1,2.922,0.0,10,0,0.0,0,0
upi://pay?pa=merchant.2268@ibl&pn=Om%20Traders&cu=INR&am=2488.83,merchant.2268@ibl,1,3.547,0.308,13,1,2488.83,0,0
upi://pay?pa=rahul.sharma@okhdfcbank&pn=City%20Cafe&cu=INR,rahul.sharma@okhdfcbank,1,2.855,0.0,12,0,0.0,0,0
upi://pay?pa=vim1xzftryc9u@okaxis&pn=Refund%20Team&cu=INR,vim1xzftryc9u@okaxis,1,3.7,0.154,13,0,0.0,0,1
upi://pay?pa=8179693243@jio&pn=Auto%20Rickshaw%20Stand&cu=INR&am=636.59,8179693243@jio,1,2.922,1.0,10,1,636.59,0,0
upi://pay?pa=00mf9awrzvzz@okhdfcbank&pn=Cashback%20Desk&cu=INR&tn=cashback,00mf9awrzvzz@okhdfcbank,1,3.022,0.25,12,0,0.0,1,1
upi://pay?pa=support9@kyc-update&pn=Cashback%20Desk&cu=INR&tn=cashback,support9@kyc-update,0,2.75,0.125,8,0,0.0,1,1
upi://pay?pa=rahul.sharma@oksbi&pn=Om%20Traders&cu=INR,rahul.sharma@oksbi,1,2.855,0.0,12,0,0.0,0,0
upi://pay?pa=paytrn515@hdfcbank&pn=Verify%20Account&cu=INR&am=2.54&tn=suspend,paytrn515@hdfcbank,1,2.948,0.333,9,1,2.54,1,1
upi://pay?pa=merchant.221@okhdfcbank&pn=Priya%20Singh&cu=INR,merchant.221@okhdfcbank,1,3.418,0.25,12,0,0.0,0,0
upi://pay?pa=merchant.7163@paytm&pn=Auto%20Rickshaw%20Stand&cu=INR,merchant.7163@paytm,1,3.7,0.308,13,0,0.0,0,0
upi://pay?pa=vendor.shop@okhdfcbank&pn=Om%20Traders&cu=INR&am=936.56,vendor.shop@okhdfcbank,1,3.278,0.0,11,1,936.56,0,0
upi://pay?pa=ivw947xkjq6x5@ybl&pn=Cashback%20Desk&cu=INR&tn=blocked,ivw947xkjq6x5@ybl,1,3.547,0.385,13,0,0.0,1,1
upi://pay?pa=paytrn840@jio&pn=KYC%20Support&cu=INR&tn=suspend,paytrn840@jio,1,3.17,0.333,9,0,0.0,1,1
upi://pay?pa=5288509284@apl&pn=Cashback%20Desk&cu=INR&tn=verify-now,5288509284@apl,1,2.446,1.0,10,0,0.0,1,1
upi://pay?pa=phcnpe737@ibl&pn=KYC%20Support&cu=INR&am=2.35&tn=verify-now,phcnpe737@ibl,1,2.725,0.333,9,1,2.35,1,1
upi://pay?pa=2410913504@ibl&pn=Verify%20Account&cu=INR,2410913504@ibl,1,2.722,1.0,10,0,0.0,0,1
upi://pay?pa=cashback76@xn--upi&pn=Verify%20Account&cu=INR&tn=verify-now,cashback76@xn--upi,0,2.922,0.2,10,0,0.0,1,1
upi://pay?pa=7609391287@jio&pn=Om%20Traders&cu=INR,7609391287@jio,1,2.922,1.0,10,0,0.0,0,0
upi://pay?pa=y7qfuj7vlsgo7f0b@paytm&pn=Prize%20Center&cu=INR&am=4.94,y7qfuj7vlsgo7f0b@paytm,1,3.578,0.25,16,1,4.94,0,1
upi://pay?pa=6705769131@kotak&pn=Om%20Traders&cu=INR,6705769131@kotak,1,2.722,1.0,10,0,0.0,0,0
upi://pay?pa=3620753003@oksbi&pn=Cashback%20Desk&cu=INR&tn=winner,3620753003@oksbi,1,2.371,1.0,10,0,0.0,1,1
upi://pay?pa=merchant.2519@hdfcbank&pn=City%20Cafe&cu=INR,merchant.2519@hdfcbank,1,3.7,0.308,13,0,0.0,0,0
upi://pay?pa=ykr9j94u9j@paytm&pn=Refund%20Team&cu=INR&tn=kyc,ykr9j94u9j@paytm,1,2.646,0.4,10,0,0.0,1,1
upi://pay?pa=9254357648@ibl&pn=Om%20Traders&cu=INR&am=1967.49,9254357648@ibl,1,2.922,1.0,10,1,1967.49,0,0
upi://pay?pa=8043658319@ibl&pn=Rahul%20Sharma&cu=INR,8043658319@ibl,1,2.922,1.0,10,0,0.0,0,0
upi://pay?pa=support25@pay-verify&pn=Prize%20Center&cu=INR&am=1.68&tn=lottery,support25@pay-verify,0,2.948,0.222,9,1,1.68,1,1
upi://pay?pa=8469205576@axl&pn=Sharma%20Kirana%20Store&cu=INR,8469205576@axl,1,2.922,1.0,10,0,0.0,0,0
upi://pay?pa=merchant.3826@jio&pn=Om%20Traders&cu=INR,merchant.3826@jio,1,3.7,0.308,13,0,0.0,0,0
upi://pay?pa=phcnpe737@oksbi&pn=Refund%20Team&cu=INR&tn=urgent,phcnpe737@oksbi,1,2.725,0.333,9,0,0.0,1,1
upi://pay?pa=8192162797@oksbi&pn=Refund%20Team&cu=INR&tn=urgent,8192162797@oksbi,1,2.522,1.0,10,0,0.0,1,1
upi://pay?pa=7954142612@jio&pn=Om%20Traders&cu=INR,7954142612@jio,1,2.722,1.0,10,0,0.0,0,0
upi://pay?pa=merchant.8680@upi&pn=Om%20Traders&cu=INR&am=2816.2,merchant.8680@upi,1,3.547,0.308,13,1,2816.2,0,0
upi://pay?pa=kyc-team24@secure-pay&pn=Refund%20Team&cu=INR&am=1.34&tn=blocked,kyc-team24@secure-pay,0,3.322,0.2,10,1,1.34,1,1
upi://pay?pa=sunita.devi@upi&pn=Green%20Grocers&cu=INR,sunita.devi@upi,1,3.278,0.0,11,0,0.0,0,0
upi://pay?pa=support96@kyc-update&pn=Cashback%20Desk&cu=INR&tn=blocked,support96@kyc-update,0,2.948,0.222,9,0,0.0,1,1
upi://pay?pa=7885318861@okhdfcbank&pn=Auto%20Rickshaw%20Stand&cu=INR&am=3996.38,7885318861@okhdfcbank,1,2.322,1.0,10,1,3996.38,0,0
upi://pay?pa=u3db8acr2l6b@okhdfcbank&pn=Prize%20Center&cu=INR&am=2.97&tn=urgent,u3db8acr2l6b@okhdfcbank,1,3.418,0.333,12,1,2.97,1,1
upi://pay?pa=amit.kumar@okhdfcbank&pn=Auto%20Rickshaw%20Stand&cu=INR,amit.kumar@okhdfcbank,1,2.922,0.0,10,0,0.0,0,0
upi://pay?pa=lf52p9i13uylpeo@jio&pn=Cashback%20Desk&cu=INR&am=3.67&tn=verify-now,lf52p9i13uylpeo@jio,1,3.64,0.333,15,1,3.67,1,1
upi://pay?pa=cashback76@secure-pay&pn=Prize%20Center&cu=INR&tn=cashback,cashback76@secure-pay,0,2.922,0.2,10,0,0.0,1,1
upi://pay?pa=o7nl3gih9nc2@kotak&pn=Cashback%20Desk&cu=INR&tn=winner,o7nl3gih9nc2@kotak,1,3.418,0.333,12,0,0.0,1,1
upi://pay?pa=merchant.2102@ibl&pn=Om%20Traders&cu=INR&am=1780.92,merchant.2102@ibl,1,3.547,0.308,13,1,1780.92,0,0
upi://pay?pa=priya123@idfcbank&pn=Green%20Grocers&cu=INR&am=2721.61,priya123@idfcbank,1,3.0,0.375,8,1,2721.61,0,0
upi://pay?pa=cznb6g3qyxpyb@axl&pn=Prize%20Center&cu=INR&tn=urgent,cznb6g3qyxpyb@axl,1,3.393,0.154,13,0,0.0,1,1
upi://pay?pa=238576208@idfcbank&pn=Refund%20Team&cu=INR&am=3.29&tn=lottery,238576208@idfcbank,1,2.725,1.0,9,1,3.29,1,1
upi://pay?pa=rahul.sharma@okaxis&pn=Green%20Grocers&cu=INR&am=4250.27,rahul.sharma@okaxis,1,2.855,0.0,12,1,4250.27,0,0
upi://pay?pa=merchant.8822@jio&pn=Rahul%20Sharma&cu=INR,merchant.8822@jio,1,3.393,0.308,13,0,0.0,0,0
upi://pay?pa=8001717118@hdfcbank&pn=Verify%20Account&cu=INR&tn=refund,8001717118@hdfcbank,1,1.922,1.0,10,0,0.0,1,1
upi://pay?pa=6828779668@idfcbank&pn=Sharma%20Kirana%20Store&cu=INR,6828779668@idfcbank,1,2.171,1.0,10,0,0.0,0,0
upi://pay?pa=paytrn676@idfcbank&pn=Cashback%20Desk&cu=INR&am=1.44&tn=refund,paytrn676@idfcbank,1,2.948,0.333,9,1,1.44,1,1
upi://pay?pa=6825873196@upi&pn=Rahul%20Sharma&cu=INR&am=366.38,6825873196@upi,1,2.922,1.0,10,1,366.38,0,0
upi://pay?pa=kyc-team51@secure-pay&pn=KYC%20Support&cu=INR&tn=urgent,kyc-team51@secure-pay,0,3.322,0.2,10,0,0.0,1,1
upi://pay?pa=1603397132@okhdfcbank&pn=KYC%20Support&cu=INR&tn=verify-now,1603397132@okhdfcbank,1,2.646,1.0,10,0,0.0,1,1
upi://pay?pa=vendor.shop@upi&pn=Green%20Grocers&cu=INR,vendor.shop@upi,1,3.278,0.0,11,0,0.0,0,0
upi://pay?pa=merchant.7659@jio&pn=Om%20Traders&cu=INR,merchant.7659@jio,1,3.7,0.308,13,0,0.0,0,0
upi://pay?pa=phcnpe906@ibl&pn=Cashback%20Desk&cu=INR&am=2.61&tn=urgent,phcnpe906@ibl,1,2.948,0.333,9,1,2.61,1,1
upi://pay?pa=merchant.302@kotak&pn=Sharma%20Kirana%20Store&cu=INR&am=1548.34,merchant.302@kotak,1,3.585,0.25,12,1,1548.34,0,0
upi://pay?pa=kyc-team6@pay-verify&pn=Refund%20Team&cu=INR&tn=kyc,kyc-team6@pay-verify,0,3.17,0.111,9,0,0.0,1,1
upi://pay?pa=wpd8z1qxfiaetni@kotak&pn=Verify%20Account&cu=INR&tn=reward,wpd8z1qxfiaetni@kotak,1,3.774,0.133,15,0,0.0,1,1
upi://pay?pa=w8n57ple0ewrjiw@ibl&pn=Cashback%20Desk&cu=INR,w8n57ple0ewrjiw@ibl,1,3.457,0.267,15,0,0.0,0,1
upi://pay?pa=merchant.7283@okicici&pn=Priya%20Singh&cu=INR&am=1470.83,merchant.7283@okicici,1,3.7,0.308,13,1,1470.83,0,0
upi://pay?pa=paytrn904@kotak&pn=Verify%20Account&cu=INR&am=1.62&tn=lottery,paytrn904@kotak,1,3.17,0.333,9,1,1.62,1,1
upi://pay?pa=5prl1jrwswa2b@okaxis&pn=Refund%20Team&cu=INR,5prl1jrwswa2b@okaxis,1,3.393,0.231,13,0,0.0,0,1
upi://pay?pa=refund3@xn--upi&pn=Cashback%20Desk&cu=INR&tn=blocked,refund3@xn--upi,0,2.807,0.143,7,0,0.0,1,1
upi://pay?pa=amit.kumar@ibl&pn=Rahul%20Sharma&cu=INR,amit.kumar@ibl,1,2.922,0.0,10,0,0.0,0,0
upi://pay?pa=support72@xn--upi&pn=KYC%20Support&cu=INR&tn=verify-now,support72@xn--upi,0,2.948,0.222,9,0,0.0,1,1
upi://pay?pa=cashback56@refund-upi&pn=KYC%20Support&cu=INR&am=4.64&tn=suspend,cashback56@refund-upi,0,2.922,0.2,10,1,4.64,1,1
upi://pay?pa=hnqqa4p29xb4o6@axl&pn=Verify%20Account&cu=INR&tn=winner,hnqqa4p29xb4o6@axl,1,3.522,0.357,14,0,0.0,1,1
upi://pay?pa=merchant.4321@ybl&pn=Sharma%20Kirana%20Store&cu=INR&am=4123.86,merchant.4321@ybl,1,3.7,0.308,13,1,4123.86,0,0
upi://pay?pa=g90mx7accdzzc5a8@apl&pn=Cashback%20Desk&cu=INR&am=2.22&tn=refund,g90mx7accdzzc5a8@apl,1,3.453,0.312,16,1,2.22,1,1
upi://pay?pa=rahul.sharma@axl&pn=Auto%20Rickshaw%20Stand&cu=INR,rahul.sharma@axl,1,2.855,0.0,12,0,0.0,0,0
upi://pay?pa=6962325570@ybl&pn=Cashback%20Desk&cu=INR&am=3.18&tn=blocked,6962325570@ybl,1,2.722,1.0,10,1,3.18,1,1
upi://pay?pa=merchant.6628@okaxis&pn=Rahul%20Sharma&cu=INR,merchant.6628@okaxis,1,3.547,0.308,13,0,0.0,0,0
upi://pay?pa=6387150891@hdfcbank&pn=Rahul%20Sharma&cu=INR&am=415.78,6387150891@hdfcbank,1,2.922,1.0,10,1,415.78,0,0
upi://pay?pa=sunita.devi@upi&pn=Priya%20Singh&cu=INR,sunita.devi@upi,1,3.278,0.0,11,0,0.0,0,0
upi://pay?pa=merchant.2397@okhdfcbank&pn=Rahul%20Sharma&cu=INR,merchant.2397@okhdfcbank,1,3.7,0.308,13,0,0.0,0,0
upi://pay?pa=rahul.sharma@ybl&pn=Rahul%20Sharma&cu=INR&am=2191.57,rahul.sharma@ybl,1,2.855,0.0,12,1,2191.57,0,0
upi://pay?pa=wf52cdrxu943@hdfcbank&pn=Cashback%20Desk&cu=INR&tn=blocked,wf52cdrxu943@hdfcbank,1,3.585,0.417,12,0,0.0,1,1
upi://pay?pa=priya123@idfcbank&pn=City%20Cafe&cu=INR&am=3694.55,priya123@idfcbank,1,3.0,0.375,8,1,3694.55,0,0
upi://pay?pa=8728771596@idfcbank&pn=City%20Cafe&cu=INR&am=185.34,8728771596@idfcbank,1,2.646,1.0,10,1,185.34,0,0
upi://pay?pa=paytrn97@jio&pn=Prize%20Center&cu=INR&tn=reward,paytrn97@jio,1,3.0,0.25,8,0,0.0,1,1
upi://pay?pa=kyc-team13@xn--upi&pn=Verify%20Account&cu=INR&tn=reward,kyc-team13@xn--upi,0,3.322,0.2,10,0,0.0,1,1
upi://pay?pa=sunita.devi@okhdfcbank&pn=Auto%20Rickshaw%20Stand&cu=INR,sunita.devi@okhdfcbank,1,3.278,0.0,11,0,0.0,0,0
upi://pay?pa=7358856601@okhdfcbank&pn=Priya%20Singh&cu=INR,7358856601@okhdfcbank,1,2.722,1.0,10,0,0.0,0,0
upi://pay?pa=4516406044@okaxis&pn=KYC%20Support&cu=INR&tn=suspend,4516406044@okaxis,1,2.122,1.0,10,0,0.0,1,1
upi://pay?pa=merchant.470@oksbi&pn=Priya%20Singh&cu=INR,merchant.470@oksbi,1,3.585,0.25,12,0,0.0,0,0
upi://pay?pa=3j5h4l1m3tf@paytm&pn=Refund%20Team&cu=INR&am=3.77&tn=verify-now,3j5h4l1m3tf@paytm,1,3.278,0.455,11,1,3.77,1,1
upi://pay?pa=yobg0iuz948p@upi&pn=Refund%20Team&cu=INR&am=1.73&tn=reward,yobg0iuz948p@upi,1,3.585,0.333,12,1,1.73,1,1
upi://pay?pa=merchant.6417@kotak&pn=Om%20Traders&cu=INR,merchant.6417@kotak,1,3.7,0.308,13,0,0.0,0,0
upi://pay?pa=9775601223@paytm&pn=Auto%20Rickshaw%20Stand&cu=INR,9775601223@paytm,1,2.922,1.0,10,0,0.0,0,0
upi://pay?pa=7536063229@jio&pn=Om%20Traders&cu=INR,7536063229@jio,1,2.722,1.0,10,0,0.0,0,0
upi://pay?pa=priya123@axl&pn=Green%20Grocers&cu=INR,priya123@axl,1,3.0,0.375,8,0,0.0,0,0
upi://pay?pa=8i44ivndrcb@kotak&pn=KYC%20Support&cu=INR&tn=lottery,8i44ivndrcb@kotak,1,3.096,0.273,11,0,0.0,1,1
upi://pay?pa=9287444025@okhdfcbank&pn=City%20Cafe&cu=INR,9287444025@okhdfcbank,1,2.646,1.0,10,0,0.0,0,0
upi://pay?pa=kyc-team47@xn--upi&pn=Cashback%20Desk&cu=INR&am=3.25&tn=verify-now,kyc-team47@xn--upi,0,3.322,0.2,10,1,3.25,1,1
upi://pay?pa=2216440590@oksbi&pn=KYC%20Support&cu=INR&tn=cashback,2216440590@oksbi,1,2.722,1.0,10,0,0.0,1,1
upi://pay?pa=merchant.8798@ibl&pn=Sharma%20Kirana%20Store&cu=INR,merchant.8798@ibl,1,3.547,0.308,13,0,0.0,0,0
upi://pay?pa=sunita.devi@upi&pn=Rahul%20Sharma&cu=INR,sunita.devi@upi,1,3.278,0.0,11,0,0.0,0,0
upi://pay?pa=2923155559@jio&pn=Prize%20Center&cu=INR,2923155559@jio,1,2.122,1.0,10,0,0.0,0,1
upi://pay?pa=vendor.shop@idfcbank&pn=Om%20Traders&cu=INR,vendor.shop@idfcbank,1,3.278,0.0,11,0,0.0,0,0
upi://pay?pa=merchant.739@upi&pn=Priya%20Singh&cu=INR,merchant.739@upi,1,3.585,0.25,12,0,0.0,0,0
upi://pay?pa=7860892187@upi&pn=Prize%20Center&cu=INR,7860892187@upi,1,2.646,1.0,10,0,0.0,0,1
upi://pay?pa=merchant.812@kotak&pn=Rahul%20Sharma&cu=INR,merchant.812@kotak,1,3.585,0.25,12,0,0.0,0,0
upi://pay?pa=support54@pay-verify&pn=Prize%20Center&cu=INR&tn=reward,support54@pay-verify,0,2.948,0.222,9,0,0.0,1,1
upi://pay?pa=7454815436@jio&pn=Om%20Traders&cu=INR,7454815436@jio,1,2.646,1.0,10,0,0.0,0,0
upi://pay?pa=bnkafpcxede4na@okaxis&pn=Refund%20Team&cu=INR&tn=suspend,bnkafpcxede4na@okaxis,1,3.379,0.071,14,0,0.0,1,1
upi://pay?pa=priya123@oksbi&pn=City%20Cafe&cu=INR,priya123@oksbi,1,3.0,0.375,8,0,0.0,0,0
upi://pay?pa=support26@secure-pay&pn=KYC%20Support&cu=INR&tn=suspend,support26@secure-pay,0,2.948,0.222,9,0,0.0,1,1
upi://pay?pa=rahul.sharma@hdfcbank&pn=City%20Cafe&cu=INR,rahul.sharma@hdfcbank,1,2.855,0.0,12,0,0.0,0,0
upi://pay?pa=1b87t939a6spzd@kotak&pn=Cashback%20Desk&cu=INR&tn=lottery,1b87t939a6spzd@kotak,1,3.664,0.5,14,0,0.0,1,1
upi://pay?pa=merchant.8766@ybl&pn=Sharma%20Kirana%20Store&cu=INR&am=3345.96,merchant.8766@ybl,1,3.547,0.308,13,1,3345.96,0,0
upi://pay?pa=1163550744@ibl&pn=KYC%20Support&cu=INR,1163550744@ibl,1,2.722,1.0,10,0,0.0,0,1
upi://pay?pa=merchant.9348@okicici&pn=Rahul%20Sharma&cu=INR,merchant.9348@okicici,1,3.7,0.308,13,0,0.0,0,0
upi://pay?pa=kyc-team13@xn--upi&pn=Verify%20Account&cu=INR&am=4.52&tn=cashback,kyc-team13@xn--upi,0,3.322,0.2,10,1,4.52,1,1
upi://pay?pa=sunita.devi@oksbi&pn=Green%20Grocers&cu=INR,sunita.devi@oksbi,1,3.278,0.0,11,0,0.0,0,0
upi://pay?pa=7281072383@ibl&pn=Refund%20Team&cu=INR&am=2.9&tn=cashback,7281072383@ibl,1,2.522,1.0,10,1,2.9,1,1
upi://pay?pa=merchant.2639@paytm&pn=Om%20Traders&cu=INR,merchant.2639@paytm,1,3.7,0.308,13,0,0.0,0,0
upi://pay?pa=1072153743@okhdfcbank&pn=Refund%20Team&cu=INR&am=4.87&tn=blocked,1072153743@okhdfcbank,1,2.722,1.0,10,1,4.87,1,1
upi://pay?pa=goog1e-pay833@kotak&pn=Verify%20Account&cu=INR&tn=blocked,goog1e-pay833@kotak,1,3.239,0.308,13,0,0.0,1,1
upi://pay?pa=merchant.6110@hdfcbank&pn=Green%20Grocers&cu=INR,merchant.6110@hdfcbank,1,3.547,0.308,13,0,0.0,0,0
upi://pay?pa=rahul.sharma@axl&pn=Auto%20Rickshaw%20Stand&cu=INR&am=4889.33,rahul.sharma@axl,1,2.855,0.0,12,1,4889.33,0,0
upi://pay?pa=sunita.devi@oksbi&pn=City%20Cafe&cu=INR,sunita.devi@oksbi,1,3.278,0.0,11,0,0.0,0,0
upi://pay?pa=rahul.sharma@paytm&pn=City%20Cafe&cu=INR,rahul.sharma@paytm,1,2.855,0.0,12,0,0.0,0,0
upi://pay?pa=phcnpe46@okhdfcbank&pn=Verify%20Account&cu=INR,phcnpe46@okhdfcbank,1,2.75,0.25,8,0,0.0,0,1
upi://pay?pa=support58@secure-pay&pn=Cashback%20Desk&cu=INR&tn=cashback,support58@secure-pay,0,2.948,0.222,9,0,0.0,1,1
upi://pay?pa=8448211298@hdfcbank&pn=Prize%20Center&cu=INR&tn=refund,8448211298@hdfcbank,1,2.246,1.0,10,0,0.0,1,1
upi://pay?pa=merchant.1103@hdfcbank&pn=Om%20Traders&cu=INR,merchant.1103@hdfcbank,1,3.547,0.308,13,0,0.0,0,0
upi://pay?pa=9152484405@ybl&pn=Rahul%20Sharma&cu=INR,9152484405@ybl,1,2.646,1.0,10,0,0.0,0,0
upi://pay?pa=9354719481@apl&pn=City%20Cafe&cu=INR,9354719481@apl,1,2.722,1.0,10,0,0.0,0,0
upi://pay?pa=cashback4@xn--upi&pn=Prize%20Center&cu=INR&tn=urgent,cashback4@xn--upi,0,2.725,0.111,9,0,0.0,1,1
upi://pay?pa=8793715771@oksbi&pn=Auto%20Rickshaw%20Stand&cu=INR,8793715771@oksbi,1,2.322,1.0,10,0,0.0,0,0
upi://pay?pa=1112056807@axl&pn=Prize%20Center&cu=INR&am=2.75&tn=verify-now,1112056807@axl,1,2.646,1.0,10,1,2.75,1,1
upi://pay?pa=goog1e-pay248@ibl&pn=Verify%20Account&cu=INR&am=2.6&tn=blocked,goog1e-pay248@ibl,1,3.393,0.308,13,1,2.6,1,1
upi://pay?pa=paytrn595@jio&pn=Verify%20Account&cu=INR&tn=urgent,paytrn595@jio,1,2.948,0.333,9,0,0.0,1,1
upi://pay?pa=paytrn184@axl&pn=Verify%20Account&cu=INR&tn=winner,paytrn184@axl,1,3.17,0.333,9,0,0.0,1,1
upi://pay?pa=sunita.devi@apl&pn=City%20Cafe&cu=INR,sunita.devi@apl,1,3.278,0.0,11,0,0.0,0,0
upi://pay?pa=support29@xn--upi&pn=Verify%20Account&cu=INR&tn=urgent,support29@xn--upi,0,2.948,0.222,9,0,0.0,1,1
upi://pay?pa=3579315172@okicici&pn=Cashback%20Desk&cu=INR&tn=lottery,3579315172@okicici,1,2.522,1.0,10,0,0.0,1,1
upi://pay?pa=merchant.7033@kotak&pn=Om%20Traders&cu=INR,merchant.7033@kotak,1,3.547,0.308,13,0,0.0,0,0
upi://pay?pa=goog1e-pay972@ybl&pn=Refund%20Team&cu=INR&am=3.64&tn=suspend,goog1e-pay972@ybl,1,3.393,0.308,13,1,3.64,1,1
upi://pay?pa=support44@pay-verify&pn=Prize%20Center&cu=INR&tn=suspend,support44@pay-verify,0,2.725,0.222,9,0,0.0,1,1
